Fecha;Nemotecnico;Precio cierre;Precio maximo;Precio promedio ponderado;Precio minimo;Variacion absoluta;Variacion porcentual;Cantidad;Volumen
2025-01-02;ETB;74;;70,2;;;;31,522.00;2,212,770.00
2025-01-03;ETB;74;;70;;;;151,428.00;10,599,960.00
2025-01-07;ETB;74;;69,24;;;;103,380.00;7,157,903.00
2025-01-08;ETB;74;;67,98;;;;304,130.00;20,674,104.00
2025-01-09;ETB;74;;69,87;;;;254,720.00;17,797,724.00
2025-01-10;ETB;74;;69,35;;;;24,043.00;1,667,480.50
2025-01-13;ETB;74;;67,5;;;;16,869.00;1,138,647.00
2025-01-14;ETB;74;;70,82;;;;108,910.00;7,713,064.00
2025-01-15;ETB;74;;69,47;;;;76,751.00;5,331,582.50
2025-01-16;ETB;74;;68,81;;;;92,475.00;6,363,656.50
2025-01-17;ETB;74;;69,47;;;;95,450.00;6,630,841.00
2025-01-20;ETB;68;68;68,33;68;-6;-8,11;965,376.00;65,966,108.00
2025-01-21;ETB;68;;69,99;;;;71,750.00;5,021,750.00
2025-01-22;ETB;68;;65,07;;;;1,653,123.00;107,575,089.00
2025-01-23;ETB;68;;63,2;;;;8,028.00;507,330.00
2025-01-24;ETB;68;;65,09;;;;766,542.00;49,897,684.50
2025-01-27;ETB;68;;66;;;;15,164.00;1,000,824.00
2025-01-28;ETB;68;;60,27;;;;2,039,292.00;122,906,885.00
2025-01-29;ETB;68;;58,04;;;;748,751.00;43,454,391.00
2025-01-30;ETB;68;;58,96;;;;336,364.00;19,830,672.50
2025-01-31;ETB;68;;61,07;;;;213,085.00;13,012,200.00
2025-02-03;ETB;68;;58,11;;;;1,216,488.00;70,684,221.50
2025-02-04;ETB;68;;58,04;;;;471,403.00;27,361,627.50
2025-02-05;ETB;68;;59,6;;;;93,509.00;5,573,186.50
2025-02-06;ETB;68;;60,81;;;;20,658.00;1,256,167.00
2025-02-07;ETB;68;;57,77;;;;249,526.00;14,414,532.00
2025-02-10;ETB;68;;60,51;;;;31,767.00;1,922,370.50
2025-02-11;ETB;68;;57,86;;;;329,905.00;19,087,067.50
2025-02-12;ETB;68;;55,36;;;;871,658.00;48,254,957.00
2025-02-13;ETB;68;;58,21;;;;160,676.00;9,353,081.50
2025-02-14;ETB;;;55,02;;;;65,400.00;3,598,200.00
2025-02-17;ETB;68;;57,94;;;;130,471.00;7,558,983.50
2025-02-18;ETB;68;;54,34;;;;282,209.00;15,334,435.00
2025-02-19;ETB;68;;55,07;;;;805,039.00;44,330,248.00
2025-02-20;ETB;68;;50,74;;;;1,958,202.00;99,358,303.50
2025-02-21;ETB;68;;51,03;;;;1,701,102.00;86,801,797.00
2025-02-24;ETB;68;;55,78;;;;254,697.00;14,207,897.00
2025-02-25;ETB;68;;52,09;;;;258,164.00;13,447,938.00
2025-02-26;ETB;52;59;52,25;52;-16;-23,53;7,799,436.00;407,539,204.00
2025-02-27;ETB;59;59;56,41;55,5;7;13,46;5,255,317.00;296,435,428.00
2025-02-28;ETB;59;59;58,86;59;0;;1,340,540.00;78,904,324.00
2025-03-03;ETB;59;;58,15;;;;50,806.00;2,954,120.50
2025-03-04;ETB;59;;55,86;;;;322,864.00;18,034,413.00
2025-03-05;ETB;59;;55,39;;;;19,081.00;1,056,814.00
2025-03-06;ETB;55;55;55;55;-4;-6,78;1,081,077.00;59,460,735.00
2025-03-07;ETB;52;52,5;52,26;52;-3;-5,45;1,680,874.00;87,840,983.50
2025-03-10;ETB;52;52;52;52;0;;850,508.00;44,226,416.00
2025-03-11;ETB;52;;51,31;;;;178,383.00;9,152,270.00
2025-03-12;ETB;52;;54,12;;;;28,699.00;1,553,104.50
2025-03-13;ETB;52;;52,34;;;;106,292.00;5,563,361.00
2025-03-14;ETB;52;;52,18;;;;11,039.00;576,028.00
2025-03-17;ETB;52;;53;;;;19,300.00;1,022,900.00
2025-03-18;ETB;52;;52,04;;;;313,242.00;16,300,024.00
2025-03-19;ETB;52;;50,75;;;;14,911.00;756,756.00
2025-03-20;ETB;52;;51,22;;;;200,280.00;10,257,399.00
2025-03-21;ETB;52;;51,02;;;;33,493.00;1,708,650.00
2025-03-25;ETB;50;50;50,52;50;-2;-3,85;494,429.00;24,980,308.00
2025-03-26;ETB;50;;50;;;;167,539.00;8,376,950.00
2025-03-27;ETB;46,5;46,5;47,09;46,5;-3,5;-7;1,970,077.00;92,775,350.00
2025-03-28;ETB;46,5;;47,5;;;;29,477.00;1,400,157.50
2025-03-31;ETB;46,5;;47,5;;;;90,000.00;4,275,000.00
2025-04-01;ETB;51;51;50;51;4,5;9,68;518,746.00;25,935,906.00
2025-04-02;ETB;51;;49,5;;;;29,250.00;1,447,875.00
2025-04-03;ETB;51;;48,94;;;;361,605.00;17,695,197.00
2025-04-04;ETB;51;;49,02;;;;273,307.00;13,396,813.50
2025-04-07;ETB;51;;48,8;;;;43,232.00;2,109,724.00
2025-04-08;ETB;51;;47,29;;;;47,471.00;2,245,134.50
2025-04-09;ETB;51;;45,35;;;;47,749.00;2,165,417.50
2025-04-10;ETB;51;;49;;;;1,602.00;78,498.00
2025-04-11;ETB;51;;46,78;;;;245,960.00;11,505,470.20
2025-04-14;ETB;51;;48,39;;;;172,000.00;8,323,500.00
2025-04-15;ETB;51;;48,54;;;;88,872.00;4,313,992.20
2025-04-16;ETB;51;;47,98;;;;102,802.00;4,932,298.00
2025-04-21;ETB;51;;47,05;;;;194,192.00;9,135,908.00
2025-04-22;ETB;51;;48,29;;;;75,154.00;3,629,161.90
2025-04-23;ETB;51;;47,97;;;;152,242.00;7,303,468.00
2025-04-24;ETB;51;;48,49;;;;115,233.00;5,587,476.70
2025-04-25;ETB;51;;47,86;;;;212,223.00;10,157,368.80
2025-04-28;ETB;51;;48,37;;;;185,273.00;8,962,263.80
2025-04-29;ETB;51;;47,42;;;;306,262.00;14,523,038.00
2025-04-30;ETB;51;;46,79;;;;537,822.00;25,164,396.80
2025-05-02;ETB;51;;47,1;;;;17,817.00;839,241.00
2025-05-05;ETB;51;;46,94;;;;75,672.00;3,552,256.00
2025-05-06;ETB;51;;46,75;;;;4,139.00;193,489.10
2025-05-07;ETB;51;;47,02;;;;418,668.00;19,685,197.20
2025-05-08;ETB;51;;48,06;;;;424,200.00;20,388,647.80
2025-05-09;ETB;51;;49,44;;;;209,533.00;10,359,978.50
2025-05-12;ETB;54;54;51,85;50;3;5,88;2,611,619.00;135,424,817.40
2025-05-13;ETB;54;;53,21;;;;201,217.00;10,707,172.00
2025-05-14;ETB;53;53;52,97;53;-1;-1,85;1,518,117.00;80,418,671.50
2025-05-15;ETB;53;;52,92;;;;54,401.00;2,878,893.00
2025-05-16;ETB;53;;51,15;;;;144,397.00;7,385,395.00
2025-05-19;ETB;53;;51,31;;;;6,231.00;319,686.00
2025-05-20;ETB;53;;54,34;;;;573,011.00;31,135,371.00
2025-05-21;ETB;57;57;56,52;57;4;7,55;237,689.00;13,434,425.00
2025-05-22;ETB;57;;53,13;;;;28,106.00;1,493,375.50
2025-05-23;ETB;57;;56,95;;;;48,297.00;2,750,309.00
2025-05-26;ETB;57;;57;;;;30,809.00;1,756,113.00
2025-05-27;ETB;57;;55,59;;;;91,115.00;5,065,457.00
2025-05-28;ETB;57;;55,06;;;;101,384.00;5,582,364.00
2025-05-29;ETB;57;;53,15;;;;61,130.00;3,248,873.00
2025-05-30;ETB;57;;53,91;;;;185,083.00;9,977,160.00
2025-06-03;ETB;57;;55,12;;;;56,659.00;3,123,068.00
2025-06-04;ETB;57;;53,1;;;;44,147.00;2,344,375.00
2025-06-05;ETB;55;55;54,81;55;-2;-3,51;1,067,396.00;58,504,098.00
2025-06-06;ETB;55;55;54,99;55;0;;374,043.00;20,566,865.00
2025-06-09;ETB;55;;55;;;;3,966.00;218,130.00
2025-06-10;ETB;55;;55,89;;;;233,787.00;13,067,285.00
2025-06-11;ETB;55;;53,07;;;;6,476.00;343,680.00
2025-06-12;ETB;55;;54,28;;;;26,793.00;1,454,270.00
2025-06-13;ETB;55;;52,07;;;;39,350.00;2,049,096.50
2025-06-16;ETB;55;;55,01;;;;89,275.00;4,910,997.00
2025-06-17;ETB;55;;50,43;;;;18,120.00;913,740.00
2025-06-18;ETB;55;;52,32;;;;17,273.00;903,696.00
2025-06-19;ETB;55;;54,35;;;;72,946.00;3,964,544.00
2025-06-20;ETB;55;;51,2;;;;31,897.00;1,633,191.50
2025-06-24;ETB;55;;54,09;;;;1,350.00;73,025.00
2025-06-25;ETB;55;;53,94;;;;66,483.00;3,586,263.00
2025-06-26;ETB;55;;54,05;;;;224,674.00;12,144,733.00
2025-06-27;ETB;55;;55;;;;14,702.00;808,610.00
2024-07-02;ETB;95;;86,91;;;;9,710.00;843,903.50
2024-07-03;ETB;95;;89,25;;;;4,540.00;405,206.00
2024-07-04;ETB;95;;85,76;;;;28,498.00;2,443,990.50
2024-07-05;ETB;95;;84,29;;;;87,585.00;7,382,898.00
2024-07-08;ETB;95;;82,31;;;;32,623.00;2,685,082.00
2024-07-09;ETB;95;;85,54;;;;8,247.00;705,423.00
2024-07-10;ETB;95;;82,01;;;;119,117.00;9,768,582.50
2024-07-11;ETB;95;;86,5;;;;37,500.00;3,243,750.00
2024-07-12;ETB;95;;82,88;;;;187,138.00;15,509,844.50
2024-07-15;ETB;95;;82;;;;1,106.00;90,692.00
2024-07-16;ETB;95;;85,15;;;;91,800.00;7,817,058.50
2024-07-17;ETB;95;;82;;;;6,426.00;526,932.00
2024-07-18;ETB;95;;82;;;;953.00;78,146.00
2024-07-19;ETB;84;84;84,02;84;-11;-11,58;2,441,710.00;205,143,640.00
2024-07-22;ETB;84;84;83,98;84;0;;179,580.00;15,080,908.00
2024-07-23;ETB;84;;81,69;;;;16,332.00;1,334,196.00
2024-07-24;ETB;80;80;80,03;80;-4;-4,76;859,023.00;68,747,098.50
2024-07-25;ETB;80;;80,78;;;;38,739.00;3,129,350.50
2024-07-26;ETB;80;;79,05;;;;43,294.00;3,422,532.50
2024-07-29;ETB;80;;80;;;;8,192.00;655,360.00
2024-07-30;ETB;81,5;81,5;81,44;81,5;1,5;1,88;1,644,868.00;133,952,940.00
2024-07-31;ETB;81,5;;80,03;;;;106,585.00;8,529,600.00
2024-08-01;ETB;81,5;;77,32;;;;52,005.00;4,021,047.00
2024-08-02;ETB;81,5;;77,18;;;;6,078.00;469,104.00
2024-08-05;ETB;81,5;;76,78;;;;80,164.00;6,154,697.00
2024-08-06;ETB;81,5;;78,04;;;;2,472.00;192,910.00
2024-08-08;ETB;81,5;;76,79;;;;35,470.00;2,723,834.00
2024-08-09;ETB;81,5;;76,6;;;;88,329.00;6,766,118.50
2024-08-12;ETB;81,5;;79,1;;;;2,522.00;199,499.00
2024-08-13;ETB;81,5;;76,8;;;;10,802.00;829,579.50
2024-08-14;ETB;81,5;;77,22;;;;39,430.00;3,044,926.00
2024-08-15;ETB;81,5;;77,86;;;;17,795.00;1,385,504.50
2024-08-16;ETB;81,5;;78,08;;;;16,725.00;1,305,881.50
2024-08-20;ETB;81,5;;78,97;;;;25,557.00;2,018,110.50
2024-08-21;ETB;81,5;;;;;;;
2024-08-22;ETB;81,5;;77,73;;;;182,361.00;14,175,717.00
2024-08-23;ETB;81,5;;77,51;;;;27,232.00;2,110,664.00
2024-08-26;ETB;81,5;;77,54;;;;20,881.00;1,619,132.00
2024-08-27;ETB;81,5;;73,39;;;;296,834.00;21,785,653.50
2024-08-28;ETB;81,5;;72,28;;;;58,006.00;4,192,446.50
2024-08-29;ETB;81,5;;71,54;;;;77,923.00;5,574,326.00
2024-08-30;ETB;81,5;;71,87;;;;40,881.00;2,937,915.50
2024-09-02;ETB;81,5;;75,52;;;;20,849.00;1,574,524.00
2024-09-03;ETB;81,5;;72;;;;107,708.00;7,754,976.00
2024-09-04;ETB;81,5;;72,38;;;;141,167.00;10,217,956.00
2024-09-05;ETB;81;81,5;80,79;81;-0,5;-0,61;997,951.00;80,628,777.00
2024-09-06;ETB;81;;80,03;;;;5,386.00;431,066.00
2024-09-09;ETB;85,5;85,5;82,23;80;4,5;5,56;370,994.00;30,505,594.00
2024-09-10;ETB;85,5;;84,52;;;;11,538.00;975,139.50
2024-09-11;ETB;80;80;80,05;80;-5,5;-6,43;516,637.00;41,355,312.00
2024-09-12;ETB;80;;84;;;;1,000.00;84,000.00
2024-09-13;ETB;80;;74,69;;;;20,549.00;1,534,775.00
2024-09-16;ETB;80;;80;;;;42,620.00;3,409,600.00
2024-09-17;ETB;80;;;;;;;
2024-09-18;ETB;80;;83,17;;;;39,745.00;3,305,580.00
2024-09-19;ETB;80;;78,2;;;;100,087.00;7,826,612.00
2024-09-20;ETB;80;;81,52;;;;20,587.00;1,678,293.00
2024-09-23;ETB;80;;83,49;;;;15,566.00;1,299,544.00
2024-09-24;ETB;80;;76,39;;;;183,467.00;14,015,919.00
2024-09-25;ETB;75;75;75,02;75;-5;-6,25;623,584.00;46,780,300.00
2024-09-26;ETB;75;;66,5;;;;953.00;63,374.50
2024-09-27;ETB;75;;75,42;;;;91,754.00;6,920,244.00
2024-09-30;ETB;80;80;79,57;80;5;6,67;456,990.00;36,361,831.00
2024-10-01;ETB;80;;79,55;;;;25,367.00;2,018,039.50
2024-10-02;ETB;80;;75,99;;;;156,177.00;11,868,127.50
2024-10-03;ETB;80;;72,7;;;;3,624.00;263,448.00
2024-10-04;ETB;80;;75,89;;;;6,413.00;486,691.00
2024-10-07;ETB;80;;77,78;;;;25,678.00;1,997,112.00
2024-10-08;ETB;80;;76,41;;;;51,025.00;3,898,860.00
2024-10-09;ETB;80;;76,7;;;;27,223.00;2,087,914.50
2024-10-10;ETB;80;;73,63;;;;47,066.00;3,465,628.50
2024-10-11;ETB;80;;71;;;;29,300.00;2,080,300.00
2024-10-15;ETB;80;;77,08;;;;24,790.00;1,910,833.00
2024-10-16;ETB;80;;75,03;;;;11,257.00;844,647.00
2024-10-17;ETB;80;;75;;;;10,186.00;763,950.00
2024-10-18;ETB;80;;74,7;;;;45,357.00;3,388,204.00
2024-10-21;ETB;80;;75,52;;;;113,896.00;8,600,888.50
2024-10-22;ETB;80;;72,69;;;;79,363.00;5,768,680.00
2024-10-23;ETB;80;80;79,99;80;0;;1,068,475.00;85,470,143.00
2024-10-24;ETB;80;;80;;;;430.00;34,400.00
2024-10-25;ETB;80;;73,27;;;;7,076.00;518,452.50
2024-10-28;ETB;80;;78,6;;;;34,512.00;2,712,765.00
2024-10-29;ETB;80;;77,29;;;;6,330.00;489,264.00
2024-10-30;ETB;80;;78,78;;;;43,209.00;3,404,058.00
2024-10-31;ETB;80;;80,53;;;;131,051.00;10,553,245.00
2024-11-01;ETB;80;;80;;;;1,250.00;100,000.00
2024-11-05;ETB;80;;79,49;;;;2,185.00;173,690.00
2024-11-06;ETB;80;;77,24;;;;45,034.00;3,478,346.00
2024-11-07;ETB;80;;79,39;;;;31,593.00;2,508,079.00
2024-11-08;ETB;80;;78,65;;;;35,818.00;2,816,989.50
2024-11-12;ETB;80;;75,76;;;;5,652.00;428,205.00
2024-11-13;ETB;80;;79,15;;;;52,647.00;4,167,182.00
2024-11-14;ETB;80;;77,44;;;;59,252.00;4,588,212.50
2024-11-15;ETB;80;;76,69;;;;120,139.00;9,213,724.50
2024-11-18;ETB;80;;78,87;;;;62,798.00;4,953,127.00
2024-11-19;ETB;80;;79,23;;;;68,662.00;5,439,875.50
2024-11-20;ETB;80;;79,5;;;;2,621.00;208,369.50
2024-11-21;ETB;80;;79,48;;;;20,714.00;1,646,406.00
2024-11-22;ETB;79,5;79,5;79,45;79,5;-0,5;-0,62;574,157.00;45,619,619.00
2024-11-25;ETB;79,5;;78,77;;;;205,019.00;16,149,101.00
2024-11-26;ETB;79,5;;77,91;;;;1,753.00;136,581.00
2024-11-27;ETB;79,5;;72;;;;6,783.00;488,376.00
2024-11-28;ETB;74;74;74,81;74;-5,5;-6,92;380,429.00;28,460,942.50
2024-11-29;ETB;74;;76,35;;;;63,776.00;4,869,413.00
2024-12-02;ETB;74;;77,72;;;;60,643.00;4,712,903.50
2024-12-03;ETB;74;;76,58;;;;42,893.00;3,284,629.50
2024-12-04;ETB;74;;77,44;;;;40,513.00;3,137,424.50
2024-12-05;ETB;74;;75,59;;;;33,558.00;2,536,571.50
2024-12-06;ETB;74;;74;;;;89,566.00;6,627,884.00
2024-12-09;ETB;74;;75,4;;;;72,840.00;5,491,862.50
2024-12-10;ETB;74;;75,41;;;;176,549.00;13,312,832.50
2024-12-11;ETB;74;;75,6;;;;137,495.00;10,394,866.00
2024-12-12;ETB;74;;70,47;;;;476,275.00;33,564,250.00
2024-12-13;ETB;74;;71,67;;;;137,800.00;9,876,600.00
2024-12-16;ETB;74;;71,15;;;;496,774.00;35,345,205.00
2024-12-17;ETB;74;;67,06;;;;24,713.00;1,657,152.00
2024-12-18;ETB;74;;71,18;;;;102,454.00;7,292,647.50
2024-12-19;ETB;74;;69,76;;;;43,100.00;3,006,758.00
2024-12-20;ETB;74;;70,53;;;;62,450.00;4,404,502.00
2024-12-23;ETB;74;;65,4;;;;63,067.00;4,124,802.50
2024-12-24;ETB;74;;66,5;;;;66,112.00;4,396,448.00
2024-12-26;ETB;74;;69,94;;;;14,457.00;1,011,051.00
2024-12-27;ETB;74;;70,79;;;;43,685.00;3,092,621.00
2024-12-30;ETB;74;;70,41;;;;2,075.00;146,101.00
2024-01-02;ETB;95;;93,31;;;;211,304.00;19,716,043.50
2024-01-03;ETB;95;;92,33;;;;8,569.00;791,196.00
2024-01-04;ETB;95;;92,49;;;;190,173.00;17,588,382.00
2024-01-05;ETB;91;91;91,65;91;-4;-4,21;325,156.00;29,799,117.00
2024-01-09;ETB;91;;90,66;;;;103,347.00;9,369,832.00
2024-01-10;ETB;91;;88,2;;;;96,095.00;8,475,979.00
2024-01-11;ETB;88;88;88,54;88;-3;-3,3;301,311.00;26,679,580.50
2024-01-12;ETB;88;;91,14;;;;319,136.00;29,085,130.00
2024-01-15;ETB;88;;92,1;;;;147,486.00;13,583,895.00
2024-01-16;ETB;106;106;98,99;90;18;20,45;3,058,694.00;302,791,556.50
2024-01-17;ETB;108;109;108,27;108;2;1,89;1,454,591.00;157,492,761.00
2024-01-18;ETB;108;;105,94;;;;97,275.00;10,305,665.00
2024-01-19;ETB;108;;102,27;;;;64,801.00;6,626,963.00
2024-01-22;ETB;108;;105,18;;;;78,446.00;8,250,790.00
2024-01-23;ETB;108;;104,13;;;;114,417.00;11,914,546.00
2024-01-24;ETB;108;;106;;;;106,803.00;11,321,118.00
2024-01-25;ETB;108;;110,07;;;;260,288.00;28,650,240.00
2024-01-26;ETB;108;;105,42;;;;124,532.00;13,128,084.00
2024-01-29;ETB;108;;106,99;;;;189,857.00;20,312,982.00
2024-01-30;ETB;108;;102,61;;;;56,919.00;5,840,333.00
2024-01-31;ETB;106;106;105,5;106;-2;-1,85;788,055.00;83,137,620.00
2024-02-01;ETB;106;;102,67;;;;106,759.00;10,960,968.00
2024-02-02;ETB;106;;102,44;;;;103,300.00;10,581,910.00
2024-02-05;ETB;106;;101,17;;;;53,371.00;5,399,279.00
2024-02-06;ETB;106;;100,24;;;;63,814.00;6,396,575.00
2024-02-07;ETB;106;;100,38;;;;9,392.00;942,768.00
2024-02-08;ETB;106;;97,19;;;;80,118.00;7,786,446.00
2024-02-09;ETB;106;;102,93;;;;100,814.00;10,376,923.00
2024-02-12;ETB;106;;102;;;;345.00;35,190.00
2024-02-13;ETB;106;;95,04;;;;16,248.00;1,544,286.00
2024-02-14;ETB;106;;;;;;;
2024-02-15;ETB;106;;101;;;;479.00;48,379.00
2024-02-16;ETB;106;;98;;;;70,775.00;6,935,950.00
2024-02-19;ETB;106;;98;;;;5,063.00;496,174.00
2024-02-20;ETB;106;;92,58;;;;140,256.00;12,984,285.00
2024-02-21;ETB;106;;97,49;;;;18,469.00;1,800,466.00
2024-02-22;ETB;106;;93;;;;6,840.00;636,120.00
2024-02-23;ETB;106;;94,29;;;;46,794.00;4,412,313.50
2024-02-26;ETB;95;95;93,72;90,5;-11;-10,38;806,480.00;75,586,576.50
2024-02-27;ETB;95;;95;;;;200,530.00;19,050,350.00
2024-02-28;ETB;95;;95,49;;;;149,499.00;14,276,357.00
2024-02-29;ETB;95;;90,63;;;;167,850.00;15,212,061.50
2024-03-01;ETB;95;;86,59;;;;147,144.00;12,741,375.00
2024-03-04;ETB;95;;83,5;;;;86,733.00;7,242,205.50
2024-03-05;ETB;95;;89,6;;;;139,682.00;12,516,189.00
2024-03-06;ETB;95;;89,52;;;;359,986.00;32,227,636.00
2024-03-07;ETB;95;;84,45;;;;131,123.00;11,073,530.00
2024-03-08;ETB;95;;88,78;;;;33,665.00;2,988,914.50
2024-03-11;ETB;95;;92,6;;;;290,000.00;26,855,000.00
2024-03-12;ETB;95;;85,1;;;;11,221.00;954,890.00
2024-03-13;ETB;95;;87,01;;;;5,098.00;443,580.00
2024-03-14;ETB;95;;88,5;;;;23,605.00;2,089,078.00
2024-03-15;ETB;95;;86,32;;;;55,455.00;4,786,821.00
2024-03-18;ETB;95;;86;;;;57,488.00;4,943,968.00
2024-03-19;ETB;95;;85,94;;;;20,820.00;1,789,271.00
2024-03-20;ETB;95;;83,68;;;;56,156.00;4,699,250.50
2024-03-21;ETB;95;;84,05;;;;8,954.00;752,543.00
2024-03-22;ETB;95;;82,16;;;;56,100.00;4,609,350.00
2024-03-26;ETB;95;;83,17;;;;59,229.00;4,925,995.50
2024-03-27;ETB;95;;82;;;;6,560.00;537,920.00
2024-04-01;ETB;95;;81,54;;;;32,150.00;2,621,439.50
2024-04-02;ETB;95;;88,25;;;;284,408.00;25,098,145.50
2024-04-03;ETB;95;;84,22;;;;47,103.00;3,966,882.00
2024-04-04;ETB;95;;83,81;;;;34,854.00;2,921,020.50
2024-04-05;ETB;95;;83,5;;;;5,605.00;468,017.50
2024-04-08;ETB;95;;86,75;;;;40,726.00;3,533,026.00
2024-04-09;ETB;95;;89,65;;;;229,777.00;20,598,360.50
2024-04-10;ETB;100;100;99,12;100;5;5,26;404,348.00;40,079,261.50
2024-04-11;ETB;100;100;99,56;100;0;;1,642,896.00;163,569,146.00
2024-04-12;ETB;100;;93,94;;;;114,285.00;10,736,190.00
2024-04-15;ETB;100;;104,88;;;;84,764.00;8,890,198.00
2024-04-16;ETB;100;;105,92;;;;31,123.00;3,296,661.00
2024-04-17;ETB;100;;94,07;;;;12,045.00;1,133,044.00
2024-04-18;ETB;100;;96,08;;;;57,083.00;5,484,552.00
2024-04-19;ETB;100;;;;;;;
2024-04-22;ETB;100;;95,77;;;;87,844.00;8,413,070.00
2024-04-23;ETB;100;;98,6;;;;11,062.00;1,090,661.00
2024-04-24;ETB;100;;99;;;;10,100.00;999,900.00
2024-04-25;ETB;100;;95,5;;;;3,176.00;303,308.00
2024-04-26;ETB;100;;95;;;;1,131.00;107,445.00
2024-04-29;ETB;100;;95,79;;;;97,298.00;9,320,348.00
2024-04-30;ETB;100;;98,48;;;;46,851.00;4,614,096.00
2024-05-02;ETB;100;;96,44;;;;6,135.00;591,679.50
2024-05-03;ETB;100;;;;;;;
2024-05-06;ETB;100;;98;;;;3,907.00;382,886.00
2024-05-07;ETB;100;;98,53;;;;18,722.00;1,844,727.50
2024-05-08;ETB;100;;95,37;;;;115,066.00;10,973,832.00
2024-05-09;ETB;100;;92;;;;4,070.00;374,440.00
2024-05-10;ETB;100;;98;;;;2,521.00;247,058.00
2024-05-14;ETB;100;;97,15;;;;21,313.00;2,070,537.00
2024-05-15;ETB;100;;90,5;;;;14,370.00;1,300,485.00
2024-05-16;ETB;100;;95,18;;;;31,299.00;2,979,079.50
2024-05-17;ETB;100;;99;;;;256,923.00;25,434,213.00
2024-05-20;ETB;100;;93,71;;;;83,991.00;7,870,663.00
2024-05-21;ETB;100;100;99,98;100;0;;936,870.00;93,663,734.00
2024-05-22;ETB;100;100;99,94;100;0;;302,887.00;30,271,968.00
2024-05-23;ETB;100;;93,69;;;;8,126.00;761,318.00
2024-05-24;ETB;100;;94,07;;;;75,560.00;7,107,640.00
2024-05-27;ETB;100;;93,49;;;;11,146.00;1,042,062.00
2024-05-28;ETB;100;;;;;;;
2024-05-29;ETB;90;99;93,54;90;-10;-10;1,428,514.00;133,626,560.00
2024-05-30;ETB;96;99;97,53;96;6;6,67;663,194.00;64,680,455.50
2024-05-31;ETB;90;90;91,3;90;-6;-6,25;370,778.00;33,851,622.00
2024-06-04;ETB;90;93;90,94;90;0;0;951,210.00;86,505,088.00
2024-06-05;ETB;95;95;92,33;90;5;5,56;2,365,250.00;218,392,012.50
2024-06-06;ETB;95;;95;;;;157.00;14,915.00
2024-06-07;ETB;95;;88,48;;;;10,073.00;891,241.50
2024-06-11;ETB;95;;88,7;;;;7,975.00;707,394.00
2024-06-12;ETB;95;;88,02;;;;81,874.00;7,206,816.50
2024-06-13;ETB;95;;90;;;;23,326.00;2,099,340.00
2024-06-14;ETB;95;;92,11;;;;30,485.00;2,807,907.00
2024-06-17;ETB;95;;88;;;;7,497.00;659,736.00
2024-06-18;ETB;95;;87,32;;;;8,002.00;698,760.00
2024-06-19;ETB;95;;87,51;;;;60,109.00;5,260,052.00
2024-06-20;ETB;95;;85;;;;11,077.00;941,580.00
2024-06-21;ETB;95;;89,98;;;;19,714.00;1,773,903.00
2024-06-24;ETB;95;;89,98;;;;33,885.00;3,049,114.50
2024-06-25;ETB;95;;87,61;;;;9,516.00;833,682.00
2024-06-26;ETB;95;;;;;;;
2024-06-27;ETB;95;;84,98;;;;180,898.00;15,372,795.50
2024-06-28;ETB;95;;89,16;;;;46,436.00;4,140,304.00
2023-07-04;ETB;90;90;89,53;90;0;;200,501.00;17,950,404.00
2023-07-05;ETB;90;;66,1;;;;1,303.00;86,128.30
2023-07-06;ETB;90;;;;;;;
2023-07-07;ETB;90;;89,1;;;;43,824.00;3,904,724.00
2023-07-10;ETB;90;;87,3;;;;4,487.00;391,703.00
2023-07-11;ETB;90;;86,86;;;;2,842.00;246,848.00
2023-07-12;ETB;90;;89,26;;;;20,495.00;1,829,341.00
2023-07-13;ETB;90;;85,62;;;;13,344.00;1,142,556.30
2023-07-14;ETB;90;;89,93;;;;2,850.00;256,307.00
2023-07-17;ETB;90;;86,43;;;;2,718.00;234,927.60
2023-07-18;ETB;85;85;84,21;84,9;-5;-5,56;447,168.00;37,657,164.80
2023-07-19;ETB;85;;84,53;;;;130,890.00;11,064,507.20
2023-07-21;ETB;85;;84,17;;;;21,605.00;1,818,425.00
2023-07-24;ETB;85;85;84,98;85;0;;331,735.00;28,192,033.00
2023-07-25;ETB;85;;85;;;;40,791.00;3,467,235.00
2023-07-26;ETB;85;;85;;;;69,744.00;5,928,240.00
2023-07-27;ETB;85;87;86,21;85;0;0;1,537,170.00;132,524,444.50
2023-07-28;ETB;84,9;84,9;84,43;84,9;-0,1;-0,12;212,236.00;17,919,236.40
2023-07-31;ETB;;84,9;84,86;84,9;0;;313,837.00;26,633,136.40
2023-08-01;ETB;84,9;;84,23;;;;94,308.00;7,943,413.40
2023-08-02;ETB;84,9;84,9;84,89;84,9;0;;3,564,609.00;302,605,386.10
2023-08-03;ETB;83;83;82,66;82,3;-1,9;-2,24;681,875.00;56,360,506.60
2023-08-04;ETB;;;;;;;;
2023-08-08;ETB;83;88,9;84,08;83;0;0;728,268.00;61,236,244.00
2023-08-09;ETB;85;85;85,25;85;2;2,41;130,665.00;11,138,767.00
2023-08-10;ETB;85;;85,1;;;;2,210.00;188,071.00
2023-08-11;ETB;85;85;85,09;85;0;;774,860.00;65,934,150.00
2023-08-14;ETB;85;;85;;;;37,629.00;3,198,465.00
2023-08-15;ETB;85;;84,11;;;;7,280.00;612,320.00
2023-08-16;ETB;85;;86,5;;;;10,150.00;877,975.00
2023-08-17;ETB;85;;84,9;;;;29,549.00;2,508,588.30
2023-08-18;ETB;85;;81,35;;;;167,719.00;13,643,954.80
2023-08-22;ETB;85;;83,13;;;;120,812.00;10,043,120.20
2023-08-23;ETB;85;85;82,71;81,2;0;0;692,592.00;57,281,176.90
2023-08-24;ETB;85;;83,32;;;;11,119.00;926,416.00
2023-08-25;ETB;85;;86,17;;;;50,556.00;4,356,495.40
2023-08-28;ETB;85;;80,2;;;;10,074.00;807,920.00
2023-08-29;ETB;85;;82,03;;;;53,946.00;4,425,361.00
2023-08-30;ETB;85;;84,1;;;;13,968.00;1,174,694.00
2023-08-31;ETB;85;;83,42;;;;32,602.00;2,719,688.20
2023-09-01;ETB;85;;83,95;;;;7,412.00;622,265.20
2023-09-04;ETB;85;;;;;;;
2023-09-05;ETB;85;;80;;;;2,888.00;231,040.00
2023-09-06;ETB;85;;84,81;;;;21,006.00;1,781,420.00
2023-09-07;ETB;85;;84,5;;;;46,055.00;3,891,647.50
2023-09-08;ETB;85;;83,7;;;;6,947.00;581,495.40
2023-09-11;ETB;85;;82,39;;;;60,618.00;4,994,604.00
2023-09-12;ETB;85;;;;;;;
2023-09-13;ETB;85;;;;;;;
2023-09-14;ETB;85;;80;;;;3,789.00;303,120.00
2023-09-15;ETB;85;;70,61;;;;14,695.00;1,037,560.00
2023-09-18;ETB;85;;75,49;;;;32,643.00;2,464,331.00
2023-09-19;ETB;85;;70;;;;3,389.00;237,230.00
2023-09-20;ETB;85;;80;;;;186.00;14,880.00
2023-09-21;ETB;85;;74,76;;;;3,273.00;244,686.00
2023-09-22;ETB;85;;61;;;;8,254.00;503,494.00
2023-09-25;ETB;85;;80;;;;500.00;40,000.00
2023-09-26;ETB;85;;;;;;;
2023-09-27;ETB;85;;61,36;;;;26,293.00;1,613,313.00
2023-09-28;ETB;85;;77,22;;;;73,799.00;5,698,890.00
2023-09-29;ETB;85;;80;;;;74,451.00;5,955,720.75
2023-10-02;ETB;85;;80;;;;15,000.00;1,200,000.00
2023-10-03;ETB;85;;69;;;;10,175.00;702,075.00
2023-10-04;ETB;85;;78,13;;;;30,000.00;2,343,750.00
2023-10-05;ETB;85;;73,6;;;;13,082.00;962,844.35
2023-10-06;ETB;85;;68,26;;;;6,488.00;442,892.00
2023-10-09;ETB;80;80;79,22;78,95;-5;-5,88;483,134.00;38,273,399.25
2023-10-10;ETB;77;77;77,32;77;-3;-3,75;321,692.00;24,872,285.25
2023-10-11;ETB;77;;76,6;;;;84,235.00;6,452,401.00
2023-10-12;ETB;77;;79,92;;;;15,407.00;1,231,379.70
2023-10-13;ETB;77;;79,93;;;;9,720.00;776,888.50
2023-10-17;ETB;77;;78,5;;;;69,293.00;5,439,424.00
2023-10-18;ETB;77;;76,37;;;;106,737.00;8,151,753.80
2023-10-19;ETB;77;;70,2;;;;100,273.00;7,039,114.70
2023-10-20;ETB;77;;72,46;;;;27,190.00;1,970,092.60
2023-10-23;ETB;77;;76,47;;;;16,224.00;1,240,665.90
2023-10-24;ETB;77;;76;;;;144,721.00;10,998,796.00
2023-10-25;ETB;77;;;;;;;
2023-10-26;ETB;77;;72,34;;;;138,717.00;10,034,681.40
2023-10-27;ETB;78,7;78,7;76,52;78,7;1,7;2,21;182,254.00;13,946,884.80
2023-10-30;ETB;78,7;;73;;;;184,526.00;13,471,300.60
2023-10-31;ETB;78,7;;72,25;;;;201,100.00;14,529,623.60
2023-11-01;ETB;78,7;;66;;;;1,221.00;80,586.00
2023-11-02;ETB;78,7;;77,9;;;;380.00;29,602.00
2023-11-03;ETB;78,7;;66,18;;;;201,490.00;13,333,669.70
2023-11-07;ETB;78,7;;68,18;;;;1,325.00;90,335.30
2023-11-08;ETB;78,5;;68,46;;;;267,888.00;18,338,496.00
2023-11-09;ETB;78,5;;77;;;;3,371.00;259,567.00
2023-11-10;ETB;78,5;;;;;;;
2023-11-14;ETB;78,5;;66,01;;;;229,585.00;15,155,263.00
2023-11-15;ETB;78,5;;68,48;;;;108,814.00;7,451,724.00
2023-11-16;ETB;78,5;;65;;;;20,000.00;1,300,000.00
2023-11-17;ETB;78,5;;68,8;;;;16,653.00;1,145,733.00
2023-11-20;ETB;78,5;;69,23;;;;125,694.00;8,701,708.00
2023-11-21;ETB;78,5;;71,5;;;;5,292.00;378,378.00
2023-11-22;ETB;78,5;;71,5;;;;439.00;31,388.50
2023-11-23;ETB;78,5;;60,5;;;;10,696.00;647,108.00
2023-11-24;ETB;78,5;;70,5;;;;50,000.00;3,525,000.00
2023-11-27;ETB;78,5;;59,67;;;;6,307.00;376,368.50
2023-11-28;ETB;78,5;;61,5;;;;16,275.00;1,000,912.50
2023-11-29;ETB;78,5;;62,55;;;;8,837.00;552,753.00
2023-11-30;ETB;78,5;;69,5;;;;7,483.00;520,068.50
2023-12-01;ETB;78,5;;65;;;;407.00;26,455.00
2023-12-04;ETB;78,5;;65,69;;;;18,315.00;1,203,142.50
2023-12-05;ETB;78,5;;70,77;;;;23,070.00;1,632,550.00
2023-12-06;ETB;78,5;;65,67;;;;9,990.00;656,024.00
2023-12-07;ETB;78,5;;73,65;;;;215,142.00;15,845,789.50
2023-12-11;ETB;78,5;;75,1;;;;467,989.00;35,146,229.50
2023-12-12;ETB;78,5;;74,83;;;;334,329.00;25,017,288.00
2023-12-13;ETB;78,5;;69,34;;;;135,712.00;9,410,141.00
2023-12-14;ETB;78,5;;66,41;;;;287,950.00;19,121,555.00
2023-12-15;ETB;78,5;;70,85;;;;22,297.00;1,579,842.00
2023-12-18;ETB;78,5;;69,99;;;;39,047.00;2,732,923.50
2023-12-19;ETB;78,5;;72,71;;;;403,538.00;29,342,591.00
2023-12-20;ETB;87;87;79,85;78;8,5;10,83;532,513.00;42,519,400.50
2023-12-21;ETB;88;88;88,46;88;1;1,15;604,469.00;53,471,111.50
2023-12-22;ETB;88;;88;;;;432.00;38,016.00
2023-12-26;ETB;88;;80,04;;;;166,276.00;13,308,288.00
2023-12-27;ETB;88;;80,11;;;;9,966.00;798,402.00
2023-12-28;ETB;95;95;94,03;95;7;7,95;174,691.00;16,425,416.00
2023-01-02;ETB;108;;;;;;;
2023-01-03;ETB;108;;108;;;;5,800.00;626,400.00
2023-01-04;ETB;108;;109,91;;;;4,863.00;534,484.00
2023-01-05;ETB;108;;108,11;;;;56,615.00;6,120,636.10
2023-01-06;ETB;108;;106,87;;;;8,424.00;900,271.00
2023-01-10;ETB;108;;106;;;;1,298.00;137,588.00
2023-01-11;ETB;119;119;118,89;119;11;10,19;167,400.00;19,902,588.30
2023-01-12;ETB;119;;110,1;;;;56,793.00;6,253,082.00
2023-01-13;ETB;119;;118,59;;;;68,518.00;8,125,495.20
2023-01-16;ETB;119;;117,42;;;;30,255.00;3,552,572.70
2023-01-17;ETB;119;;112,12;;;;7,187.00;805,806.50
2023-01-18;ETB;119;;112,96;;;;6,846.00;773,317.30
2023-01-19;ETB;119;;118,06;;;;28,342.00;3,346,134.20
2023-01-20;ETB;119;;108,62;;;;3,602.00;391,239.00
2023-01-23;ETB;119;;112,63;;;;4,159.00;468,416.00
2023-01-24;ETB;119;;111,39;;;;12,485.00;1,390,732.90
2023-01-25;ETB;119;;111,86;;;;36,045.00;4,032,146.90
2023-01-26;ETB;119;;118,79;;;;124,820.00;14,827,569.80
2023-01-27;ETB;119;;110,36;;;;36,716.00;4,051,845.00
2023-01-30;ETB;119;;114,48;;;;99,240.00;11,360,532.00
2023-01-31;ETB;119;;108;;;;83,145.00;8,979,660.00
2023-02-01;ETB;119;;109,89;;;;4,004.00;439,981.40
2023-02-02;ETB;119;;107,88;;;;74,796.00;8,069,065.10
2023-02-03;ETB;119;;118,7;;;;1,376.00;163,331.20
2023-02-06;ETB;119;;116;;;;2,000.00;232,000.00
2023-02-07;ETB;119;;111,45;;;;7,751.00;863,846.30
2023-02-08;ETB;119;;110,41;;;;4,889.00;539,782.10
2023-02-09;ETB;119;;;;;;;
2023-02-10;ETB;119;;;;;;;
2023-02-13;ETB;119;;109,96;;;;31,089.00;3,418,606.00
2023-02-14;ETB;119;;110;;;;277.00;30,470.00
2023-02-15;ETB;119;;110;;;;320.00;35,200.00
2023-02-16;ETB;119;;;;;;;
2023-02-17;ETB;119;;107,1;;;;55,147.00;5,906,243.70
2023-02-20;ETB;119;;;;;;;
2023-02-21;ETB;119;;107,1;;;;1,930.00;206,703.00
2023-02-22;ETB;119;;;;;;;
2023-02-23;ETB;119;;107,1;;;;727.00;77,861.70
2023-02-24;ETB;119;;107,1;;;;901.00;96,497.10
2023-02-27;ETB;119;;107,1;;;;399.00;42,732.90
2023-02-28;ETB;119;;107,1;;;;10,355.00;1,109,020.50
2023-03-01;ETB;119;;107,1;;;;1,560.00;167,076.00
2023-03-02;ETB;119;;107,08;;;;1,888.00;202,168.20
2023-03-03;ETB;119;;107,1;;;;5,777.00;618,716.70
2023-03-06;ETB;119;;107,1;;;;14,704.00;1,574,798.40
2023-03-07;ETB;111,1;111,1;109,16;107,1;-7,9;-6,64;433,507.00;47,321,464.60
2023-03-08;ETB;120;120;119,42;120;8,9;8,01;80,342.00;9,594,373.00
2023-03-09;ETB;120;;119,9;;;;200.00;23,980.00
2023-03-10;ETB;120;;115;;;;347.00;39,905.00
2023-03-13;ETB;120;;115,29;;;;2,715.00;313,015.00
2023-03-14;ETB;120;;108,18;;;;12,882.00;1,393,636.00
2023-03-15;ETB;116;116;108,74;106;-4;-3,33;296,424.00;32,232,880.00
2023-03-16;ETB;116;;118;;;;130.00;15,340.00
2023-03-17;ETB;116;;105,63;;;;7,710.00;814,386.30
2023-03-21;ETB;116;;110;;;;2,527.00;277,971.60
2023-03-22;ETB;116;;108,2;;;;4,814.00;520,897.20
2023-03-23;ETB;116;;;;;;;
2023-03-24;ETB;116;;104,77;;;;17,131.00;1,794,804.40
2023-03-27;ETB;116;;104,98;;;;27,729.00;2,910,860.60
2023-03-28;ETB;116;;113,34;;;;34,284.00;3,885,775.40
2023-03-29;ETB;116;;104,77;;;;28,610.00;2,997,334.00
2023-03-30;ETB;114;114;113,71;114;-2;-1,72;512,348.00;58,261,520.30
2023-03-31;ETB;114;;105,48;;;;11,670.00;1,230,932.00
2023-04-03;ETB;114;;119,31;;;;49,604.00;5,918,076.00
2023-04-04;ETB;107;107;106,73;107;-7;-6,14;153,984.00;16,434,567.10
2023-04-05;ETB;107;;108,67;;;;59,491.00;6,464,903.00
2023-04-10;ETB;107;;113,6;;;;16,949.00;1,925,482.00
2023-04-11;ETB;112;112;108,4;112;5;4,67;222,042.00;24,068,624.80
2023-04-12;ETB;112;;108,71;;;;101,211.00;11,003,035.90
2023-04-13;ETB;112;112;110,47;112;0;;237,787.00;26,269,071.70
2023-04-14;ETB;112;;115,83;;;;98,329.00;11,389,376.00
2023-04-17;ETB;112;;111,37;;;;27,162.00;3,025,137.80
2023-04-18;ETB;104,8;104,8;106,45;104,8;-7,2;-6,43;203,337.00;21,645,845.60
2023-04-19;ETB;104,8;;105,01;;;;11,745.00;1,233,341.00
2023-04-20;ETB;104,8;;107,77;;;;85,490.00;9,212,920.00
2023-04-21;ETB;104,8;;106;;;;19,141.00;2,028,946.00
2023-04-24;ETB;104,8;;107,93;;;;22,833.00;2,464,373.70
2023-04-25;ETB;104,8;;105,51;;;;99,088.00;10,455,152.00
2023-04-26;ETB;104,8;;105;;;;11,739.00;1,232,595.00
2023-04-27;ETB;104,8;;104,34;;;;9,174.00;957,259.20
2023-04-28;ETB;105;105;105,04;105;0,2;0,19;866,730.00;91,039,390.00
2023-05-02;ETB;105;;105;;;;8,239.00;865,095.00
2023-05-03;ETB;105;;103,8;;;;16,336.00;1,695,692.00
2023-05-04;ETB;110;110;109,94;110;5;4,76;101,432.00;11,151,808.80
2023-05-05;ETB;110;;107,92;;;;104,103.00;11,235,113.70
2023-05-08;ETB;110;;107,77;;;;35,000.00;3,772,000.00
2023-05-09;ETB;110;;109,78;;;;1,205.00;132,288.50
2023-05-10;ETB;110;;105,38;;;;1,724.00;181,672.80
2023-05-11;ETB;110;;105;;;;18,709.00;1,964,445.00
2023-05-12;ETB;110;;103,5;;;;8,678.00;898,173.00
2023-05-15;ETB;110;;102,22;;;;52,540.00;5,370,757.20
2023-05-16;ETB;110;;;;;;;
2023-05-17;ETB;110;;102,87;;;;2,148.00;220,956.40
2023-05-18;ETB;110;;103,78;;;;2,076.00;215,452.80
2023-05-19;ETB;110;;100,89;;;;46,645.00;4,706,028.40
2023-05-23;ETB;110;;95,34;;;;95,547.00;9,109,288.50
2023-05-24;ETB;110;;92,78;;;;6,016.00;558,180.00
2023-05-25;ETB;110;;92,56;;;;19,136.00;1,771,208.80
2023-05-26;ETB;110;;92,5;;;;13,525.00;1,251,062.50
2023-05-29;ETB;110;;100,89;;;;10,217.00;1,030,785.00
2023-05-30;ETB;110;;100;;;;953.00;95,300.00
2023-05-31;ETB;110;;95,87;;;;37,742.00;3,618,385.75
2023-06-01;ETB;110;;100,05;;;;2,178.00;217,918.40
2023-06-02;ETB;100;100;99,96;100;-10;-9,09;223,442.00;22,335,856.00
2023-06-05;ETB;100;;99,99;;;;57,056.00;5,705,275.20
2023-06-06;ETB;100;;99,97;;;;131,450.00;13,140,884.00
2023-06-07;ETB;95;95;95,08;95;-5;-5;668,773.00;63,589,740.00
2023-06-08;ETB;95;;99,93;;;;5,113.00;510,950.20
2023-06-09;ETB;95;95;94,79;94,5;0;0;407,187.00;38,598,886.00
2023-06-13;ETB;95;;95;;;;33,609.00;3,192,855.00
2023-06-14;ETB;95;;94,97;;;;131,461.00;12,485,436.00
2023-06-15;ETB;95;;95;;;;25,908.00;2,461,260.00
2023-06-16;ETB;95;;90,85;;;;91,711.00;8,332,103.30
2023-06-20;ETB;95;;92,23;;;;153,289.00;14,137,254.20
2023-06-21;ETB;95;;94,9;;;;10,120.00;960,388.00
2023-06-22;ETB;95;;94,32;;;;12,707.00;1,198,528.30
2023-06-23;ETB;95;;94,8;;;;5,904.00;559,699.20
2023-06-26;ETB;95;;92,2;;;;26,948.00;2,484,670.40
2023-06-27;ETB;95;;91,76;;;;29,207.00;2,679,923.40
2023-06-28;ETB;90;90;89,95;90;-5;-5,26;1,142,912.00;102,800,174.00
2023-06-29;ETB;90;90;89,99;90;0;;191,022.00;17,189,323.40
2023-06-30;ETB;90;;85,3;;;;34,391.00;2,933,660.00
2022-07-01;ETB;170;;161,43;;;;44,815.00;7,234,571.50
2022-07-05;ETB;170;;159,61;;;;6,704.00;1,070,030.00
2022-07-06;ETB;170;;154,17;;;;20,133.00;3,103,847.00
2022-07-07;ETB;170;;161,34;;;;53,031.00;8,555,971.00
2022-07-08;ETB;159;159;155,53;154,5;-11;-6,47;412,111.00;64,096,631.00
2022-07-11;ETB;159;159;159,28;159;0;;186,737.00;29,744,140.60
2022-07-12;ETB;159;;157,88;;;;48,307.00;7,626,618.00
2022-07-13;ETB;159;;154,04;;;;2,317.00;356,913.00
2022-07-14;ETB;159;;149,5;;;;43,118.00;6,445,987.40
2022-07-15;ETB;159;;149,93;;;;20,377.00;3,055,110.70
2022-07-18;ETB;156;156;150,53;147;-3;-1,89;325,412.00;48,983,014.00
2022-07-19;ETB;153;153;153,42;153;-3;-1,92;186,483.00;28,609,738.10
2022-07-21;ETB;145,3;145,3;146,91;145,3;-7,7;-5,03;121,924.00;17,911,572.10
2022-07-22;ETB;145,3;;148,56;;;;39,318.00;5,841,224.60
2022-07-25;ETB;154,9;154,9;155,07;153,5;9,6;6,61;266,816.00;41,376,429.00
2022-07-26;ETB;161;161;159,76;158;6,1;3,94;610,560.00;97,543,756.00
2022-07-27;ETB;169;169;168,69;169;8;4,97;129,422.00;21,832,408.00
2022-07-28;ETB;169;;153,92;;;;56,964.00;8,767,899.30
2022-07-29;ETB;169;;153,51;;;;15,128.00;2,322,278.00
2022-08-01;ETB;169;;159,79;;;;51,622.00;8,248,631.60
2022-08-02;ETB;169;;160,15;;;;1,684.00;269,689.10
2022-08-03;ETB;169;;161,9;;;;20,192.00;3,269,084.80
2022-08-04;ETB;169;;161,18;;;;12,919.00;2,082,319.10
2022-08-05;ETB;169;;155,31;;;;3,447.00;535,350.30
2022-08-08;ETB;169;;162,67;;;;42,363.00;6,891,356.30
2022-08-09;ETB;169;;152,1;;;;616.00;93,693.60
2022-08-10;ETB;169;;152,1;;;;13,300.00;2,022,930.00
2022-08-11;ETB;169;;155,77;;;;37,453.00;5,834,120.20
2022-08-12;ETB;169;;158,81;;;;15,171.00;2,409,282.00
2022-08-16;ETB;169;;158,92;;;;44,146.00;7,015,852.00
2022-08-17;ETB;169;;160,22;;;;37,574.00;6,019,945.00
2022-08-18;ETB;169;;155,03;;;;13,944.00;2,161,719.00
2022-08-19;ETB;159;159;155,96;152,5;-10;-5,92;169,810.00;26,483,929.20
2022-08-22;ETB;159;;161,56;;;;67,667.00;10,932,522.00
2022-08-23;ETB;159;;152,07;;;;23,367.00;3,553,347.60
2022-08-24;ETB;159;;153,07;;;;29,133.00;4,459,479.50
2022-08-25;ETB;159;;154,46;;;;46,864.00;7,238,690.20
2022-08-26;ETB;159;;153,93;;;;18,482.00;2,844,861.00
2022-08-29;ETB;151;151;150,78;151;-8;-5,03;70,329.00;10,604,509.00
2022-08-30;ETB;151;151;151,09;151;0;;62,992.00;9,517,596.10
2022-08-31;ETB;148,1;148,1;148,29;148,1;-2,9;-1,92;120,061.00;17,804,075.40
2022-09-01;ETB;148,1;;139,97;;;;49,298.00;6,900,293.00
2022-09-02;ETB;140,1;140,1;142,95;140,1;-8;-5,4;170,002.00;24,301,047.70
2022-09-05;ETB;140,3;140,3;141,72;140,3;0,2;0,14;182,771.00;25,902,681.50
2022-09-06;ETB;140,3;;140,54;;;;20,580.00;2,892,416.00
2022-09-07;ETB;140,3;140,3;140,21;140,3;0;;81,542.00;11,433,029.00
2022-09-08;ETB;140,3;;139,73;;;;15,510.00;2,167,210.00
2022-09-09;ETB;140,3;;137,16;;;;22,773.00;3,123,644.80
2022-09-12;ETB;140,3;;142,95;;;;70,746.00;10,113,169.00
2022-09-13;ETB;140,3;;136,3;;;;65,140.00;8,878,658.00
2022-09-14;ETB;140,3;;135,97;;;;20,658.00;2,808,852.00
2022-09-15;ETB;140,3;;132,63;;;;4,472.00;593,131.00
2022-09-16;ETB;140,3;;139,63;;;;100,000.00;13,962,530.00
2022-09-19;ETB;140,3;;130;;;;6,182.00;803,660.00
2022-09-20;ETB;140,3;;131,1;;;;39,130.00;5,129,833.80
2022-09-21;ETB;140,3;;130,21;;;;330.00;42,968.00
2022-09-22;ETB;140;140;139,93;140;-0,3;-0,21;167,412.00;23,425,347.00
2022-09-23;ETB;140;;133,1;;;;33,649.00;4,478,817.00
2022-09-26;ETB;135;135;134,83;135;-5;-3,57;51,923.00;7,001,028.00
2022-09-27;ETB;135;;135,63;;;;25,664.00;3,480,867.00
2022-09-28;ETB;135;;126,19;;;;29,511.00;3,723,984.70
2022-09-29;ETB;135;135;134,04;135;0;;117,262.00;15,717,913.00
2022-09-30;ETB;144;144;139,08;144;9;6,67;393,464.00;54,723,362.00
2022-10-03;ETB;144;;140,59;;;;13,798.00;1,939,910.60
2022-10-04;ETB;144;;133,48;;;;1,236.00;164,984.00
2022-10-05;ETB;144;;138,3;;;;44,171.00;6,108,838.00
2022-10-06;ETB;144;144;143,62;144;0;;175,239.00;25,168,266.00
2022-10-07;ETB;144;;142,51;;;;2,476.00;352,851.70
2022-10-10;ETB;144;;134,15;;;;15,812.00;2,121,219.00
2022-10-11;ETB;144;;139,85;;;;1,341.00;187,536.00
2022-10-12;ETB;144;;139,38;;;;743.00;103,562.00
2022-10-13;ETB;144;;133,82;;;;11,662.00;1,560,581.00
2022-10-14;ETB;144;;130;;;;3,322.00;431,860.00
2022-10-18;ETB;123,1;123,1;123,63;123;-20,9;-14,51;731,303.00;90,407,926.50
2022-10-19;ETB;123,1;123,1;123,11;123,1;0;;438,100.00;53,932,582.80
2022-10-20;ETB;123,1;;123,4;;;;15,901.00;1,962,216.40
2022-10-21;ETB;123,6;123,6;123,52;123,6;0,5;0,41;143,783.00;17,760,343.00
2022-10-24;ETB;118;118;110,82;101;-5,6;-4,53;224,932.00;24,926,709.20
2022-10-25;ETB;118;;118,55;;;;96,474.00;11,437,437.10
2022-10-26;ETB;118;;106,14;;;;14,900.00;1,581,444.00
2022-10-27;ETB;118;;107,64;;;;13,455.00;1,448,233.00
2022-10-28;ETB;118;;112,12;;;;40,728.00;4,566,270.00
2022-10-31;ETB;118;;111,86;;;;27,232.00;3,046,203.50
2022-11-01;ETB;118;;114,05;;;;56,278.00;6,418,598.00
2022-11-02;ETB;118;;115,83;;;;64,617.00;7,484,363.00
2022-11-03;ETB;118;;108,97;;;;1,515.00;165,086.00
2022-11-04;ETB;105;105;105,1;105;-13;-11,02;97,073.00;10,201,930.30
2022-11-08;ETB;101,5;101,5;101,88;101,5;-3,5;-3,33;300,252.00;30,589,320.40
2022-11-09;ETB;102;102;101,75;101;0,5;0,49;357,224.00;36,346,751.60
2022-11-10;ETB;108,9;108,9;106,15;108,9;6,9;6,76;296,488.00;31,471,527.80
2022-11-11;ETB;108,9;;105,1;;;;25,820.00;2,713,560.00
2022-11-15;ETB;108,9;;109,45;;;;38,720.00;4,238,005.30
2022-11-16;ETB;108,9;;106;;;;10,000.00;1,060,000.00
2022-11-17;ETB;108,9;;108;;;;5,302.00;572,611.00
2022-11-18;ETB;108,9;;108;;;;316.00;34,128.00
2022-11-21;ETB;111;111;111,01;111;2,1;1,93;674,925.00;74,921,733.00
2022-11-22;ETB;124;124;119,98;124;13;11,71;177,219.00;21,263,448.00
2022-11-23;ETB;124;;115,1;;;;69,680.00;8,019,944.00
2022-11-24;ETB;124;;112,93;;;;12,953.00;1,462,736.00
2022-11-25;ETB;110,3;110,3;110,68;110,3;-13,7;-11,05;1,017,236.00;112,590,947.20
2022-11-28;ETB;110,3;;112;;;;7,355.00;823,760.00
2022-11-29;ETB;110,3;;111,44;;;;15,174.00;1,690,954.00
2022-11-30;ETB;120;120;118,1;120;9,7;8,79;251,634.00;29,719,036.00
2022-12-01;ETB;120;120;119,96;120;0;;339,949.00;40,779,580.00
2022-12-02;ETB;120;120;120,59;120;0;;237,489.00;28,638,330.00
2022-12-05;ETB;120;120;118,82;120;0;;276,962.00;32,907,695.00
2022-12-06;ETB;120;;119,94;;;;98,573.00;11,823,042.00
2022-12-07;ETB;120;;119,25;;;;36,925.00;4,403,140.00
2022-12-09;ETB;120;;119,24;;;;4,573.00;545,280.00
2022-12-12;ETB;120;;119,85;;;;12,594.00;1,509,374.00
2022-12-13;ETB;112;112;112,02;112;-8;-6,67;191,236.00;21,422,140.00
2022-12-14;ETB;112;;118,01;;;;18,100.00;2,135,990.00
2022-12-15;ETB;112;;114,08;;;;8,700.00;992,496.00
2022-12-16;ETB;112;;114,58;;;;21,451.00;2,457,838.00
2022-12-19;ETB;112;;105,36;;;;15,141.00;1,595,260.30
2022-12-20;ETB;112;;112,44;;;;1,787.00;200,934.00
2022-12-21;ETB;108,9;108,9;108,85;108,9;-3,1;-2,77;323,622.00;35,227,135.80
2022-12-22;ETB;108,9;;108;;;;57,190.00;6,176,520.00
2022-12-23;ETB;108;108;108;108;-0,9;-0,83;147,271.00;15,905,268.00
2022-12-26;ETB;108;;108,24;;;;6,183.00;669,227.70
2022-12-27;ETB;108;;102,83;;;;14,006.00;1,440,264.00
2022-12-28;ETB;108;;106;;;;3,038.00;322,028.00
2022-12-29;ETB;108;;119,7;;;;55,000.00;6,583,500.00
2022-01-03;ETB;194,8;194,8;194,81;194,7;4,8;2,53;192,985.00;37,595,265.00
2022-01-04;ETB;195,9;195,9;195,53;195;1,1;0,56;235,688.00;46,084,126.10
2022-01-05;ETB;195,9;0;192,36;0;0;0;75,826.00;14,586,094.40
2022-01-06;ETB;190;194;192,15;190;-5,9;-3,01;405,019.00;77,822,610.60
2022-01-07;ETB;190;190;189,96;190;0;0;235,911.00;44,813,931.40
2022-01-11;ETB;190;0;188,38;0;0;0;19,198.00;3,616,588.90
2022-01-12;ETB;188;188;187,83;188;-2;-1,05;58,396.00;10,968,566.20
2022-01-13;ETB;188;188;186,64;187;0;0;207,966.00;38,814,134.70
2022-01-14;ETB;188;0;189,87;0;0;0;104,614.00;19,862,713.80
2022-01-17;ETB;186;190;188,18;186;-2;-1,06;726,672.00;136,741,741.80
2022-01-18;ETB;190;190;189,75;186;4;2,15;2,924,114.00;554,838,252.80
2022-01-19;ETB;186,1;190;188,29;186,1;-3,9;-2,05;1,486,119.00;279,822,049.80
2022-01-20;ETB;190;190;189;188;3,9;2,1;241,741.00;45,688,660.00
2022-01-21;ETB;192;192;188,33;186;2;1,05;1,102,726.00;207,673,467.00
2022-01-24;ETB;187;189;188,28;187;-5;-2,6;292,839.00;55,136,267.10
2022-01-25;ETB;187;0;188,07;0;0;0;49,052.00;9,225,229.80
2022-01-26;ETB;187;188;187,67;187;0;0;393,880.00;73,919,756.00
2022-01-27;ETB;189,9;189,9;188,74;186;2,9;1,55;293,862.00;55,463,581.50
2022-01-28;ETB;190;190;188,06;187;0,1;0,05;226,895.00;42,670,344.50
2022-01-31;ETB;189,9;190;189,29;187,1;-0,1;-0,05;282,554.00;53,484,772.90
2022-02-01;ETB;187;188;187,7;187;-2,9;-1,53;340,848.00;63,977,877.00
2022-02-02;ETB;186;187;186,57;186;-1;-0,53;364,197.00;67,948,410.50
2022-02-03;ETB;186;0;185,52;0;0;0;40,223.00;7,462,297.40
2022-02-04;ETB;183,1;185,1;184,1;183,1;-2,9;-1,56;433,721.00;79,848,047.90
2022-02-07;ETB;183,1;0;185,06;0;0;0;58,374.00;10,802,492.00
2022-02-08;ETB;188;188;185,27;183,1;4,9;2,68;322,532.00;59,754,069.00
2022-02-09;ETB;187,4;187,4;183,23;180;-0,6;-0,32;518,273.00;94,961,012.40
2022-02-10;ETB;187,4;0;182,16;0;0;0;79,805.00;14,537,112.10
2022-02-11;ETB;187,4;0;182,35;0;0;0;49,824.00;9,085,548.50
2022-02-14;ETB;188;188;185,22;188;0,6;0,32;213,236.00;39,495,985.80
2022-02-15;ETB;180,6;182,1;181,14;180,5;-7,4;-3,94;576,804.00;104,481,421.90
2022-02-16;ETB;184,5;184,5;182,49;184,5;3,9;2,16;247,542.00;45,174,929.30
2022-02-17;ETB;184;184;182,59;181,2;-0,5;-0,27;336,936.00;61,522,045.10
2022-02-18;ETB;182;183;182;181;-2;-1,09;224,311.00;40,824,212.40
2022-02-21;ETB;182;0;183,78;0;0;0;11,894.00;2,185,895.30
2022-02-22;ETB;182;0;184,07;0;0;0;137,158.00;25,246,921.50
2022-02-23;ETB;182;0;183,3;0;0;0;26,178.00;4,798,510.30
2022-02-24;ETB;182;0;180,71;0;0;0;127,601.00;23,058,788.60
2022-02-25;ETB;182;0;180,5;0;0;0;22,994.00;4,150,457.30
2022-02-28;ETB;180;180;181,49;180;-2;-1,1;141,285.00;25,642,098.30
2022-03-01;ETB;182,3;182,3;182,53;182,3;2,3;1,28;123,035.00;22,457,452.80
2022-03-02;ETB;182,3;0;182,77;0;0;0;89,235.00;16,309,329.50
2022-03-03;ETB;192;192;188,02;180;9,7;5,32;2,489,232.00;468,025,005.40
2022-03-04;ETB;192;0;188,08;0;0;0;20,226.00;3,804,037.50
2022-03-07;ETB;192;0;187,57;0;0;0;49,987.00;9,376,159.10
2022-03-08;ETB;192;0;183,98;0;0;0;247,503.00;45,535,729.00
2022-03-09;ETB;191;191;187,79;180;-1;-0,52;855,155.00;160,586,991.10
2022-03-10;ETB;184,5;185;185,24;184,5;-6,5;-3,4;267,884.00;49,623,482.40
2022-03-11;ETB;182;182;182,82;182;-2,5;-1,36;94,016.00;17,187,785.50
2022-03-14;ETB;187,5;188,1;187,42;187,5;5,5;3,02;297,662.00;55,788,306.30
2022-03-15;ETB;187,5;0;187,98;0;0;0;100,701.00;18,930,093.80
2022-03-16;ETB;181;182,2;182,2;181;-6,5;-3,47;1,229,833.00;224,071,545.20
2022-03-17;ETB;181;;184,68;;;;4,975.00;918,797.20
2022-03-18;ETB;182,2;187;183,37;180;1,2;0,66;1,149,438.00;210,778,147.20
2022-03-22;ETB;182,2;;182,49;;;;24,952.00;4,553,494.80
2022-03-23;ETB;182,2;;181,81;;;;9,093.00;1,653,228.80
2022-03-24;ETB;182,2;;184,4;;;;77,497.00;14,290,237.50
2022-03-25;ETB;182;182,1;181,99;182;-0,2;-0,11;210,682.00;38,341,225.60
2022-03-28;ETB;182;;181,71;;;;43,435.00;7,892,583.50
2022-03-29;ETB;182;182;182,43;182;0;;302,036.00;55,101,375.20
2022-03-30;ETB;182;182;181,81;182;0;;632,727.00;115,037,783.20
2022-03-31;ETB;181;181;181,01;181;-1;-0,55;100,741.00;18,234,936.00
2022-04-01;ETB;184,9;184,9;183,84;184;3,9;2,15;138,644.00;25,488,168.00
2022-04-04;ETB;184,9;;180,85;;;;83,143.00;15,036,666.50
2022-04-05;ETB;184,9;;182,23;;;;101,080.00;18,420,167.10
2022-04-06;ETB;184,6;184,6;180,07;177;-0,3;-0,16;399,521.00;71,942,274.90
2022-04-07;ETB;184,6;;178,21;;;;137,055.00;24,424,495.60
2022-04-08;ETB;184,6;;177,99;;;;61,626.00;10,968,591.00
2022-04-11;ETB;184,6;;182,21;;;;6,059.00;1,103,984.20
2022-04-12;ETB;182,9;182,9;181,29;182,9;-1,7;-0,92;123,099.00;22,316,830.30
2022-04-13;ETB;182,9;;178,42;;;;11,713.00;2,089,881.80
2022-04-18;ETB;180;180;180,18;180;-2,9;-1,59;465,934.00;83,951,915.50
2022-04-19;ETB;180;180;179,87;180;0;;794,199.00;142,850,440.90
2022-04-20;ETB;180;;175,99;;;;27,050.00;4,760,499.30
2022-04-21;ETB;180;;175,63;;;;47,051.00;8,263,502.20
2022-04-22;ETB;180;180;179,72;180;0;;251,438.00;45,189,252.60
2022-04-25;ETB;180;180;180;180;0;;241,911.00;43,544,837.00
2022-04-26;ETB;177;177;177,17;177;-3;-1,67;136,424.00;24,169,644.00
2022-04-27;ETB;177;;178,59;;;;82,636.00;14,757,739.10
2022-04-28;ETB;177;;178,44;;;;38,561.00;6,880,821.50
2022-04-29;ETB;177;;177,95;;;;204,562.00;36,402,684.90
2022-05-02;ETB;175;175;174,23;175;-2;-1,13;95,668.00;16,668,157.60
2022-05-03;ETB;175;;173,58;;;;50,888.00;8,833,214.40
2022-05-04;ETB;175;;172,36;;;;20,693.00;3,566,573.50
2022-05-05;ETB;175;;171,48;;;;8,115.00;1,391,594.90
2022-05-06;ETB;175;;168,41;;;;46,274.00;7,792,888.50
2022-05-09;ETB;170;174;171,79;170;-5;-2,86;381,139.00;65,474,451.20
2022-05-10;ETB;160;162;161,16;160;-10;-5,88;350,498.00;56,486,209.80
2022-05-11;ETB;165;165;162,91;158;5;3,13;293,571.00;47,825,518.20
2022-05-12;ETB;170;170;168,18;169;5;3,03;299,933.00;50,443,388.60
2022-05-13;ETB;171;171;171,15;171;1;0,59;84,825.00;14,517,749.00
2022-05-16;ETB;175;175;175,52;175;4;2,34;71,965.00;12,631,362.00
2022-05-17;ETB;180;180;177,06;180;5;2,86;172,205.00;30,490,185.00
2022-05-18;ETB;169;171;169,26;169;-11;-6,11;1,278,827.00;216,456,637.00
2022-05-19;ETB;169;;169,32;;;;24,301.00;4,114,683.00
2022-05-20;ETB;159,2;159,2;159,44;159,2;-9,8;-5,8;195,844.00;31,226,066.60
2022-05-23;ETB;159,3;162;160,78;159,3;0,1;0,06;528,917.00;85,037,560.30
2022-05-24;ETB;165;165,9;158,84;151;5,7;3,58;667,849.00;106,082,875.70
2022-05-25;ETB;165;;159,11;;;;31,843.00;5,066,491.00
2022-05-26;ETB;161,1;161,1;162,5;161,1;-3,9;-2,36;100,840.00;16,386,956.80
2022-05-27;ETB;162;163;162,56;162;0,9;0,56;248,028.00;40,318,741.00
2022-05-31;ETB;152,5;168;154,95;152,5;-9,5;-5,86;2,149,654.00;333,087,300.00
2022-06-01;ETB;161;161;156,93;155;8,5;5,57;932,513.00;146,340,734.30
2022-06-02;ETB;163,8;163,8;162,24;163,8;2,8;1,74;212,970.00;34,551,555.20
2022-06-03;ETB;165;165;164,53;163,9;1,2;0,73;853,537.00;140,436,538.00
2022-06-06;ETB;165;;164,31;;;;18,632.00;3,061,375.30
2022-06-07;ETB;165;165;164,62;161;0;0;449,910.00;74,064,874.80
2022-06-08;ETB;165;;162,92;;;;13,648.00;2,223,546.90
2022-06-09;ETB;165;;159,14;;;;84,823.00;13,498,669.30
2022-06-10;ETB;165;;163,07;;;;39,543.00;6,448,153.30
2022-06-13;ETB;156;156,5;156,19;156;-9;-5,45;285,343.00;44,568,055.70
2022-06-14;ETB;160;160;159,91;160;4;2,56;1,031,329.00;164,916,384.50
2022-06-15;ETB;156;156;155,36;155;-4;-2,5;242,550.00;37,683,728.00
2022-06-16;ETB;156;;152,27;;;;42,940.00;6,538,422.80
2022-06-17;ETB;155;159,9;156,35;155;-1;-0,64;368,660.00;57,640,893.00
2022-06-21;ETB;155;155;151,64;150;0;0;668,035.00;101,298,575.50
2022-06-22;ETB;158,5;158,5;156,76;155;3,5;2,26;217,121.00;34,034,916.30
2022-06-23;ETB;158;158;156,06;147;-0,5;-0,32;811,647.00;126,667,795.90
2022-06-24;ETB;157,9;157,9;152,81;148,5;-0,1;-0,06;182,891.00;27,948,419.20
2022-06-28;ETB;157,9;;155,27;;;;55,221.00;8,574,317.70
2022-06-29;ETB;170;170;157,3;151;12,1;7,66;248,764.00;39,130,457.70
2022-06-30;ETB;170;;160,97;;;;19,775.00;3,183,204.80
2021-07-01;ETB;208,9;0;203,39;0;0;0;90,374.00;18,381,165.50
2021-07-02;ETB;207;207;203,5;201;-1,9;-0,91;128,239.00;26,096,584.20
2021-07-06;ETB;207;0;204,38;0;0;0;67,631.00;13,822,472.50
2021-07-07;ETB;207;0;205,19;0;0;0;22,938.00;4,706,757.70
2021-07-08;ETB;203;203;200,54;200,1;-4;-1,93;888,478.00;178,178,355.30
2021-07-09;ETB;200;203;201,33;200;-3;-1,48;260,928.00;52,532,149.90
2021-07-12;ETB;200,5;200,5;199,99;199,6;0,5;0,25;404,799.00;80,956,241.40
2021-07-13;ETB;200,5;0;201,03;0;0;0;24,654.00;4,956,261.90
2021-07-14;ETB;200,5;0;203,51;0;0;0;57,817.00;11,766,372.90
2021-07-15;ETB;200;200;199,54;199;-0,5;-0,25;434,992.00;86,796,594.10
2021-07-16;ETB;196,1;200;198,29;196,1;-3,9;-1,95;167,244.00;33,162,249.00
2021-07-19;ETB;196,1;0;197,2;0;0;0;25,807.00;5,089,129.00
2021-07-21;ETB;196,1;0;195,81;0;0;0;17,334.00;3,394,202.90
2021-07-22;ETB;199,9;199,9;199,71;199,9;3,8;1,94;38,872.00;7,763,077.40
2021-07-23;ETB;199,9;0;195,38;0;0;0;59,796.00;11,682,841.00
2021-07-26;ETB;196;196;196,02;196;-3,9;-1,95;215,192.00;42,182,595.50
2021-07-27;ETB;196;0;195,38;0;0;0;8,493.00;1,659,320.50
2021-07-28;ETB;194,5;194,5;195,13;194,5;-1,5;-0,77;134,528.00;26,249,808.00
2021-07-29;ETB;194,9;194,9;194,05;193;0,4;0,21;216,936.00;42,097,493.30
2021-07-30;ETB;194;194;193,03;193;-0,9;-0,46;352,011.00;67,949,824.00
2021-08-02;ETB;194;0;187,44;0;0;0;6,904.00;1,294,058.00
2021-08-03;ETB;194;0;191,03;0;0;0;24,878.00;4,752,559.00
2021-08-04;ETB;197;197;190,32;185,9;3;1,55;157,631.00;30,000,523.40
2021-08-05;ETB;197;0;185,18;0;0;0;22,307.00;4,130,819.10
2021-08-06;ETB;197;0;194;0;0;0;5,043.00;978,342.00
2021-08-09;ETB;197;0;188,68;0;0;0;3,398.00;641,126.00
2021-08-10;ETB;197;0;185,12;0;0;0;713.00;131,992.80
2021-08-11;ETB;193,9;193,9;187,4;180,7;-3,1;-1,57;191,055.00;35,803,799.30
2021-08-12;ETB;193,9;0;193,73;0;0;0;11,136.00;2,157,407.20
2021-08-13;ETB;200;200;198,33;196,8;6,1;3,15;507,760.00;100,705,776.20
2021-08-17;ETB;200;0;198,13;0;0;0;137,832.00;27,309,166.00
2021-08-18;ETB;196,5;200;199,03;196,5;-3,5;-1,75;478,329.00;95,203,136.60
2021-08-19;ETB;196,5;0;198,25;0;0;0;113,177.00;22,437,324.30
2021-08-20;ETB;196,5;0;200;0;0;0;18,213.00;3,642,600.00
2021-08-23;ETB;199;199;198,19;199;2,5;1,27;157,420.00;31,198,890.60
2021-08-24;ETB;199,6;199,8;195,91;190,1;0,6;0,3;489,759.00;95,951,107.40
2021-08-25;ETB;203,8;204;201,96;195,4;4,2;2,1;349,034.00;70,489,677.10
2021-08-26;ETB;203,5;204,9;204,42;203,5;-0,3;-0,15;823,216.00;168,282,464.30
2021-08-27;ETB;203,5;0;198,89;0;0;0;79,754.00;15,862,496.20
2021-08-30;ETB;203,5;0;198,94;0;0;0;15,123.00;3,008,549.50
2021-08-31;ETB;202;202;200,71;202;-1,5;-0,74;249,637.00;50,105,629.30
2021-09-01;ETB;202;0;197,86;0;0;0;133,869.00;26,487,931.70
2021-09-02;ETB;202,1;202,1;200,74;202,1;0,1;0,05;56,250.00;11,291,536.40
2021-09-03;ETB;202,1;0;197,21;0;0;0;26,264.00;5,179,458.00
2021-09-06;ETB;202,1;0;202,53;0;0;0;67,448.00;13,660,320.60
2021-09-07;ETB;200;200;196,22;193;-2,1;-1,04;436,962.00;85,739,535.90
2021-09-08;ETB;199,9;199,9;199,46;199,9;-0,1;-0,05;90,485.00;18,048,130.80
2021-09-09;ETB;199,9;0;198,87;0;0;0;101,768.00;20,239,069.90
2021-09-10;ETB;200;200;200,16;200;0,1;0,05;101,358.00;20,287,540.80
2021-09-13;ETB;200;200;199,66;199;0;0;430,063.00;85,867,757.50
2021-09-14;ETB;195;195;195,26;195;-5;-2,5;201,688.00;39,380,820.60
2021-09-15;ETB;195;0;195,48;0;0;0;114,307.00;22,345,019.00
2021-09-16;ETB;199,9;199,9;195,77;192;4,9;2,51;398,745.00;78,062,005.20
2021-09-17;ETB;199,9;0;198,06;0;0;0;27,380.00;5,422,975.00
2021-09-20;ETB;199,9;0;196,43;0;0;0;58,692.00;11,528,866.30
2021-09-21;ETB;194;194;193,81;194;-5,9;-2,95;88,854.00;17,221,110.00
2021-09-22;ETB;199,6;199,6;197;197,9;5,6;2,89;266,966.00;52,593,111.20
2021-09-23;ETB;198,8;198,8;194,93;192,3;-0,8;-0,4;160,584.00;31,302,154.20
2021-09-24;ETB;197,9;197,9;195,18;193,2;-0,9;-0,45;133,425.00;26,041,924.60
2021-09-27;ETB;197,8;197,8;195,57;195;-0,1;-0,05;647,283.00;126,590,519.70
2021-09-28;ETB;197,8;0;193,55;0;0;0;116,071.00;22,465,876.80
2021-09-29;ETB;197,8;0;195,76;0;0;0;59,495.00;11,646,467.00
2021-09-30;ETB;200;200;197,25;193,3;2,2;1,11;1,932,074.00;381,103,462.40
2021-10-01;ETB;200;0;195,98;0;0;0;27,425.00;5,374,732.50
2021-10-04;ETB;195;199,9;195,6;195;-5;-2,5;920,451.00;180,042,914.00
2021-10-05;ETB;195;197;196,28;195;0;0;343,531.00;67,426,558.20
2021-10-06;ETB;198,9;198,9;197,73;198,9;3,9;2;146,937.00;29,054,226.70
2021-10-07;ETB;198,9;198,9;197,76;195;0;0;448,426.00;88,682,315.00
2021-10-08;ETB;198,9;0;197,35;0;0;0;4,729.00;933,289.30
2021-10-11;ETB;198;198;196,79;196;-0,9;-0,45;571,024.00;112,371,984.30
2021-10-12;ETB;197,9;197,9;196,2;195;-0,1;-0,05;293,056.00;57,498,442.30
2021-10-13;ETB;194;197;194,63;194;-3,9;-1,97;243,636.00;47,419,926.00
2021-10-14;ETB;200;200;199,02;197,9;6;3,09;533,973.00;106,268,841.50
2021-10-15;ETB;199,8;199,8;198,68;195,3;-0,2;-0,1;405,916.00;80,645,529.50
2021-10-19;ETB;195,2;198;196,82;195,2;-4,6;-2,3;225,750.00;44,432,833.70
2021-10-20;ETB;198;198;197,84;197,8;2,8;1,43;784,592.00;155,224,510.60
2021-10-21;ETB;199,7;199,7;198,91;198;1,7;0,86;360,677.00;71,743,054.80
2021-10-22;ETB;198,9;198,9;195,99;195,1;-0,8;-0,4;411,396.00;80,627,578.80
2021-10-25;ETB;197,9;197,9;197,76;197,9;-1;-0,5;81,778.00;16,172,647.80
2021-10-26;ETB;197,9;0;196,72;0;0;0;7,803.00;1,535,044.80
2021-10-27;ETB;201,8;201,8;201,71;201,8;3,9;1,97;177,105.00;35,723,503.50
2021-10-28;ETB;201,8;201,8;197,23;195;0;0;966,566.00;190,633,482.20
2021-10-29;ETB;201;201;199,87;198;-0,8;-0,4;268,472.00;53,659,384.40
2021-11-02;ETB;201;0;199,54;0;0;0;147,696.00;29,471,510.00
2021-11-03;ETB;201;0;199,22;0;0;0;21,326.00;4,248,492.00
2021-11-04;ETB;201;0;197,22;0;0;0;62,724.00;12,370,671.50
2021-11-05;ETB;201;0;195,82;0;0;0;80,381.00;15,739,820.40
2021-11-08;ETB;201;0;197,53;0;0;0;29,230.00;5,773,842.70
2021-11-09;ETB;201;201;199,81;196;0;0;313,804.00;62,700,388.20
2021-11-10;ETB;201;0;197,61;0;0;0;19,137.00;3,781,718.30
2021-11-11;ETB;199;199;198,81;199;-2;-1;55,147.00;10,963,717.00
2021-11-12;ETB;197,9;197,9;193,72;192,1;-1,1;-0,55;276,230.00;53,511,239.30
2021-11-16;ETB;197,9;0;194,89;0;0;0;77,189.00;15,043,103.60
2021-11-17;ETB;197,9;0;196,16;0;0;0;114,704.00;22,500,517.00
2021-11-18;ETB;197,9;0;197,89;0;0;0;67,199.00;13,298,195.40
2021-11-19;ETB;197,9;0;193,59;0;0;0;73,967.00;14,319,600.50
2021-11-22;ETB;197,9;0;194,62;0;0;0;22,958.00;4,468,025.50
2021-11-23;ETB;194,1;194,1;194,52;194,1;-3,8;-1,92;60,648.00;11,796,991.80
2021-11-24;ETB;196;196;194,44;192;1,9;0,98;300,781.00;58,483,852.00
2021-11-25;ETB;192,1;192,1;192,97;192,1;-3,9;-1,99;136,757.00;26,389,382.00
2021-11-26;ETB;192,5;192,5;192,46;192,5;0,4;0,21;131,776.00;25,361,013.50
2021-11-29;ETB;195;195,9;192,37;189,5;2,5;1,3;395,392.00;76,062,864.90
2021-11-30;ETB;194,8;194,8;191,65;190;-0,2;-0,1;225,107.00;43,142,661.50
2021-12-01;ETB;192;192;192,03;191;-2,8;-1,44;98,686.00;18,950,545.60
2021-12-02;ETB;192;192;192,26;192;0;0;138,623.00;26,651,952.20
2021-12-03;ETB;190,1;190,1;190,63;190,1;-1,9;-0,99;157,831.00;30,086,813.30
2021-12-06;ETB;191;191;191,69;191;0,9;0,47;146,212.00;28,027,100.20
2021-12-07;ETB;192;193,9;188,93;185;1;0,52;1,079,342.00;203,919,578.80
2021-12-09;ETB;191;191;191,17;191;-1;-0,52;317,932.00;60,777,607.80
2021-12-10;ETB;186,1;186,1;187,49;186,1;-4,9;-2,57;161,963.00;30,366,701.00
2021-12-13;ETB;186,5;186,5;187,21;186,5;0,4;0,21;110,590.00;20,703,632.10
2021-12-14;ETB;186,5;0;189,64;0;0;0;10,092.00;1,913,810.00
2021-12-15;ETB;185;186,5;186,33;185;-1,5;-0,8;180,371.00;33,609,395.10
2021-12-16;ETB;190;190;187,31;186;5;2,7;745,250.00;139,591,158.90
2021-12-17;ETB;190;190;189,67;190;0;0;244,920.00;46,454,668.20
2021-12-20;ETB;190;0;190,87;0;0;0;11,768.00;2,246,100.00
2021-12-21;ETB;190;193;190,76;190;0;0;202,808.00;38,688,364.70
2021-12-22;ETB;190;0;190,69;0;0;0;1,945.00;370,894.30
2021-12-23;ETB;190;0;189,26;0;0;0;6,147.00;1,163,403.40
2021-12-24;ETB;190;0;189,96;0;0;0;4,585.00;870,950.20
2021-12-27;ETB;190;0;191,36;0;0;0;15,799.00;3,023,329.00
2021-12-28;ETB;190;190;189,96;188;0;0;226,206.00;42,969,543.50
2021-12-29;ETB;190;0;191,15;0;0;0;26,327.00;5,032,371.00
2021-12-30;ETB;190;0;192,7;0;0;0;10,219.00;1,969,213.00
2021-01-04;ETB;213;216;214,64;213;-4;-1,84;317,066.00;68,056,593.70
2021-01-05;ETB;215;215;213,3;213;2;0,94;372,131.00;79,376,879.00
2021-01-06;ETB;218;218,2;217,94;216,5;3;1,4;712,268.00;155,233,026.30
2021-01-07;ETB;213;216;213,26;213;-5;-2,29;791,081.00;168,701,985.10
2021-01-08;ETB;215,2;217,9;216,56;215;2,2;1,03;840,290.00;181,970,046.00
2021-01-12;ETB;214,3;215,1;214,75;214,3;-0,9;-0,42;520,995.00;111,884,334.10
2021-01-13;ETB;214,4;216;214,99;214,4;0,1;0,05;1,059,726.00;227,826,626.00
2021-01-14;ETB;215;215;214,89;214,5;0,6;0,28;561,658.00;120,693,474.50
2021-01-15;ETB;214,3;215;214,57;214,3;-0,7;-0,33;542,586.00;116,423,028.40
2021-01-18;ETB;214,3;0;214,9;0;0;0;23,914.00;5,139,103.40
2021-01-19;ETB;213,1;215;214,51;213,1;-1,2;-0,56;457,395.00;98,117,546.40
2021-01-20;ETB;213,1;0;213,93;0;0;0;15,324.00;3,278,305.70
2021-01-21;ETB;214;214;214,28;214;0,9;0,42;82,557.00;17,690,084.00
2021-01-22;ETB;214,1;214,8;213,7;213,1;0,1;0,05;727,921.00;155,557,827.90
2021-01-25;ETB;214,1;0;213,42;0;0;0;135,830.00;28,989,163.30
2021-01-26;ETB;214,1;0;214,11;0;0;0;12,422.00;2,659,696.80
2021-01-27;ETB;214,1;0;212,4;0;0;0;73,382.00;15,586,568.30
2021-01-28;ETB;214,1;0;212,79;0;0;0;1,956.00;416,221.50
2021-01-29;ETB;210;213,9;201,69;200;-4,1;-1,91;17,693,659.00;3,568,624,681.10
2021-02-01;ETB;207;209;205,58;200,1;-3;-1,43;2,369,929.00;487,204,401.80
2021-02-02;ETB;214;214;206,11;205;7;3,38;3,655,035.00;753,326,032.60
2021-02-03;ETB;214;0;213,81;0;0;0;168.00;35,919.40
2021-02-04;ETB;212,1;212,1;211,33;212,1;-1,9;-0,89;106,118.00;22,426,412.50
2021-02-05;ETB;212,1;0;214,34;0;0;0;38,769.00;8,309,580.30
2021-02-08;ETB;213,5;213,5;208,66;206;1,4;0,66;457,136.00;95,388,009.10
2021-02-09;ETB;215;215;214,81;214,5;1,5;0,7;711,717.00;152,884,585.40
2021-02-10;ETB;230;230;222,02;214,8;15;6,98;4,648,114.00;1,031,964,405.10
2021-02-11;ETB;240;240;236,09;229,3;10;4,35;5,273,719.00;1,245,054,802.50
2021-02-12;ETB;245,5;248;242,9;235;5,5;2,29;4,524,216.00;1,098,924,392.90
2021-02-15;ETB;235,1;242;238,25;234,1;-10,4;-4,24;341,289.00;81,312,292.60
2021-02-16;ETB;234;235;234,35;234;-1,1;-0,47;414,767.00;97,198,595.10
2021-02-17;ETB;234;234;233,05;234;0;0;69,274.00;16,144,306.00
2021-02-18;ETB;238,7;238,7;234,61;234,9;4,7;2,01;348,030.00;81,652,067.90
2021-02-19;ETB;238;238;233,74;229,9;-0,7;-0,29;373,179.00;87,226,910.00
2021-02-22;ETB;238;238;234,54;230;0;0;194,016.00;45,504,534.10
2021-02-23;ETB;235;235,1;231,87;229,1;-3;-1,26;677,599.00;157,113,670.80
2021-02-24;ETB;235;0;228,98;0;0;0;27,087.00;6,202,484.70
2021-02-25;ETB;231;231;229,74;227,2;-4;-1,7;591,686.00;135,932,088.20
2021-02-26;ETB;226;232;226,9;223,1;-5;-2,16;911,624.00;206,847,874.80
2021-03-01;ETB;230;232;230,94;230;4;1,77;105,207.00;24,296,163.40
2021-03-02;ETB;230;0;223,7;0;0;0;29,935.00;6,696,370.90
2021-03-03;ETB;227;227;225,75;223;-3;-1,3;827,261.00;186,753,352.60
2021-03-04;ETB;219;221,4;220,28;219;-8;-3,52;722,399.00;159,132,031.50
2021-03-05;ETB;239;239;226,55;216,9;20;9,13;1,042,603.00;236,198,765.90
2021-03-08;ETB;230;230;228,03;230;-9;-3,77;114,696.00;26,153,949.10
2021-03-09;ETB;232;232;231,24;232;2;0,87;178,575.00;41,293,270.00
2021-03-10;ETB;223;232;225,1;223;-9;-3,88;229,832.00;51,735,966.40
2021-03-11;ETB;218,1;223,3;220,56;218,1;-4,9;-2,2;525,419.00;115,887,760.00
2021-03-12;ETB;218,1;0;222,73;0;0;0;55,100.00;12,272,304.40
2021-03-15;ETB;221,1;221,1;220,18;218,6;3;1,38;99,458.00;21,898,810.60
2021-03-16;ETB;226;226;225,96;226;4,9;2,22;269,726.00;60,948,193.90
2021-03-17;ETB;223,5;223,5;221,56;220;-2,5;-1,11;239,581.00;53,081,011.30
2021-03-18;ETB;218;220;218,41;218;-5,5;-2,46;1,063,316.00;232,241,531.10
2021-03-19;ETB;215;219;215,5;215;-3;-1,38;885,371.00;190,800,690.00
2021-03-23;ETB;211,1;215;212,99;211,1;-3,9;-1,81;246,922.00;52,591,393.30
2021-03-24;ETB;217,9;218;217,82;217,9;6,8;3,22;123,844.00;26,975,668.60
2021-03-25;ETB;217,9;0;218,51;0;0;0;12,981.00;2,836,518.30
2021-03-26;ETB;217,9;0;220,28;0;0;0;3,911.00;861,530.90
2021-03-29;ETB;217;217;217,02;217;-0,9;-0,41;120,026.00;26,048,554.00
2021-03-30;ETB;221,5;221,5;218,49;214;4,5;2,07;95,093.00;20,777,240.00
2021-03-31;ETB;221;221,3;220,84;221;-0,5;-0,23;122,080.00;26,960,408.80
2021-04-05;ETB;221;0;221,27;0;0;0;1,840.00;407,139.20
2021-04-06;ETB;221;0;219,07;0;0;0;9,840.00;2,155,607.80
2021-04-07;ETB;221;0;215,45;0;0;0;4,657.00;1,003,362.10
2021-04-08;ETB;221;0;215,48;0;0;0;37,981.00;8,184,212.50
2021-04-09;ETB;220;220;218,3;213;-1;-0,45;324,963.00;70,939,910.80
2021-04-12;ETB;222;222;221,72;222;2;0,91;156,349.00;34,665,215.00
2021-04-13;ETB;222;0;216,03;0;0;0;44,249.00;9,559,240.10
2021-04-14;ETB;219,9;220;216,52;215;-2,1;-0,95;501,549.00;108,593,604.60
2021-04-15;ETB;219,9;0;215,74;0;0;0;36,532.00;7,881,573.70
2021-04-16;ETB;219,9;0;216,05;0;0;0;48,074.00;10,386,320.70
2021-04-19;ETB;215,1;215,1;215,23;215,1;-4,8;-2,18;78,909.00;16,983,681.80
2021-04-20;ETB;215,1;0;216,2;0;0;0;46,785.00;10,114,743.10
2021-04-21;ETB;215,6;215,6;215,67;215,6;0,5;0,23;159,988.00;34,504,995.90
2021-04-22;ETB;215,6;0;213,49;0;0;0;27,556.00;5,882,868.30
2021-04-23;ETB;215,6;0;214,57;0;0;0;21,109.00;4,529,446.40
2021-04-26;ETB;215,6;0;212,52;0;0;0;12,450.00;2,645,840.70
2021-04-27;ETB;213;213;215;213;-2,6;-1,21;95,165.00;20,460,772.00
2021-04-28;ETB;213;213;213,73;213;0;0;115,765.00;24,742,413.00
2021-04-29;ETB;215;215;215,64;215;2;0,94;140,695.00;30,338,808.20
2021-04-30;ETB;218;218;216,95;211,1;3;1,4;711,771.00;154,415,935.70
2021-05-03;ETB;210;212,1;210,83;210;-8;-3,67;436,062.00;91,934,528.40
2021-05-04;ETB;210;0;208,54;0;0;0;25,436.00;5,304,447.40
2021-05-05;ETB;210;0;208,02;0;0;0;32,429.00;6,745,831.30
2021-05-06;ETB;210;0;211,05;0;0;0;20,136.00;4,249,782.70
2021-05-07;ETB;212;212;211,82;210;2;0,95;409,365.00;86,709,673.30
2021-05-10;ETB;218;218;213,55;210;6;2,83;655,791.00;140,047,018.50
2021-05-11;ETB;211,9;216,9;209,44;206;-6,1;-2,8;505,850.00;105,946,363.90
2021-05-12;ETB;211,9;0;211,37;0;0;0;43,205.00;9,132,348.30
2021-05-13;ETB;215;215;214,8;215;3,1;1,46;197,968.00;42,523,611.10
2021-05-14;ETB;214,9;214,9;212,57;205,1;-0,1;-0,05;320,482.00;68,123,509.90
2021-05-18;ETB;214,9;0;209,9;0;0;0;35,075.00;7,362,234.00
2021-05-19;ETB;214,9;0;207,73;0;0;0;29,019.00;6,027,985.80
2021-05-20;ETB;209,9;209,9;205,24;200,5;-5;-2,33;348,693.00;71,565,106.80
2021-05-21;ETB;209,9;0;203,41;0;0;0;9,973.00;2,028,633.00
2021-05-24;ETB;202;202;202,06;202;-7,9;-3,76;368,743.00;74,506,518.90
2021-05-25;ETB;200;200;200,51;200;-2;-0,99;184,027.00;36,898,809.60
2021-05-26;ETB;200;0;201,84;0;0;0;2,826.00;570,402.60
2021-05-27;ETB;208;208;207,65;203;8;4;3,423,062.00;710,785,014.90
2021-05-28;ETB;208;208;204,08;197;0;0;481,703.00;98,306,705.30
2021-05-31;ETB;208;0;203,08;0;0;0;22,387.00;4,546,449.00
2021-06-01;ETB;210,9;210,9;210,7;210,9;2,9;1,39;59,251.00;12,484,060.70
2021-06-02;ETB;213;213;212,41;211;2,1;1;257,936.00;54,787,797.00
2021-06-03;ETB;213;0;212,47;0;0;0;18,763.00;3,986,492.50
2021-06-04;ETB;213;0;213,82;0;0;0;8,438.00;1,804,212.00
2021-06-08;ETB;213;0;208,45;0;0;0;637.00;132,785.40
2021-06-09;ETB;212,8;212,8;208,01;202,3;-0,2;-0,09;111,193.00;23,129,043.60
2021-06-10;ETB;203;203;204,14;203;-9,8;-4,61;137,731.00;28,116,259.30
2021-06-11;ETB;206;206;206,7;206;3;1,48;130,177.00;26,907,447.60
2021-06-15;ETB;205;208;205,81;205;-1;-0,49;173,843.00;35,778,581.50
2021-06-16;ETB;203,1;203,1;204,31;203,1;-1,9;-0,93;59,321.00;12,120,107.20
2021-06-17;ETB;203,1;0;211,09;0;0;0;320.00;67,550.20
2021-06-18;ETB;200;200;200,71;200;-3,1;-1,53;127,996.00;25,689,694.90
2021-06-21;ETB;201;201;201,96;201;1;0,5;173,640.00;35,069,083.10
2021-06-22;ETB;201;0;203,36;0;0;0;79,181.00;16,102,618.00
2021-06-23;ETB;201;0;206;0;0;0;2,000.00;412,000.00
2021-06-24;ETB;201;201;201,88;201;0;0;284,843.00;57,502,782.00
2021-06-25;ETB;209,2;209,9;206;203;8,2;4,08;293,071.00;60,371,656.60
2021-06-28;ETB;208,1;208,1;207,13;208,1;-1,1;-0,53;52,783.00;10,932,757.80
2021-06-29;ETB;208,1;0;202,42;0;0;0;33,698.00;6,821,050.00
2021-06-30;ETB;208,9;208,9;204,81;199,9;0,8;0,38;279,090.00;57,161,677.10
