Fecha;Nemotecnico;Precio cierre;Precio maximo;Precio promedio ponderado;Precio minimo;Variacion absoluta;Variacion porcentual;Cantidad;Volumen
2025-01-02;GEB;2,500.00;2,500.00;2,492.48;2,495.00;60;2,46;22,408.00;55,851,400.00
2025-01-03;GEB;2,490.00;2,490.00;2,489.12;2,485.00;-10;-0,4;90,378.00;224,962,045.00
2025-01-07;GEB;2,520.00;2,520.00;2,490.30;2,475.00;30;1,2;860,642.00;2,143,257,340.00
2025-01-08;GEB;2,515.00;2,520.00;2,507.15;2,485.00;-5;-0,2;222,483.00;557,799,005.00
2025-01-09;GEB;2,510.00;2,525.00;2,514.59;2,505.00;-5;-0,2;1,488,389.00;3,742,687,635.00
2025-01-10;GEB;2,485.00;2,515.00;2,514.01;2,485.00;-25;-1;2,693,245.00;6,770,851,690.00
2025-01-13;GEB;2,510.00;2,510.00;2,477.83;2,465.00;25;1,01;943,803.00;2,338,584,900.00
2025-01-14;GEB;2,510.00;2,510.00;2,507.77;2,495.00;0;0;313,596.00;786,427,840.00
2025-01-15;GEB;2,525.00;2,530.00;2,522.55;2,515.00;15;0,6;808,363.00;2,039,132,425.00
2025-01-16;GEB;2,525.00;2,530.00;2,525.05;2,520.00;0;0;547,435.00;1,382,298,220.00
2025-01-17;GEB;2,520.00;2,520.00;2,523.21;2,520.00;-5;-0,2;49,119.00;123,937,720.00
2025-01-20;GEB;2,545.00;2,545.00;2,532.71;2,530.00;25;0,99;1,459,879.00;3,697,449,140.00
2025-01-21;GEB;2,560.00;2,575.00;2,559.37;2,540.00;15;0,59;861,661.00;2,205,310,440.00
2025-01-22;GEB;2,565.00;2,565.00;2,565.40;2,565.00;5;0,2;276,895.00;710,345,615.00
2025-01-23;GEB;2,580.00;2,580.00;2,571.68;2,565.00;15;0,58;1,939,211.00;4,987,028,540.00
2025-01-24;GEB;2,600.00;2,600.00;2,589.31;2,560.00;20;0,78;762,350.00;1,973,961,815.00
2025-01-27;GEB;2,580.00;2,600.00;2,578.93;2,530.00;-20;-0,77;513,995.00;1,325,558,525.00
2025-01-28;GEB;2,625.00;2,625.00;2,607.15;2,600.00;45;1,74;1,316,109.00;3,431,291,685.00
2025-01-29;GEB;2,640.00;2,650.00;2,637.93;2,615.00;15;0,57;1,335,741.00;3,523,587,660.00
2025-01-30;GEB;2,770.00;2,770.00;2,698.90;2,645.00;130;4,92;1,865,900.00;5,035,876,910.00
2025-01-31;GEB;2,700.00;2,750.00;2,709.45;2,680.00;-70;-2,53;474,929.00;1,286,798,240.00
2025-02-03;GEB;2,625.00;2,680.00;2,641.25;2,625.00;-75;-2,78;446,698.00;1,179,839,885.00
2025-02-04;GEB;2,640.00;2,645.00;2,633.33;2,615.00;15;0,57;380,113.00;1,000,963,585.00
2025-02-05;GEB;2,610.00;2,635.00;2,611.99;2,585.00;-30;-1,14;627,160.00;1,638,136,200.00
2025-02-06;GEB;2,600.00;2,610.00;2,588.96;2,580.00;-10;-0,38;919,692.00;2,381,050,080.00
2025-02-07;GEB;2,590.00;2,605.00;2,591.48;2,585.00;-10;-0,38;233,253.00;604,469,340.00
2025-02-10;GEB;2,580.00;2,615.00;2,586.79;2,570.00;-10;-0,39;780,613.00;2,019,284,415.00
2025-02-11;GEB;2,570.00;2,595.00;2,577.87;2,565.00;-10;-0,39;776,985.00;2,002,965,955.00
2025-02-12;GEB;2,555.00;2,575.00;2,563.99;2,555.00;-15;-0,58;1,153,395.00;2,957,289,795.00
2025-02-13;GEB;2,555.00;2,565.00;2,554.03;2,550.00;0;0;1,350,053.00;3,448,077,850.00
2025-02-14;GEB;;2,565.00;2,571.09;2,565.00;10;0,39;16,498.00;42,417,770.00
2025-02-17;GEB;2,595.00;2,595.00;2,585.52;2,580.00;10;0,39;892,086.00;2,306,505,375.00
2025-02-18;GEB;2,570.00;2,620.00;2,589.16;2,570.00;-25;-0,96;764,455.00;1,979,298,535.00
2025-02-19;GEB;2,610.00;2,620.00;2,583.69;2,560.00;40;1,56;1,228,998.00;3,175,347,235.00
2025-02-20;GEB;2,680.00;2,705.00;2,659.75;2,615.00;70;2,68;2,371,509.00;6,307,617,250.00
2025-02-21;GEB;2,685.00;2,730.00;2,706.93;2,680.00;5;0,19;1,234,211.00;3,340,927,560.00
2025-02-24;GEB;2,770.00;2,785.00;2,746.48;2,685.00;85;3,17;1,106,478.00;3,038,914,380.00
2025-02-25;GEB;2,800.00;2,810.00;2,796.71;2,690.00;30;1,08;3,398,704.00;9,505,196,525.00
2025-02-26;GEB;2,900.00;2,900.00;2,856.55;2,770.00;100;3,57;3,564,311.00;10,181,644,520.00
2025-02-27;GEB;2,940.00;2,940.00;2,926.38;2,900.00;40;1,38;3,995,529.00;11,692,454,125.00
2025-02-28;GEB;2,875.00;2,950.00;2,907.82;2,875.00;-65;-2,21;10,384,601.00;30,196,550,330.00
2025-03-03;GEB;2,795.00;2,875.00;2,843.67;2,795.00;-80;-2,78;627,711.00;1,785,005,090.00
2025-03-04;GEB;2,765.00;2,790.00;2,765.28;2,750.00;-30;-1,07;671,931.00;1,858,075,830.00
2025-03-05;GEB;2,760.00;2,830.00;2,781.13;2,750.00;-5;-0,18;961,019.00;2,672,719,165.00
2025-03-06;GEB;2,820.00;2,820.00;2,811.55;2,765.00;60;2,17;587,094.00;1,650,644,835.00
2025-03-07;GEB;2,850.00;2,850.00;2,818.26;2,795.00;30;1,06;195,023.00;549,625,095.00
2025-03-10;GEB;2,810.00;2,825.00;2,813.79;2,760.00;-40;-1,4;517,308.00;1,455,595,025.00
2025-03-11;GEB;2,775.00;2,810.00;2,793.79;2,770.00;-35;-1,25;568,844.00;1,589,230,160.00
2025-03-12;GEB;2,850.00;2,850.00;2,803.41;2,790.00;75;2,7;1,638,778.00;4,594,168,455.00
2025-03-13;GEB;2,850.00;2,850.00;2,847.27;2,825.00;0;0;429,879.00;1,223,983,475.00
2025-03-14;GEB;2,860.00;2,860.00;2,833.15;2,815.00;10;0,35;313,275.00;887,553,575.00
2025-03-17;GEB;2,940.00;2,940.00;2,900.86;2,840.00;80;2,8;1,399,653.00;4,060,201,090.00
2025-03-18;GEB;2,880.00;2,925.00;2,887.82;2,865.00;-60;-2,04;516,307.00;1,491,004,025.00
2025-03-19;GEB;2,900.00;2,905.00;2,897.17;2,885.00;20;0,69;494,870.00;1,433,720,400.00
2025-03-20;GEB;2,860.00;2,905.00;2,899.25;2,850.00;-40;-1,38;1,056,555.00;3,063,218,350.00
2025-03-21;GEB;2,855.00;2,890.00;2,849.62;2,765.00;-5;-0,17;3,420,624.00;9,747,469,490.00
2025-03-25;GEB;2,900.00;2,900.00;2,856.15;2,825.00;45;1,58;911,055.00;2,602,107,430.00
2025-03-26;GEB;2,890.00;2,895.00;2,871.86;2,855.00;-10;-0,34;422,569.00;1,213,561,025.00
2025-03-27;GEB;2,865.00;2,895.00;2,865.71;2,850.00;-25;-0,87;1,250,280.00;3,582,942,570.00
2025-03-28;GEB;2,860.00;2,865.00;2,864.00;2,850.00;-5;-0,17;3,025,786.00;8,665,847,165.00
2025-03-31;GEB;2,850.00;2,865.00;2,850.15;2,805.00;-10;-0,35;632,261.00;1,802,038,825.00
2025-04-01;GEB;2,885.00;2,895.00;2,877.66;2,840.00;35;1,23;2,265,408.00;6,519,074,600.00
2025-04-02;GEB;2,950.00;2,975.00;2,933.93;2,885.00;65;2,25;653,164.00;1,916,338,720.00
2025-04-03;GEB;2,995.00;3,000.00;2,983.09;2,950.00;45;1,53;1,844,698.00;5,502,899,205.00
2025-04-04;GEB;2,860.00;2,905.00;2,868.91;2,850.00;-135;-4,51;765,966.00;2,197,490,110.00
2025-04-07;GEB;2,860.00;2,900.00;2,863.98;2,815.00;0;0;460,812.00;1,319,755,020.00
2025-04-08;GEB;2,810.00;2,900.00;2,875.12;2,810.00;-50;-1,75;1,192,222.00;3,427,781,400.00
2025-04-09;GEB;2,895.00;2,895.00;2,857.85;2,810.00;85;3,02;567,571.00;1,622,032,975.00
2025-04-10;GEB;2,785.00;2,880.00;2,819.92;2,785.00;-110;-3,8;612,345.00;1,726,763,860.00
2025-04-11;GEB;2,790.00;2,815.00;2,792.70;2,790.00;5;0,18;434,991.00;1,214,800,050.00
2025-04-14;GEB;2,830.00;2,840.00;2,829.36;2,800.00;40;1,43;188,872.00;534,385,980.00
2025-04-15;GEB;2,825.00;2,830.00;2,813.64;2,800.00;-5;-0,18;87,683.00;246,708,355.00
2025-04-16;GEB;2,820.00;2,830.00;2,815.05;2,800.00;-5;-0,18;93,962.00;264,507,715.00
2025-04-21;GEB;2,750.00;2,820.00;2,769.31;2,745.00;-70;-2,48;474,263.00;1,313,382,300.00
2025-04-22;GEB;2,780.00;2,810.00;2,766.98;2,760.00;30;1,09;1,421,846.00;3,934,216,650.00
2025-04-23;GEB;2,845.00;2,845.00;2,819.16;2,805.00;65;2,34;1,018,046.00;2,870,030,240.00
2025-04-24;GEB;2,830.00;2,840.00;2,784.35;2,750.00;-15;-0,53;405,391.00;1,128,748,725.00
2025-04-25;GEB;2,805.00;2,825.00;2,802.99;2,795.00;-25;-0,88;167,988.00;470,869,335.00
2025-04-28;GEB;2,860.00;2,860.00;2,835.24;2,810.00;55;1,96;973,131.00;2,759,056,065.00
2025-04-29;GEB;2,895.00;2,895.00;2,886.29;2,875.00;35;1,22;370,365.00;1,068,981,060.00
2025-04-30;GEB;2,930.00;2,935.00;2,925.60;2,895.00;35;1,21;1,955,383.00;5,720,675,890.00
2025-05-02;GEB;2,960.00;2,960.00;2,939.92;2,925.00;30;1,02;132,996.00;390,998,115.00
2025-05-05;GEB;2,970.00;2,990.00;2,960.16;2,955.00;10;0,34;992,084.00;2,936,729,365.00
2025-05-06;GEB;2,995.00;2,995.00;2,983.67;2,970.00;25;0,84;864,280.00;2,578,722,775.00
2025-05-07;GEB;2,860.00;2,995.00;2,911.48;2,860.00;-135;-4,51;1,352,794.00;3,938,630,915.00
2025-05-08;GEB;2,970.00;2,980.00;2,951.37;2,935.00;110;3,85;696,646.00;2,056,058,805.00
2025-05-09;GEB;2,940.00;2,975.00;2,952.90;2,940.00;-30;-1,01;274,970.00;811,959,600.00
2025-05-12;GEB;2,980.00;2,980.00;2,966.55;2,950.00;40;1,36;396,411.00;1,175,971,395.00
2025-05-13;GEB;2,965.00;3,000.00;2,978.84;2,965.00;-15;-0,5;766,460.00;2,283,158,865.00
2025-05-14;GEB;2,905.00;2,985.00;2,942.12;2,905.00;-60;-2,02;584,021.00;1,718,257,445.00
2025-05-15;GEB;2,885.00;2,930.00;2,882.01;2,850.00;-20;-0,69;962,920.00;2,775,148,870.00
2025-05-16;GEB;2,895.00;2,900.00;2,884.19;2,875.00;10;0,35;223,035.00;643,274,350.00
2025-05-19;GEB;2,900.00;2,900.00;2,895.61;2,870.00;5;0,17;202,509.00;586,386,330.00
2025-05-20;GEB;2,900.00;2,910.00;2,899.93;2,890.00;0;0;256,834.00;744,799,860.00
2025-05-21;GEB;2,925.00;2,930.00;2,920.12;2,900.00;25;0,86;1,678,326.00;4,900,910,215.00
2025-05-22;GEB;2,970.00;2,970.00;2,935.75;2,900.00;45;1,54;325,605.00;955,894,040.00
2025-05-23;GEB;2,970.00;2,970.00;2,959.12;2,930.00;0;0;397,508.00;1,176,272,635.00
2025-05-26;GEB;2,945.00;2,975.00;2,954.24;2,945.00;-25;-0,84;101,462.00;299,743,170.00
2025-05-27;GEB;2,915.00;2,945.00;2,906.68;2,875.00;-30;-1,02;839,402.00;2,439,869,005.00
2025-05-28;GEB;2,950.00;2,960.00;2,938.19;2,910.00;35;1,2;567,346.00;1,666,970,715.00
2025-05-29;GEB;2,985.00;2,985.00;2,968.43;2,940.00;35;1,19;301,715.00;895,619,525.00
2025-05-30;GEB;2,900.00;2,965.00;2,907.23;2,900.00;-85;-2,85;1,877,455.00;5,458,188,970.00
2025-06-03;GEB;2,975.00;2,975.00;2,952.51;2,940.00;75;2,59;361,404.00;1,067,049,910.00
2025-06-04;GEB;2,975.00;2,980.00;2,975.61;2,965.00;0;0;264,290.00;786,424,860.00
2025-06-05;GEB;2,970.00;2,985.00;2,975.04;2,970.00;-5;-0,17;412,052.00;1,225,871,575.00
2025-06-06;GEB;2,985.00;2,990.00;2,982.58;2,970.00;15;0,51;119,611.00;356,749,475.00
2025-06-09;GEB;2,930.00;2,985.00;2,955.73;2,930.00;-55;-1,84;282,388.00;834,663,455.00
2025-06-10;GEB;2,940.00;2,965.00;2,946.69;2,940.00;10;0,34;238,980.00;704,199,630.00
2025-06-11;GEB;2,920.00;2,955.00;2,916.88;2,900.00;-20;-0,68;806,254.00;2,351,744,065.00
2025-06-12;GEB;2,920.00;2,935.00;2,910.19;2,860.00;0;0;286,471.00;833,684,670.00
2025-06-13;GEB;2,910.00;2,940.00;2,917.96;2,910.00;-10;-0,34;493,044.00;1,438,682,005.00
2025-06-16;GEB;2,895.00;2,915.00;2,899.61;2,895.00;-15;-0,52;337,539.00;978,731,450.00
2025-06-17;GEB;2,920.00;2,920.00;2,908.66;2,900.00;25;0,86;354,349.00;1,030,682,010.00
2025-06-18;GEB;2,940.00;2,940.00;2,917.10;2,910.00;20;0,68;225,717.00;658,438,415.00
2025-06-19;GEB;2,940.00;2,945.00;2,932.86;2,915.00;0;0;165,871.00;486,476,050.00
2025-06-20;GEB;2,950.00;2,970.00;2,953.37;2,940.00;10;0,34;296,337.00;875,192,060.00
2025-06-24;GEB;3,020.00;3,020.00;2,993.52;2,955.00;70;2,37;2,007,373.00;6,009,120,105.00
2025-06-25;GEB;3,020.00;3,020.00;3,010.25;2,965.00;0;0;509,709.00;1,534,349,205.00
2025-06-26;GEB;3,020.00;3,020.00;3,005.40;2,990.00;0;0;678,984.00;2,040,620,190.00
2025-06-27;GEB;3,020.00;3,025.00;3,016.43;3,000.00;0;0;328,989.00;992,370,965.00
2024-07-02;GEB;2,555.00;2,565.00;2,530.71;2,520.00;55;2,2;1,381,212.00;3,495,449,360.00
2024-07-03;GEB;2,540.00;2,565.00;2,552.27;2,540.00;-15;-0,59;237,851.00;607,058,860.00
2024-07-04;GEB;2,575.00;2,575.00;2,574.07;2,575.00;35;1,38;57,356.00;147,638,440.00
2024-07-05;GEB;2,560.00;2,570.00;2,560.13;2,550.00;-15;-0,58;240,436.00;615,547,410.00
2024-07-08;GEB;2,565.00;2,575.00;2,569.32;2,555.00;5;0,2;253,130.00;650,370,950.00
2024-07-09;GEB;2,560.00;2,575.00;2,558.31;2,555.00;-5;-0,19;427,181.00;1,092,862,160.00
2024-07-10;GEB;2,510.00;2,565.00;2,526.97;2,500.00;-50;-1,95;2,214,032.00;5,594,800,635.00
2024-07-11;GEB;2,570.00;2,570.00;2,547.50;2,525.00;60;2,39;543,680.00;1,385,026,965.00
2024-07-12;GEB;2,600.00;2,600.00;2,575.66;2,550.00;30;1,17;152,393.00;392,513,080.00
2024-07-15;GEB;2,610.00;2,610.00;2,593.66;2,590.00;10;0,38;490,057.00;1,271,041,145.00
2024-07-16;GEB;2,605.00;2,635.00;2,617.45;2,605.00;-5;-0,19;288,686.00;755,620,965.00
2024-07-17;GEB;2,595.00;2,620.00;2,605.75;2,595.00;-10;-0,38;620,238.00;1,616,184,200.00
2024-07-18;GEB;2,575.00;2,610.00;2,575.20;2,550.00;-20;-0,77;680,366.00;1,752,081,360.00
2024-07-19;GEB;2,590.00;2,590.00;2,568.62;2,555.00;15;0,58;383,557.00;985,213,065.00
2024-07-22;GEB;2,600.00;2,615.00;2,598.10;2,590.00;10;0,39;1,343,211.00;3,489,800,085.00
2024-07-23;GEB;2,630.00;2,635.00;2,627.04;2,610.00;30;1,15;2,836,279.00;7,451,012,905.00
2024-07-24;GEB;2,500.00;2,530.00;2,510.89;2,500.00;-130;-4,94;580,047.00;1,456,436,065.00
2024-07-25;GEB;2,505.00;2,505.00;2,503.09;2,490.00;5;0,2;292,584.00;732,363,750.00
2024-07-26;GEB;2,465.00;2,500.00;2,481.16;2,465.00;-40;-1,6;567,111.00;1,407,092,910.00
2024-07-29;GEB;2,455.00;2,490.00;2,461.22;2,455.00;-10;-0,41;182,734.00;449,748,525.00
2024-07-30;GEB;2,445.00;2,465.00;2,454.94;2,440.00;-10;-0,41;1,833,483.00;4,501,093,420.00
2024-07-31;GEB;2,460.00;2,460.00;2,452.25;2,425.00;15;0,61;554,503.00;1,359,778,540.00
2024-08-01;GEB;2,430.00;2,465.00;2,445.47;2,430.00;-30;-1,22;149,092.00;364,599,580.00
2024-08-02;GEB;2,385.00;2,455.00;2,406.55;2,385.00;-45;-1,85;528,232.00;1,271,218,085.00
2024-08-05;GEB;2,385.00;2,395.00;2,333.66;2,205.00;0;0;477,562.00;1,114,465,815.00
2024-08-06;GEB;2,355.00;2,435.00;2,387.52;2,355.00;-30;-1,26;316,723.00;756,183,100.00
2024-08-08;GEB;2,420.00;2,450.00;2,414.37;2,350.00;65;2,76;310,403.00;749,426,840.00
2024-08-09;GEB;2,445.00;2,445.00;2,409.02;2,395.00;25;1,03;274,129.00;660,383,275.00
2024-08-12;GEB;2,400.00;2,485.00;2,454.19;2,400.00;-45;-1,84;249,725.00;612,871,735.00
2024-08-13;GEB;2,445.00;2,450.00;2,418.90;2,400.00;45;1,88;286,189.00;692,261,895.00
2024-08-14;GEB;2,415.00;2,450.00;2,438.60;2,415.00;-30;-1,23;1,304,526.00;3,181,211,105.00
2024-08-15;GEB;2,435.00;2,455.00;2,433.01;2,415.00;20;0,83;363,201.00;883,671,480.00
2024-08-16;GEB;2,470.00;2,470.00;2,441.11;2,440.00;35;1,44;1,987,479.00;4,851,645,395.00
2024-08-20;GEB;2,430.00;2,430.00;2,432.07;2,430.00;-40;-1,62;43,249.00;105,184,685.00
2024-08-21;GEB;2,420.00;2,445.00;2,423.71;2,410.00;-10;-0,41;719,441.00;1,743,718,950.00
2024-08-22;GEB;2,400.00;2,430.00;2,408.08;2,400.00;-20;-0,83;1,169,630.00;2,816,560,260.00
2024-08-23;GEB;2,385.00;2,420.00;2,398.96;2,385.00;-15;-0,62;249,497.00;598,533,035.00
2024-08-26;GEB;2,440.00;2,440.00;2,404.64;2,385.00;55;2,31;329,471.00;792,260,695.00
2024-08-27;GEB;2,495.00;2,515.00;2,489.51;2,420.00;55;2,25;810,735.00;2,018,331,270.00
2024-08-28;GEB;2,515.00;2,535.00;2,516.77;2,495.00;20;0,8;236,033.00;594,041,090.00
2024-08-29;GEB;2,460.00;2,485.00;2,474.50;2,460.00;-55;-2,19;55,153.00;136,476,305.00
2024-08-30;GEB;2,530.00;2,530.00;2,491.04;2,460.00;70;2,85;1,514,244.00;3,772,041,240.00
2024-09-02;GEB;2,535.00;2,535.00;2,524.54;2,500.00;5;0,2;239,278.00;604,067,020.00
2024-09-03;GEB;2,505.00;2,520.00;2,515.62;2,505.00;-30;-1,18;142,230.00;357,796,915.00
2024-09-04;GEB;2,510.00;2,530.00;2,509.68;2,495.00;5;0,2;644,345.00;1,617,098,385.00
2024-09-05;GEB;2,530.00;2,530.00;2,506.11;2,500.00;20;0,8;1,353,708.00;3,392,540,070.00
2024-09-06;GEB;2,530.00;2,535.00;2,527.45;2,500.00;0;0;418,573.00;1,057,921,505.00
2024-09-09;GEB;2,515.00;2,525.00;2,522.51;2,510.00;-15;-0,59;684,920.00;1,727,720,880.00
2024-09-10;GEB;2,525.00;2,525.00;2,516.52;2,500.00;10;0,4;67,798.00;170,615,260.00
2024-09-11;GEB;2,530.00;2,530.00;2,506.63;2,480.00;5;0,2;1,315,970.00;3,298,645,965.00
2024-09-12;GEB;2,510.00;2,510.00;2,501.68;2,460.00;-20;-0,79;242,045.00;605,518,435.00
2024-09-13;GEB;2,520.00;2,530.00;2,511.88;2,510.00;10;0,4;1,280,006.00;3,215,227,720.00
2024-09-16;GEB;2,550.00;2,570.00;2,548.55;2,530.00;30;1,19;640,642.00;1,632,710,570.00
2024-09-17;GEB;2,535.00;2,550.00;2,537.63;2,535.00;-15;-0,59;141,304.00;358,576,840.00
2024-09-18;GEB;2,510.00;2,525.00;2,513.80;2,510.00;-25;-0,99;368,763.00;926,996,330.00
2024-09-19;GEB;2,575.00;2,580.00;2,561.49;2,515.00;65;2,59;2,972,075.00;7,612,951,420.00
2024-09-20;GEB;2,570.00;2,595.00;2,580.79;2,560.00;-5;-0,19;6,453,093.00;16,654,107,950.00
2024-09-23;GEB;2,495.00;2,505.00;2,499.85;2,495.00;-75;-2,92;155,850.00;389,601,135.00
2024-09-24;GEB;2,550.00;2,550.00;2,538.79;2,500.00;55;2,2;305,500.00;775,600,490.00
2024-09-25;GEB;2,560.00;2,560.00;2,548.91;2,495.00;10;0,39;154,996.00;395,070,110.00
2024-09-26;GEB;2,560.00;;2,580.00;;;;225.00;580,500.00
2024-09-27;GEB;2,505.00;2,560.00;2,511.58;2,505.00;-55;-2,15;107,282.00;269,447,065.00
2024-09-30;GEB;2,480.00;2,505.00;2,491.08;2,475.00;-25;-1;441,231.00;1,099,140,575.00
2024-10-01;GEB;2,500.00;2,500.00;2,493.19;2,480.00;20;0,81;168,600.00;420,351,895.00
2024-10-02;GEB;2,485.00;2,495.00;2,484.82;2,470.00;-15;-0,6;346,111.00;860,022,845.00
2024-10-03;GEB;2,495.00;2,495.00;2,474.21;2,450.00;10;0,4;603,252.00;1,492,574,765.00
2024-10-04;GEB;2,465.00;2,500.00;2,491.91;2,465.00;-30;-1,2;139,120.00;346,674,815.00
2024-10-07;GEB;2,475.00;2,475.00;2,467.25;2,460.00;10;0,41;60,627.00;149,582,125.00
2024-10-08;GEB;2,470.00;2,470.00;2,472.00;2,465.00;-5;-0,2;73,349.00;181,319,055.00
2024-10-09;GEB;2,455.00;2,490.00;2,472.50;2,455.00;-15;-0,61;1,422,486.00;3,517,093,675.00
2024-10-10;GEB;2,480.00;2,480.00;2,467.68;2,465.00;25;1,02;122,845.00;303,142,630.00
2024-10-11;GEB;2,495.00;2,495.00;2,477.34;2,470.00;15;0,6;69,347.00;171,796,240.00
2024-10-15;GEB;2,520.00;2,520.00;2,492.32;2,475.00;25;1;191,777.00;477,969,155.00
2024-10-16;GEB;2,570.00;2,570.00;2,525.54;2,515.00;50;1,98;459,750.00;1,161,115,225.00
2024-10-17;GEB;2,575.00;2,600.00;2,583.07;2,545.00;5;0,19;949,744.00;2,453,255,295.00
2024-10-18;GEB;2,570.00;2,575.00;2,564.86;2,550.00;-5;-0,19;707,320.00;1,814,176,595.00
2024-10-21;GEB;2,540.00;2,555.00;2,531.08;2,530.00;-30;-1,17;1,257,992.00;3,184,072,845.00
2024-10-22;GEB;2,530.00;2,565.00;2,544.75;2,530.00;-10;-0,39;195,501.00;497,501,680.00
2024-10-23;GEB;2,535.00;2,540.00;2,530.17;2,525.00;5;0,2;437,567.00;1,107,120,685.00
2024-10-24;GEB;2,535.00;2,540.00;2,531.94;2,530.00;0;0;279,591.00;707,907,500.00
2024-10-25;GEB;2,540.00;2,540.00;2,536.37;2,510.00;5;0,2;224,497.00;569,407,075.00
2024-10-28;GEB;2,520.00;2,545.00;2,528.88;2,520.00;-20;-0,79;392,403.00;992,340,655.00
2024-10-29;GEB;2,525.00;2,525.00;2,515.46;2,505.00;5;0,2;341,679.00;859,480,210.00
2024-10-30;GEB;2,525.00;2,530.00;2,523.38;2,510.00;0;0;1,482,657.00;3,741,310,425.00
2024-10-31;GEB;2,530.00;2,530.00;2,524.89;2,510.00;5;0,2;370,592.00;935,704,335.00
2024-11-01;GEB;2,525.00;2,530.00;2,522.62;2,515.00;-5;-0,2;264,365.00;666,893,460.00
2024-11-05;GEB;2,535.00;2,550.00;2,534.72;2,520.00;10;0,4;744,153.00;1,886,216,205.00
2024-11-06;GEB;2,500.00;2,540.00;2,516.15;2,495.00;-35;-1,38;1,401,136.00;3,525,474,920.00
2024-11-07;GEB;2,525.00;2,535.00;2,512.16;2,495.00;25;1;479,013.00;1,203,358,280.00
2024-11-08;GEB;2,485.00;2,520.00;2,490.38;2,480.00;-40;-1,58;789,939.00;1,967,245,905.00
2024-11-12;GEB;2,470.00;2,495.00;2,483.48;2,470.00;-15;-0,6;756,019.00;1,877,554,935.00
2024-11-13;GEB;2,480.00;2,495.00;2,478.04;2,455.00;10;0,4;1,717,514.00;4,256,073,190.00
2024-11-14;GEB;2,480.00;2,490.00;2,480.01;2,470.00;0;0;1,556,507.00;3,860,148,610.00
2024-11-15;GEB;2,480.00;2,490.00;2,476.14;2,460.00;0;0;387,384.00;959,218,110.00
2024-11-18;GEB;2,510.00;2,510.00;2,499.41;2,465.00;30;1,21;553,634.00;1,383,758,295.00
2024-11-19;GEB;2,575.00;2,575.00;2,542.49;2,500.00;65;2,59;735,196.00;1,869,226,480.00
2024-11-20;GEB;2,580.00;2,590.00;2,578.26;2,550.00;5;0,19;426,664.00;1,100,051,550.00
2024-11-21;GEB;2,590.00;2,590.00;2,574.74;2,565.00;10;0,39;313,839.00;808,053,635.00
2024-11-22;GEB;2,550.00;2,595.00;2,569.16;2,550.00;-40;-1,54;727,898.00;1,870,089,890.00
2024-11-25;GEB;2,600.00;2,600.00;2,594.02;2,535.00;50;1,96;3,144,530.00;8,156,958,710.00
2024-11-26;GEB;2,580.00;2,585.00;2,574.65;2,555.00;-20;-0,77;71,545.00;184,203,690.00
2024-11-27;GEB;2,590.00;2,590.00;2,581.68;2,545.00;10;0,39;326,593.00;843,159,250.00
2024-11-28;GEB;2,570.00;2,595.00;2,585.19;2,570.00;-20;-0,77;82,899.00;214,309,730.00
2024-11-29;GEB;2,580.00;2,590.00;2,572.54;2,565.00;10;0,39;349,456.00;898,989,280.00
2024-12-02;GEB;2,600.00;2,605.00;2,597.61;2,590.00;20;0,78;409,334.00;1,063,290,320.00
2024-12-03;GEB;2,580.00;2,605.00;2,593.46;2,570.00;-20;-0,77;521,689.00;1,352,979,985.00
2024-12-04;GEB;2,600.00;2,605.00;2,582.88;2,580.00;20;0,78;188,403.00;486,622,525.00
2024-12-05;GEB;2,600.00;2,600.00;2,595.66;2,590.00;0;0;451,597.00;1,172,193,660.00
2024-12-06;GEB;2,490.00;2,515.00;2,492.06;2,470.00;-110;-4,23;663,973.00;1,654,660,430.00
2024-12-09;GEB;2,480.00;2,495.00;2,473.38;2,465.00;-10;-0,4;690,666.00;1,708,280,440.00
2024-12-10;GEB;2,495.00;2,500.00;2,482.48;2,470.00;15;0,6;451,438.00;1,120,687,600.00
2024-12-11;GEB;2,485.00;2,500.00;2,489.71;2,465.00;-10;-0,4;718,089.00;1,787,833,060.00
2024-12-12;GEB;2,495.00;2,495.00;2,489.47;2,470.00;10;0,4;297,036.00;739,461,670.00
2024-12-13;GEB;2,510.00;2,510.00;2,497.34;2,490.00;15;0,6;1,060,128.00;2,647,495,015.00
2024-12-16;GEB;2,480.00;2,505.00;2,486.80;2,465.00;-30;-1,2;418,922.00;1,041,776,390.00
2024-12-17;GEB;2,475.00;2,475.00;2,470.13;2,460.00;-5;-0,2;154,279.00;381,088,635.00
2024-12-18;GEB;2,450.00;2,480.00;2,468.14;2,450.00;-25;-1,01;540,082.00;1,332,999,040.00
2024-12-19;GEB;2,425.00;2,450.00;2,416.65;2,365.00;-25;-1,02;779,095.00;1,882,799,735.00
2024-12-20;GEB;2,420.00;2,485.00;2,430.60;2,420.00;-5;-0,21;415,719.00;1,010,445,885.00
2024-12-23;GEB;2,495.00;2,495.00;2,441.53;2,410.00;75;3,1;466,888.00;1,139,922,415.00
2024-12-24;GEB;2,495.00;2,495.00;2,494.86;2,495.00;0;;19,536.00;48,739,640.00
2024-12-26;GEB;2,450.00;2,495.00;2,458.12;2,440.00;-45;-1,8;68,757.00;169,013,075.00
2024-12-27;GEB;2,485.00;2,485.00;2,452.03;2,440.00;35;1,43;108,609.00;266,312,730.00
2024-12-30;GEB;2,440.00;2,485.00;2,452.27;2,440.00;-45;-1,81;131,891.00;323,432,595.00
2024-01-02;GEB;1,970.00;1,970.00;1,958.88;1,930.00;70;3,68;94,112.00;184,353,810.00
2024-01-03;GEB;2,005.00;2,005.00;1,991.53;1,975.00;35;1,78;348,714.00;694,475,710.00
2024-01-04;GEB;2,130.00;2,130.00;2,095.11;2,030.00;125;6,23;366,735.00;768,349,425.00
2024-01-05;GEB;2,220.00;2,240.00;2,214.98;2,150.00;90;4,23;1,126,284.00;2,494,698,865.00
2024-01-09;GEB;2,270.00;2,290.00;2,260.14;2,200.00;50;2,25;1,011,299.00;2,285,675,835.00
2024-01-10;GEB;2,290.00;2,300.00;2,292.85;2,250.00;20;0,88;1,211,026.00;2,776,706,340.00
2024-01-11;GEB;2,290.00;2,300.00;2,288.94;2,260.00;0;0;453,185.00;1,037,311,480.00
2024-01-12;GEB;2,310.00;2,320.00;2,292.90;2,240.00;20;0,87;2,467,241.00;5,657,136,050.00
2024-01-15;GEB;2,305.00;2,310.00;2,307.51;2,305.00;-5;-0,22;38,021.00;87,733,785.00
2024-01-16;GEB;2,290.00;2,300.00;2,295.02;2,285.00;-15;-0,65;874,290.00;2,006,508,705.00
2024-01-17;GEB;2,200.00;2,260.00;2,225.86;2,200.00;-90;-3,93;3,894,001.00;8,667,505,630.00
2024-01-18;GEB;2,150.00;2,215.00;2,195.24;2,150.00;-50;-2,27;4,291,230.00;9,420,288,310.00
2024-01-19;GEB;2,240.00;2,240.00;2,164.08;2,130.00;90;4,19;316,979.00;685,969,315.00
2024-01-22;GEB;2,200.00;2,240.00;2,214.49;2,165.00;-40;-1,79;2,968,652.00;6,574,046,050.00
2024-01-23;GEB;2,150.00;2,205.00;2,181.41;2,150.00;-50;-2,27;865,797.00;1,888,662,285.00
2024-01-24;GEB;2,110.00;2,180.00;2,144.14;2,110.00;-40;-1,86;335,637.00;719,652,215.00
2024-01-25;GEB;2,180.00;2,180.00;2,171.00;2,160.00;70;3,32;140,533.00;305,096,685.00
2024-01-26;GEB;2,200.00;2,200.00;2,185.07;2,155.00;20;0,92;331,822.00;725,054,115.00
2024-01-29;GEB;2,165.00;2,225.00;2,203.00;2,165.00;-35;-1,59;124,705.00;274,725,010.00
2024-01-30;GEB;2,250.00;2,250.00;2,233.49;2,185.00;85;3,93;375,760.00;839,255,470.00
2024-01-31;GEB;2,275.00;2,275.00;2,264.93;2,260.00;25;1,11;192,533.00;436,072,910.00
2024-02-01;GEB;2,250.00;2,260.00;2,253.01;2,250.00;-25;-1,1;180,128.00;405,830,160.00
2024-02-02;GEB;2,215.00;2,250.00;2,232.78;2,215.00;-35;-1,56;97,862.00;218,504,360.00
2024-02-05;GEB;2,200.00;2,220.00;2,214.33;2,200.00;-15;-0,68;59,834.00;132,492,515.00
2024-02-06;GEB;2,210.00;2,225.00;2,217.98;2,205.00;10;0,45;187,934.00;416,834,335.00
2024-02-07;GEB;2,230.00;2,230.00;2,200.58;2,200.00;20;0,9;2,865,024.00;6,304,725,305.00
2024-02-08;GEB;2,185.00;2,245.00;2,205.02;2,185.00;-45;-2,02;193,793.00;427,317,850.00
2024-02-09;GEB;2,145.00;2,190.00;2,152.22;2,135.00;-40;-1,83;210,400.00;452,826,905.00
2024-02-12;GEB;2,125.00;2,145.00;2,125.12;2,120.00;-20;-0,93;2,688,533.00;5,713,442,885.00
2024-02-13;GEB;2,105.00;2,125.00;2,119.96;2,105.00;-20;-0,94;100,036.00;212,072,625.00
2024-02-14;GEB;2,090.00;2,130.00;2,097.14;2,040.00;-15;-0,71;340,202.00;713,451,570.00
2024-02-15;GEB;2,105.00;2,135.00;2,127.24;2,105.00;15;0,72;415,423.00;883,705,830.00
2024-02-16;GEB;2,110.00;2,110.00;2,103.91;2,095.00;5;0,24;92,006.00;193,572,690.00
2024-02-19;GEB;2,100.00;2,110.00;2,063.31;1,960.00;-10;-0,47;113,104.00;233,368,110.00
2024-02-20;GEB;2,100.00;2,135.00;2,107.17;2,090.00;0;0;183,590.00;386,855,305.00
2024-02-21;GEB;2,150.00;2,150.00;2,142.34;2,130.00;50;2,38;1,918,769.00;4,110,657,780.00
2024-02-22;GEB;2,180.00;2,195.00;2,191.31;2,160.00;30;1,4;1,513,121.00;3,315,710,355.00
2024-02-23;GEB;2,180.00;2,180.00;2,174.14;2,165.00;0;0;198,876.00;432,383,720.00
2024-02-26;GEB;2,200.00;2,220.00;2,201.90;2,190.00;20;0,92;394,241.00;868,080,980.00
2024-02-27;GEB;2,210.00;2,220.00;2,209.87;2,185.00;10;0,45;446,097.00;985,817,290.00
2024-02-28;GEB;2,230.00;2,235.00;2,227.58;2,220.00;20;0,9;370,617.00;825,577,640.00
2024-02-29;GEB;2,215.00;2,225.00;2,214.95;2,185.00;-15;-0,67;1,795,262.00;3,976,412,130.00
2024-03-01;GEB;2,245.00;2,245.00;2,238.53;2,200.00;30;1,35;1,103,677.00;2,470,612,920.00
2024-03-04;GEB;2,310.00;2,310.00;2,278.25;2,240.00;65;2,9;2,511,417.00;5,721,631,410.00
2024-03-05;GEB;2,340.00;2,360.00;2,329.49;2,310.00;30;1,3;6,037,623.00;14,064,596,140.00
2024-03-06;GEB;2,330.00;2,370.00;2,347.39;2,330.00;-10;-0,43;1,105,959.00;2,596,117,280.00
2024-03-07;GEB;2,340.00;2,340.00;2,327.86;2,310.00;10;0,43;467,802.00;1,088,979,845.00
2024-03-08;GEB;2,320.00;2,330.00;2,322.21;2,300.00;-20;-0,85;462,742.00;1,074,585,110.00
2024-03-11;GEB;2,320.00;2,325.00;2,311.47;2,300.00;0;0;697,896.00;1,613,163,700.00
2024-03-12;GEB;2,300.00;2,330.00;2,302.57;2,300.00;-20;-0,86;577,564.00;1,329,883,195.00
2024-03-13;GEB;2,280.00;2,335.00;2,276.25;2,255.00;-20;-0,87;4,286,299.00;9,756,671,125.00
2024-03-14;GEB;2,200.00;2,280.00;2,218.53;2,200.00;-80;-3,51;14,418,710.00;31,988,373,660.00
2024-03-15;GEB;2,080.00;2,245.00;2,092.76;2,080.00;-120;-5,45;16,841,510.00;35,245,269,580.00
2024-03-18;GEB;2,220.00;2,220.00;2,192.56;2,130.00;140;6,73;1,321,917.00;2,898,383,800.00
2024-03-19;GEB;2,220.00;2,245.00;2,223.44;2,215.00;0;0;578,082.00;1,285,328,000.00
2024-03-20;GEB;2,200.00;2,240.00;2,223.01;2,200.00;-20;-0,9;337,358.00;749,951,140.00
2024-03-21;GEB;2,230.00;2,230.00;2,206.62;2,195.00;30;1,36;1,016,259.00;2,242,497,970.00
2024-03-22;GEB;2,280.00;2,280.00;2,260.00;2,235.00;50;2,24;727,474.00;1,644,088,495.00
2024-03-26;GEB;2,320.00;2,330.00;2,310.80;2,280.00;40;1,75;653,147.00;1,509,293,890.00
2024-03-27;GEB;2,370.00;2,370.00;2,341.91;2,320.00;50;2,16;908,332.00;2,127,229,375.00
2024-04-01;GEB;2,390.00;2,390.00;2,372.17;2,335.00;20;0,84;900,139.00;2,135,286,075.00
2024-04-02;GEB;2,470.00;2,470.00;2,438.94;2,400.00;80;3,35;2,279,287.00;5,559,047,840.00
2024-04-03;GEB;2,495.00;2,495.00;2,470.59;2,420.00;25;1,01;781,047.00;1,929,650,725.00
2024-04-04;GEB;2,560.00;2,560.00;2,516.20;2,435.00;65;2,61;3,093,268.00;7,783,274,390.00
2024-04-05;GEB;2,560.00;2,565.00;2,544.03;2,510.00;0;0;558,896.00;1,421,847,955.00
2024-04-08;GEB;2,540.00;2,580.00;2,545.80;2,520.00;-20;-0,78;1,111,590.00;2,829,890,365.00
2024-04-09;GEB;2,590.00;2,610.00;2,588.98;2,550.00;50;1,97;2,940,976.00;7,614,124,210.00
2024-04-10;GEB;2,580.00;2,645.00;2,615.93;2,505.00;-10;-0,39;1,829,104.00;4,784,815,550.00
2024-04-11;GEB;2,610.00;2,610.00;2,593.50;2,555.00;30;1,16;6,277,139.00;16,279,739,130.00
2024-04-12;GEB;2,560.00;2,600.00;2,566.44;2,550.00;-50;-1,92;2,474,641.00;6,351,007,795.00
2024-04-15;GEB;2,550.00;2,555.00;2,548.55;2,525.00;-10;-0,39;2,228,384.00;5,679,138,405.00
2024-04-16;GEB;2,460.00;2,550.00;2,497.30;2,460.00;-90;-3,53;639,527.00;1,597,090,485.00
2024-04-17;GEB;2,360.00;2,460.00;2,377.68;2,300.00;-100;-4,07;1,553,507.00;3,693,739,285.00
2024-04-18;GEB;2,300.00;2,360.00;2,319.33;2,300.00;-60;-2,54;506,752.00;1,175,325,765.00
2024-04-19;GEB;2,305.00;2,335.00;2,314.55;2,300.00;5;0,22;372,322.00;861,758,025.00
2024-04-22;GEB;2,360.00;2,395.00;2,373.84;2,340.00;55;2,39;267,812.00;635,743,785.00
2024-04-23;GEB;2,345.00;2,390.00;2,356.75;2,335.00;-15;-0,64;434,331.00;1,023,609,340.00
2024-04-24;GEB;2,330.00;2,365.00;2,341.54;2,330.00;-15;-0,64;217,276.00;508,761,025.00
2024-04-25;GEB;2,460.00;2,460.00;2,396.77;2,330.00;130;5,58;869,538.00;2,084,085,390.00
2024-04-26;GEB;2,450.00;2,500.00;2,468.88;2,450.00;-10;-0,41;387,818.00;957,476,850.00
2024-04-29;GEB;2,510.00;2,530.00;2,510.72;2,500.00;60;2,45;359,459.00;902,501,340.00
2024-04-30;GEB;2,435.00;2,510.00;2,487.15;2,435.00;-75;-2,99;1,198,710.00;2,981,365,745.00
2024-05-02;GEB;2,580.00;2,580.00;2,547.98;2,475.00;145;5,95;2,704,534.00;6,891,087,960.00
2024-05-03;GEB;2,550.00;2,580.00;2,560.32;2,550.00;-30;-1,16;3,002,949.00;7,688,507,450.00
2024-05-06;GEB;2,550.00;2,555.00;2,546.42;2,525.00;0;0;182,990.00;465,969,190.00
2024-05-07;GEB;2,550.00;2,580.00;2,549.29;2,525.00;0;0;1,365,347.00;3,480,668,620.00
2024-05-08;GEB;2,500.00;2,570.00;2,530.95;2,500.00;-50;-1,96;2,367,811.00;5,992,820,435.00
2024-05-09;GEB;2,520.00;2,525.00;2,519.15;2,505.00;20;0,8;581,924.00;1,465,953,020.00
2024-05-10;GEB;2,530.00;2,530.00;2,522.26;2,520.00;10;0,4;478,325.00;1,206,459,645.00
2024-05-14;GEB;2,555.00;2,600.00;2,577.95;2,530.00;25;0,99;924,866.00;2,384,254,210.00
2024-05-15;GEB;2,520.00;2,580.00;2,538.12;2,520.00;-35;-1,37;316,703.00;803,830,905.00
2024-05-16;GEB;2,580.00;2,580.00;2,568.80;2,530.00;60;2,38;1,125,096.00;2,890,141,015.00
2024-05-17;GEB;2,600.00;2,600.00;2,586.67;2,535.00;20;0,78;1,215,416.00;3,143,882,490.00
2024-05-20;GEB;2,570.00;2,580.00;2,575.08;2,540.00;-30;-1,15;811,622.00;2,089,988,590.00
2024-05-21;GEB;2,595.00;2,595.00;2,585.43;2,570.00;25;0,97;268,612.00;694,478,505.00
2024-05-22;GEB;2,550.00;2,580.00;2,568.07;2,545.00;-45;-1,73;1,893,464.00;4,862,552,255.00
2024-05-23;GEB;2,505.00;2,585.00;2,533.41;2,505.00;-45;-1,76;516,521.00;1,308,560,800.00
2024-05-24;GEB;2,565.00;2,585.00;2,564.20;2,535.00;60;2,4;336,682.00;863,319,945.00
2024-05-27;GEB;2,590.00;2,590.00;2,587.35;2,560.00;25;0,97;230,836.00;597,253,250.00
2024-05-28;GEB;2,580.00;2,590.00;2,580.59;2,570.00;-10;-0,39;256,779.00;662,642,085.00
2024-05-29;GEB;2,540.00;2,565.00;2,545.64;2,540.00;-40;-1,55;287,862.00;732,793,585.00
2024-05-30;GEB;2,555.00;2,570.00;2,555.36;2,550.00;15;0,59;583,868.00;1,491,991,800.00
2024-05-31;GEB;2,545.00;2,570.00;2,544.80;2,520.00;-10;-0,39;7,251,943.00;18,454,772,295.00
2024-06-04;GEB;2,550.00;2,565.00;2,549.17;2,545.00;5;0,2;267,519.00;681,952,215.00
2024-06-05;GEB;2,550.00;2,555.00;2,554.50;2,550.00;0;0;2,497,875.00;6,380,817,405.00
2024-06-06;GEB;2,545.00;2,550.00;2,546.34;2,540.00;-5;-0,2;1,008,098.00;2,566,955,750.00
2024-06-07;GEB;2,575.00;2,575.00;2,568.04;2,550.00;30;1,18;322,396.00;827,925,290.00
2024-06-11;GEB;2,575.00;2,575.00;2,561.53;2,505.00;0;0;114,138.00;292,367,390.00
2024-06-12;GEB;2,530.00;2,560.00;2,536.95;2,530.00;-45;-1,75;257,153.00;652,383,320.00
2024-06-13;GEB;2,530.00;2,530.00;2,528.01;2,520.00;0;0;281,530.00;711,711,210.00
2024-06-14;GEB;2,525.00;2,525.00;2,519.61;2,510.00;-5;-0,2;162,772.00;410,121,365.00
2024-06-17;GEB;2,505.00;2,530.00;2,518.69;2,505.00;-20;-0,79;345,927.00;871,284,605.00
2024-06-18;GEB;2,485.00;2,505.00;2,497.15;2,485.00;-20;-0,8;584,147.00;1,458,705,075.00
2024-06-19;GEB;2,485.00;2,505.00;2,496.68;2,485.00;0;0;71,782.00;179,216,750.00
2024-06-20;GEB;2,485.00;2,515.00;2,497.13;2,485.00;0;0;193,551.00;483,322,650.00
2024-06-21;GEB;2,525.00;2,525.00;2,496.20;2,480.00;40;1,61;230,928.00;576,442,950.00
2024-06-24;GEB;2,540.00;2,540.00;2,521.26;2,515.00;15;0,59;1,115,759.00;2,813,113,225.00
2024-06-25;GEB;2,530.00;2,560.00;2,522.94;2,500.00;-10;-0,39;375,936.00;948,463,735.00
2024-06-26;GEB;2,520.00;2,560.00;2,521.08;2,515.00;-10;-0,4;1,080,399.00;2,723,767,500.00
2024-06-27;GEB;2,525.00;2,600.00;2,540.29;2,525.00;5;0,2;1,252,924.00;3,182,789,130.00
2024-06-28;GEB;2,500.00;2,545.00;2,522.77;2,500.00;-25;-0,99;1,047,755.00;2,643,248,285.00
2023-07-04;GEB;1,796.00;1,817.00;1,803.03;1,796.00;-29;-1,59;212,077.00;382,381,609.00
2023-07-05;GEB;1,840.00;1,840.00;1,816.72;1,805.00;44;2,45;535,183.00;972,276,596.00
2023-07-06;GEB;1,820.00;1,820.00;1,808.20;1,800.00;-20;-1,09;81,403.00;147,193,159.00
2023-07-07;GEB;1,840.00;1,840.00;1,800.29;1,774.00;20;1,1;5,398,235.00;9,718,378,066.00
2023-07-10;GEB;1,825.00;1,825.00;1,803.65;1,800.00;-15;-0,82;100,117.00;180,575,915.00
2023-07-11;GEB;1,868.00;1,868.00;1,836.94;1,795.00;43;2,36;1,039,755.00;1,909,962,427.00
2023-07-12;GEB;1,889.00;1,889.00;1,876.98;1,860.00;21;1,12;205,747.00;386,182,904.00
2023-07-13;GEB;1,880.00;1,890.00;1,879.35;1,880.00;-9;-0,48;360,342.00;677,208,192.00
2023-07-14;GEB;1,836.00;1,860.00;1,844.77;1,822.00;-44;-2,34;193,999.00;357,882,631.00
2023-07-17;GEB;1,809.00;1,824.00;1,815.48;1,809.00;-27;-1,47;169,532.00;307,782,355.00
2023-07-18;GEB;1,833.00;1,833.00;1,823.13;1,816.00;24;1,33;567,801.00;1,035,176,957.00
2023-07-19;GEB;1,822.00;1,843.00;1,822.79;1,815.00;-11;-0,6;1,629,767.00;2,970,721,139.00
2023-07-21;GEB;1,829.00;1,829.00;1,822.64;1,818.00;7;0,38;357,963.00;652,436,244.00
2023-07-24;GEB;1,829.00;1,842.00;1,815.43;1,802.00;0;0;224,616.00;407,773,954.00
2023-07-25;GEB;1,807.00;1,829.00;1,817.85;1,806.00;-22;-1,2;251,235.00;456,707,353.00
2023-07-26;GEB;1,785.00;1,807.00;1,798.30;1,780.00;-22;-1,22;824,438.00;1,482,585,523.00
2023-07-27;GEB;1,790.00;1,800.00;1,790.55;1,789.00;5;0,28;793,603.00;1,420,986,258.00
2023-07-28;GEB;1,773.00;1,800.00;1,781.15;1,765.00;-17;-0,95;451,922.00;804,940,879.00
2023-07-31;GEB;;1,778.00;1,757.76;1,737.00;-23;-1,3;416,782.00;732,602,464.00
2023-08-01;GEB;1,760.00;1,775.00;1,765.22;1,756.00;-5;-0,28;420,030.00;741,443,954.00
2023-08-02;GEB;1,777.00;1,777.00;1,761.95;1,758.00;17;0,97;457,106.00;805,398,826.00
2023-08-03;GEB;1,755.00;1,776.00;1,761.56;1,755.00;-22;-1,24;189,272.00;333,414,530.00
2023-08-04;GEB;;1,780.00;1,766.61;1,755.00;0;0;27,564.00;48,694,929.00
2023-08-08;GEB;1,754.00;1,755.00;1,755.15;1,754.00;-6;-0,34;38,799.00;68,098,067.00
2023-08-09;GEB;1,760.00;1,780.00;1,755.87;1,740.00;6;0,34;969,501.00;1,702,319,766.00
2023-08-10;GEB;1,752.00;1,760.00;1,746.36;1,737.00;-8;-0,45;385,066.00;672,462,568.00
2023-08-11;GEB;1,760.00;1,760.00;1,757.68;1,752.00;8;0,46;245,219.00;431,017,026.00
2023-08-14;GEB;1,760.00;1,760.00;1,759.38;1,760.00;0;;632,993.00;1,113,675,588.00
2023-08-15;GEB;1,758.00;1,758.00;1,742.29;1,730.00;-2;-0,11;319,993.00;557,519,944.00
2023-08-16;GEB;1,778.00;1,778.00;1,764.19;1,757.00;20;1,14;587,678.00;1,036,776,015.00
2023-08-17;GEB;1,780.00;1,780.00;1,773.52;1,753.00;2;0,11;123,695.00;219,374,947.00
2023-08-18;GEB;1,769.00;1,780.00;1,764.41;1,750.00;-11;-0,62;189,255.00;333,923,018.00
2023-08-22;GEB;1,750.00;1,760.00;1,746.24;1,733.00;-19;-1,07;495,058.00;864,489,132.00
2023-08-23;GEB;1,720.00;1,779.00;1,740.04;1,666.00;-30;-1,71;637,611.00;1,109,470,984.00
2023-08-24;GEB;1,720.00;1,759.00;1,739.61;1,720.00;0;0;489,664.00;851,824,670.00
2023-08-25;GEB;1,758.00;1,758.00;1,745.50;1,682.00;38;2,21;166,996.00;291,490,818.00
2023-08-28;GEB;1,735.00;1,740.00;1,738.49;1,735.00;-23;-1,31;239,763.00;416,825,102.00
2023-08-29;GEB;1,700.00;1,728.00;1,706.40;1,700.00;-35;-2,02;433,119.00;739,075,832.00
2023-08-30;GEB;1,691.00;1,709.00;1,696.15;1,671.00;-9;-0,53;284,095.00;481,867,297.00
2023-08-31;GEB;1,616.00;1,691.00;1,621.24;1,616.00;-75;-4,44;2,157,381.00;3,497,621,625.00
2023-09-01;GEB;1,631.00;1,674.00;1,655.60;1,631.00;15;0,93;131,564.00;217,817,249.00
2023-09-04;GEB;1,631.00;;1,642.98;;;;12,499.00;20,535,584.00
2023-09-05;GEB;1,617.00;1,635.00;1,622.35;1,615.00;-14;-0,86;224,864.00;364,807,800.00
2023-09-06;GEB;1,630.00;1,630.00;1,611.05;1,570.00;13;0,8;414,140.00;667,198,777.00
2023-09-07;GEB;1,679.00;1,684.00;1,632.44;1,600.00;49;3,01;1,264,743.00;2,064,611,681.00
2023-09-08;GEB;1,668.00;1,668.00;1,651.55;1,635.00;-11;-0,66;247,171.00;408,216,161.00
2023-09-11;GEB;1,641.00;1,670.00;1,651.33;1,641.00;-27;-1,62;82,877.00;136,857,361.00
2023-09-12;GEB;1,660.00;1,684.00;1,655.89;1,630.00;19;1,16;440,127.00;728,801,746.00
2023-09-13;GEB;1,690.00;1,690.00;1,689.92;1,679.00;30;1,81;2,641,268.00;4,463,523,938.00
2023-09-14;GEB;1,690.00;1,690.00;1,689.72;1,663.00;0;0;2,156,166.00;3,643,319,152.00
2023-09-15;GEB;1,640.00;1,675.00;1,641.39;1,640.00;-50;-2,96;5,086,238.00;8,348,523,366.00
2023-09-18;GEB;1,640.00;1,675.00;1,640.93;1,640.00;0;0;865,160.00;1,419,665,077.00
2023-09-19;GEB;1,630.00;1,650.00;1,634.32;1,620.00;-10;-0,61;238,290.00;389,443,041.00
2023-09-20;GEB;1,620.00;1,649.00;1,636.09;1,620.00;-10;-0,61;130,826.00;214,043,235.00
2023-09-21;GEB;1,610.00;1,646.00;1,627.28;1,610.00;-10;-0,62;213,693.00;347,738,771.00
2023-09-22;GEB;1,604.00;1,615.00;1,611.95;1,601.00;-6;-0,37;1,676,746.00;2,702,834,404.00
2023-09-25;GEB;1,650.00;1,650.00;1,642.61;1,625.00;46;2,87;87,931.00;144,436,695.00
2023-09-26;GEB;1,600.00;1,649.00;1,612.05;1,600.00;-50;-3,03;490,379.00;790,514,926.00
2023-09-27;GEB;1,700.00;1,700.00;1,670.23;1,607.00;100;6,25;766,021.00;1,279,428,855.00
2023-09-28;GEB;1,720.00;1,720.00;1,700.57;1,674.00;20;1,18;187,729.00;319,247,014.00
2023-09-29;GEB;1,747.00;1,747.00;1,729.52;1,689.00;27;1,57;384,957.00;665,790,466.00
2023-10-02;GEB;1,700.00;1,700.00;1,698.13;1,700.00;-47;-2,69;30,612.00;51,983,269.00
2023-10-03;GEB;1,610.00;1,650.00;1,631.25;1,610.00;-90;-5,29;222,561.00;363,051,585.00
2023-10-04;GEB;1,650.00;1,679.00;1,635.76;1,617.00;40;2,48;115,661.00;189,194,171.00
2023-10-05;GEB;1,622.00;1,622.00;1,643.67;1,622.00;-28;-1,7;25,183.00;41,392,633.00
2023-10-06;GEB;1,626.00;1,659.00;1,631.84;1,620.00;4;0,25;983,173.00;1,604,379,469.00
2023-10-09;GEB;1,634.00;1,650.00;1,647.83;1,632.00;8;0,49;267,045.00;440,046,012.00
2023-10-10;GEB;1,650.00;1,650.00;1,636.95;1,630.00;16;0,98;119,888.00;196,250,494.00
2023-10-11;GEB;1,638.00;1,689.00;1,642.11;1,637.00;-12;-0,73;326,766.00;536,585,999.00
2023-10-12;GEB;1,641.00;1,664.00;1,641.62;1,637.00;3;0,18;353,675.00;580,598,780.00
2023-10-13;GEB;1,650.00;1,650.00;1,646.00;1,642.00;9;0,55;164,295.00;270,428,819.00
2023-10-17;GEB;1,633.00;1,651.00;1,645.73;1,633.00;-17;-1,03;331,664.00;545,828,872.00
2023-10-18;GEB;1,650.00;1,651.00;1,649.69;1,640.00;17;1,04;205,616.00;339,201,751.00
2023-10-19;GEB;1,635.00;1,654.00;1,645.62;1,635.00;-15;-0,91;294,720.00;484,997,544.00
2023-10-20;GEB;1,670.00;1,680.00;1,675.08;1,669.00;35;2,14;396,847.00;664,750,485.00
2023-10-23;GEB;1,670.00;1,679.00;1,675.99;1,670.00;0;0;145,881.00;244,495,028.00
2023-10-24;GEB;1,650.00;1,689.00;1,669.52;1,642.00;-20;-1,2;3,059,528.00;5,107,929,456.00
2023-10-25;GEB;1,661.00;1,661.00;1,660.55;1,660.00;11;0,67;137,443.00;228,230,529.00
2023-10-26;GEB;1,687.00;1,700.00;1,691.57;1,670.00;26;1,57;301,394.00;509,827,768.00
2023-10-27;GEB;1,682.00;1,697.00;1,689.31;1,682.00;-5;-0,3;181,358.00;306,369,963.00
2023-10-30;GEB;1,700.00;1,710.00;1,702.14;1,690.00;18;1,07;242,559.00;412,870,526.00
2023-10-31;GEB;1,665.00;1,700.00;1,683.57;1,665.00;-35;-2,06;3,632,949.00;6,116,339,789.00
2023-11-01;GEB;1,719.00;1,719.00;1,695.35;1,660.00;54;3,24;208,756.00;353,913,843.00
2023-11-02;GEB;1,750.00;1,750.00;1,741.12;1,719.00;31;1,8;102,171.00;177,892,055.00
2023-11-03;GEB;1,747.00;1,799.00;1,750.46;1,735.00;-3;-0,17;221,077.00;386,986,051.00
2023-11-07;GEB;1,728.00;1,730.00;1,729.72;1,728.00;-19;-1,09;185,949.00;321,640,072.00
2023-11-08;GEB;1,715.00;1,755.00;1,727.53;1,715.00;-15;-0,87;88,386.00;152,689,855.00
2023-11-09;GEB;1,735.00;1,735.00;1,727.63;1,735.00;20;1,17;13,793.00;23,829,135.00
2023-11-10;GEB;1,730.00;1,735.00;1,726.30;1,720.00;-5;-0,29;52,475.00;90,587,340.00
2023-11-14;GEB;1,730.00;1,730.00;1,724.81;1,720.00;0;0;93,084.00;160,552,645.00
2023-11-15;GEB;1,730.00;1,750.00;1,739.35;1,730.00;0;0;114,170.00;198,581,505.00
2023-11-16;GEB;1,705.00;1,730.00;1,714.42;1,705.00;-25;-1,45;75,221.00;128,960,060.00
2023-11-17;GEB;1,780.00;1,780.00;1,750.64;1,720.00;75;4,4;976,067.00;1,708,744,975.00
2023-11-20;GEB;1,800.00;1,825.00;1,802.93;1,780.00;20;1,12;803,456.00;1,448,577,635.00
2023-11-21;GEB;1,830.00;1,840.00;1,821.82;1,800.00;30;1,67;278,800.00;507,924,780.00
2023-11-22;GEB;1,830.00;1,875.00;1,850.52;1,830.00;0;0;479,834.00;887,942,255.00
2023-11-23;GEB;1,850.00;1,875.00;1,837.35;1,820.00;20;1,09;272,520.00;500,713,890.00
2023-11-24;GEB;1,850.00;1,870.00;1,854.62;1,840.00;0;0;270,357.00;501,409,850.00
2023-11-27;GEB;1,815.00;1,840.00;1,821.27;1,810.00;-35;-1,89;625,229.00;1,138,711,420.00
2023-11-28;GEB;1,805.00;1,830.00;1,820.22;1,805.00;-10;-0,55;1,879,178.00;3,420,521,890.00
2023-11-29;GEB;1,865.00;1,865.00;1,843.21;1,820.00;60;3,32;328,147.00;604,843,755.00
2023-11-30;GEB;1,900.00;1,900.00;1,884.69;1,850.00;35;1,88;274,470.00;517,291,280.00
2023-12-01;GEB;1,920.00;1,920.00;1,908.80;1,875.00;20;1,05;286,701.00;547,254,075.00
2023-12-04;GEB;1,900.00;1,925.00;1,901.32;1,850.00;-20;-1,04;306,370.00;582,507,110.00
2023-12-05;GEB;1,875.00;1,880.00;1,860.75;1,850.00;-25;-1,32;677,026.00;1,259,773,355.00
2023-12-06;GEB;1,855.00;1,880.00;1,867.24;1,845.00;-20;-1,07;485,418.00;906,389,960.00
2023-12-07;GEB;1,795.00;1,830.00;1,783.92;1,755.00;-60;-3,23;559,692.00;998,447,685.00
2023-12-11;GEB;1,780.00;1,780.00;1,779.89;1,780.00;-15;-0,84;439,350.00;781,995,940.00
2023-12-12;GEB;1,775.00;1,775.00;1,758.49;1,745.00;-5;-0,28;418,158.00;735,328,520.00
2023-12-13;GEB;1,790.00;1,790.00;1,769.03;1,740.00;15;0,85;715,835.00;1,266,333,690.00
2023-12-14;GEB;1,825.00;1,850.00;1,828.13;1,775.00;35;1,96;1,120,828.00;2,049,024,055.00
2023-12-15;GEB;1,800.00;1,830.00;1,814.16;1,800.00;-25;-1,37;308,605.00;559,858,345.00
2023-12-18;GEB;1,800.00;1,840.00;1,790.58;1,770.00;0;0;516,670.00;925,138,485.00
2023-12-19;GEB;1,845.00;1,845.00;1,811.69;1,790.00;45;2,5;1,496,306.00;2,710,840,755.00
2023-12-20;GEB;1,875.00;1,880.00;1,862.67;1,815.00;30;1,63;1,485,858.00;2,767,656,400.00
2023-12-21;GEB;1,820.00;1,870.00;1,840.75;1,820.00;-55;-2,93;67,941.00;125,062,165.00
2023-12-22;GEB;1,850.00;1,890.00;1,869.30;1,850.00;30;1,65;457,697.00;855,572,430.00
2023-12-26;GEB;1,940.00;1,940.00;1,912.04;1,850.00;90;4,86;499,245.00;954,575,105.00
2023-12-27;GEB;1,950.00;1,975.00;1,954.19;1,925.00;10;0,52;513,758.00;1,003,980,065.00
2023-12-28;GEB;1,900.00;1,960.00;1,916.13;1,900.00;-50;-2,56;235,131.00;450,541,840.00
2023-01-02;GEB;1,750.00;1,756.00;1,740.22;1,682.00;67;3,98;130,954.00;227,889,247.00
2023-01-03;GEB;1,715.00;1,800.00;1,758.94;1,715.00;-35;-2;307,457.00;540,799,226.00
2023-01-04;GEB;1,710.00;1,720.00;1,719.31;1,710.00;-5;-0,29;142,462.00;244,936,030.00
2023-01-05;GEB;1,700.00;1,715.00;1,701.41;1,675.00;-10;-0,58;302,741.00;515,086,863.00
2023-01-06;GEB;1,700.00;1,745.00;1,689.15;1,651.00;0;0;257,049.00;434,194,510.00
2023-01-10;GEB;1,700.00;1,710.00;1,701.40;1,692.00;0;0;184,842.00;314,490,377.00
2023-01-11;GEB;1,730.00;1,730.00;1,706.72;1,692.00;30;1,76;431,665.00;736,731,887.00
2023-01-12;GEB;1,692.00;1,729.00;1,694.51;1,679.00;-38;-2,2;724,519.00;1,227,704,374.00
2023-01-13;GEB;1,705.00;1,710.00;1,699.55;1,693.00;13;0,77;293,464.00;498,758,110.00
2023-01-16;GEB;1,720.00;1,727.00;1,713.23;1,705.00;15;0,88;4,166,091.00;7,137,462,028.00
2023-01-17;GEB;1,720.00;1,730.00;1,721.03;1,700.00;0;0;3,004,121.00;5,170,196,616.00
2023-01-18;GEB;1,683.00;1,730.00;1,707.59;1,682.00;-37;-2,15;1,329,498.00;2,270,238,288.00
2023-01-19;GEB;1,685.00;1,700.00;1,683.92;1,680.00;2;0,12;935,105.00;1,574,644,523.00
2023-01-20;GEB;1,700.00;1,710.00;1,684.17;1,672.00;15;0,89;1,331,305.00;2,242,142,462.00
2023-01-23;GEB;1,695.00;1,700.00;1,695.25;1,690.00;-5;-0,29;1,450,002.00;2,458,117,324.00
2023-01-24;GEB;1,703.00;1,717.00;1,706.96;1,696.00;8;0,47;2,107,656.00;3,597,693,929.00
2023-01-25;GEB;1,692.00;1,704.00;1,698.09;1,689.00;-11;-0,65;2,479,318.00;4,210,104,975.00
2023-01-26;GEB;1,705.00;1,719.00;1,705.91;1,695.00;13;0,77;1,242,608.00;2,119,772,982.00
2023-01-27;GEB;1,609.00;1,700.00;1,655.98;1,599.00;-96;-5,63;1,565,654.00;2,592,691,174.00
2023-01-30;GEB;1,574.00;1,610.00;1,585.85;1,572.00;-35;-2,18;1,044,804.00;1,656,900,722.00
2023-01-31;GEB;1,570.00;1,600.00;1,574.74;1,567.00;-4;-0,25;2,445,921.00;3,851,692,291.00
2023-02-01;GEB;1,570.00;1,570.00;1,572.29;1,568.00;0;0;224,107.00;352,361,857.00
2023-02-02;GEB;1,501.00;1,575.00;1,520.03;1,501.00;-69;-4,39;578,481.00;879,309,803.00
2023-02-03;GEB;1,500.00;1,548.00;1,504.65;1,500.00;-1;-0,07;1,055,832.00;1,588,655,348.00
2023-02-06;GEB;1,489.00;1,499.00;1,491.37;1,476.00;-11;-0,73;215,173.00;320,903,144.00
2023-02-07;GEB;1,509.00;1,520.00;1,507.15;1,490.00;20;1,34;149,266.00;224,965,842.00
2023-02-08;GEB;1,463.00;1,528.00;1,475.35;1,463.00;-46;-3,05;568,445.00;838,658,028.00
2023-02-09;GEB;1,430.00;1,484.00;1,425.32;1,402.00;-33;-2,26;1,521,137.00;2,168,102,634.00
2023-02-10;GEB;1,410.00;1,481.00;1,422.59;1,410.00;-20;-1,4;5,314,950.00;7,560,998,575.00
2023-02-13;GEB;1,400.00;1,429.00;1,400.70;1,318.00;-10;-0,71;1,219,583.00;1,708,272,277.00
2023-02-14;GEB;1,380.00;1,400.00;1,358.00;1,311.00;-20;-1,43;480,580.00;652,628,798.00
2023-02-15;GEB;1,365.00;1,395.00;1,373.67;1,361.00;-15;-1,09;2,005,108.00;2,754,365,681.00
2023-02-16;GEB;1,370.00;1,400.00;1,385.30;1,370.00;5;0,37;2,851,420.00;3,950,062,697.00
2023-02-17;GEB;1,397.00;1,397.00;1,382.83;1,371.00;27;1,97;212,078.00;293,266,765.00
2023-02-20;GEB;1,399.00;1,410.00;1,397.43;1,399.00;2;0,14;37,353.00;52,198,338.00
2023-02-21;GEB;1,335.00;1,400.00;1,362.72;1,335.00;-64;-4,57;351,652.00;479,203,511.00
2023-02-22;GEB;1,335.00;1,379.00;1,347.16;1,335.00;0;0;313,918.00;422,898,000.00
2023-02-23;GEB;1,346.00;1,358.00;1,345.89;1,335.00;11;0,82;147,320.00;198,276,646.00
2023-02-24;GEB;1,346.00;1,350.00;1,348.38;1,346.00;0;0;295,876.00;398,953,689.00
2023-02-27;GEB;1,394.00;1,394.00;1,363.77;1,352.00;48;3,57;482,432.00;657,927,541.00
2023-02-28;GEB;1,400.00;1,435.00;1,399.90;1,380.00;6;0,43;2,135,424.00;2,989,370,622.00
2023-03-01;GEB;1,397.00;1,399.00;1,381.77;1,356.00;-3;-0,21;188,711.00;260,755,544.00
2023-03-02;GEB;1,430.00;1,430.00;1,412.98;1,389.00;33;2,36;566,937.00;801,070,892.00
2023-03-03;GEB;1,500.00;1,532.00;1,487.11;1,450.00;70;4,9;753,978.00;1,121,245,812.00
2023-03-06;GEB;1,563.00;1,563.00;1,510.50;1,500.00;63;4,2;1,317,600.00;1,990,231,358.00
2023-03-07;GEB;1,575.00;1,575.00;1,567.00;1,563.00;12;0,77;326,382.00;511,440,405.00
2023-03-08;GEB;1,527.00;1,580.00;1,540.23;1,516.00;-48;-3,05;171,138.00;263,591,992.00
2023-03-09;GEB;1,467.00;1,527.00;1,486.14;1,467.00;-60;-3,93;379,819.00;564,464,638.00
2023-03-10;GEB;1,400.00;1,462.00;1,425.42;1,400.00;-67;-4,57;1,191,615.00;1,698,546,162.00
2023-03-13;GEB;1,380.00;1,410.00;1,390.21;1,370.00;-20;-1,43;860,832.00;1,196,738,477.00
2023-03-14;GEB;1,420.00;1,420.00;1,415.50;1,400.00;40;2,9;172,250.00;243,819,681.00
2023-03-15;GEB;1,450.00;1,450.00;1,420.90;1,395.00;30;2,11;621,361.00;882,889,887.00
2023-03-16;GEB;1,560.00;1,561.00;1,522.65;1,422.00;110;7,59;1,886,471.00;2,872,439,767.00
2023-03-17;GEB;1,620.00;1,670.00;1,618.69;1,533.00;60;3,85;5,069,042.00;8,205,227,491.00
2023-03-21;GEB;1,600.00;1,600.00;1,576.15;1,550.00;-20;-1,23;156,630.00;246,871,636.00
2023-03-22;GEB;1,520.00;1,600.00;1,537.03;1,520.00;-80;-5;253,688.00;389,925,724.00
2023-03-23;GEB;1,545.00;1,568.00;1,503.56;1,471.00;25;1,64;657,906.00;989,198,129.00
2023-03-24;GEB;1,499.00;1,525.00;1,502.06;1,499.00;-46;-2,98;196,886.00;295,734,963.00
2023-03-27;GEB;1,450.00;1,479.00;1,457.51;1,450.00;-49;-3,27;1,282,472.00;1,869,213,041.00
2023-03-28;GEB;1,524.00;1,524.00;1,482.88;1,450.00;74;5,1;179,196.00;265,726,081.00
2023-03-29;GEB;1,495.00;1,524.00;1,516.37;1,495.00;-29;-1,9;289,544.00;439,054,456.00
2023-03-30;GEB;1,566.00;1,566.00;1,502.36;1,495.00;71;4,75;1,848,562.00;2,777,199,982.00
2023-03-31;GEB;1,535.00;1,575.00;1,552.37;1,535.00;-31;-1,98;211,965.00;329,048,483.00
2023-04-03;GEB;1,564.00;1,564.00;1,551.26;1,535.00;29;1,89;33,900.00;52,587,877.00
2023-04-04;GEB;1,566.00;1,574.00;1,570.28;1,566.00;2;0,13;658,709.00;1,034,359,421.00
2023-04-05;GEB;1,605.00;1,605.00;1,601.76;1,573.00;39;2,49;890,554.00;1,426,450,463.00
2023-04-10;GEB;1,684.00;1,684.00;1,635.22;1,600.00;79;4,92;1,199,278.00;1,961,083,615.00
2023-04-11;GEB;1,710.00;1,710.00;1,705.77;1,680.00;26;1,54;1,514,093.00;2,582,688,336.00
2023-04-12;GEB;1,718.00;1,750.00;1,730.67;1,710.00;8;0,47;2,200,434.00;3,808,222,799.00
2023-04-13;GEB;1,691.00;1,739.00;1,708.14;1,691.00;-27;-1,57;77,947.00;133,144,304.00
2023-04-14;GEB;1,715.00;1,715.00;1,690.73;1,659.00;24;1,42;855,679.00;1,446,720,949.00
2023-04-17;GEB;1,670.00;1,738.00;1,686.45;1,670.00;-45;-2,62;494,552.00;834,038,645.00
2023-04-18;GEB;1,689.00;1,694.00;1,675.75;1,652.00;19;1,14;384,451.00;644,244,947.00
2023-04-19;GEB;1,694.00;1,694.00;1,681.97;1,652.00;5;0,3;325,185.00;546,950,382.00
2023-04-20;GEB;1,700.00;1,700.00;1,697.12;1,672.00;6;0,35;418,249.00;709,817,507.00
2023-04-21;GEB;1,670.00;1,700.00;1,697.95;1,651.00;-30;-1,76;1,450,774.00;2,463,341,935.00
2023-04-24;GEB;1,696.00;1,715.00;1,710.35;1,696.00;26;1,56;213,520.00;365,194,495.00
2023-04-25;GEB;1,720.00;1,720.00;1,712.32;1,700.00;24;1,42;251,322.00;430,343,415.00
2023-04-26;GEB;1,720.00;1,730.00;1,721.03;1,720.00;0;0;185,061.00;318,496,070.00
2023-04-27;GEB;1,840.00;1,840.00;1,742.93;1,665.00;120;6,98;985,614.00;1,717,851,716.00
2023-04-28;GEB;1,800.00;1,840.00;1,811.05;1,750.00;-40;-2,17;2,272,110.00;4,114,910,860.00
2023-05-02;GEB;1,730.00;1,801.00;1,757.22;1,730.00;-70;-3,89;739,586.00;1,299,617,825.00
2023-05-03;GEB;1,809.00;1,809.00;1,769.15;1,760.00;79;4,57;809,282.00;1,431,738,572.00
2023-05-04;GEB;1,771.00;1,809.00;1,782.30;1,770.00;-38;-2,1;41,779.00;74,462,503.00
2023-05-05;GEB;1,770.00;1,826.00;1,793.87;1,770.00;-1;-0,06;425,522.00;763,330,414.00
2023-05-08;GEB;1,770.00;1,780.00;1,773.20;1,770.00;0;0;112,631.00;199,717,341.00
2023-05-09;GEB;1,731.00;1,761.00;1,744.37;1,731.00;-39;-2,2;94,462.00;164,776,730.00
2023-05-10;GEB;1,749.00;1,749.00;1,737.32;1,710.00;18;1,04;326,441.00;567,134,064.00
2023-05-11;GEB;1,664.00;1,770.00;1,735.17;1,664.00;-85;-4,86;252,871.00;438,774,396.00
2023-05-12;GEB;1,760.00;1,819.00;1,742.21;1,700.00;96;5,77;312,317.00;544,122,351.00
2023-05-15;GEB;1,762.00;1,790.00;1,777.34;1,731.00;2;0,11;183,052.00;325,345,246.00
2023-05-16;GEB;1,730.00;1,785.00;1,764.95;1,730.00;-32;-1,82;89,888.00;158,648,044.00
2023-05-17;GEB;1,700.00;1,770.00;1,713.39;1,700.00;-30;-1,73;125,483.00;215,001,186.00
2023-05-18;GEB;1,729.00;1,729.00;1,718.92;1,718.00;29;1,71;375,777.00;645,932,020.00
2023-05-19;GEB;1,720.00;1,750.00;1,740.78;1,720.00;-9;-0,52;47,842.00;83,282,550.00
2023-05-23;GEB;1,750.00;1,750.00;1,755.69;1,750.00;30;1,74;55,149.00;96,824,312.00
2023-05-24;GEB;1,700.00;1,720.00;1,713.82;1,700.00;-50;-2,86;54,018.00;92,576,992.00
2023-05-25;GEB;1,750.00;1,750.00;1,733.42;1,700.00;50;2,94;215,777.00;374,031,165.00
2023-05-26;GEB;1,753.00;1,760.00;1,753.82;1,750.00;3;0,17;1,199,454.00;2,103,630,434.00
2023-05-29;GEB;1,726.00;1,731.00;1,737.54;1,726.00;-27;-1,54;48,493.00;84,258,333.00
2023-05-30;GEB;1,738.00;1,759.00;1,737.83;1,726.00;12;0,7;276,091.00;479,799,614.00
2023-05-31;GEB;1,770.00;1,770.00;1,752.29;1,738.00;32;1,84;1,320,487.00;2,313,879,746.00
2023-06-01;GEB;1,830.00;1,850.00;1,811.76;1,768.00;60;3,39;388,280.00;703,469,214.00
2023-06-02;GEB;1,840.00;1,850.00;1,845.82;1,830.00;10;0,55;436,713.00;806,094,014.00
2023-06-05;GEB;1,879.00;1,893.00;1,875.41;1,840.00;39;2,12;501,960.00;941,382,127.00
2023-06-06;GEB;1,925.00;1,933.00;1,887.73;1,769.00;46;2,45;2,210,299.00;4,172,439,084.00
2023-06-07;GEB;1,950.00;1,950.00;1,935.18;1,915.00;25;1,3;716,864.00;1,387,261,768.00
2023-06-08;GEB;1,980.00;1,980.00;1,977.94;1,973.00;30;1,54;270,698.00;535,423,282.00
2023-06-09;GEB;1,986.00;1,986.00;1,965.31;1,949.00;6;0,3;374,440.00;735,891,998.00
2023-06-13;GEB;1,970.00;1,970.00;1,956.98;1,945.00;-16;-0,81;308,115.00;602,973,651.00
2023-06-14;GEB;1,950.00;1,971.00;1,960.46;1,923.00;-20;-1,02;236,368.00;463,390,075.00
2023-06-15;GEB;1,968.00;1,968.00;1,949.85;1,925.00;18;0,92;102,690.00;200,230,351.00
2023-06-16;GEB;1,839.00;1,926.00;1,861.69;1,839.00;-129;-6,55;510,777.00;950,907,450.00
2023-06-20;GEB;1,879.00;1,886.00;1,867.80;1,850.00;40;2,18;275,424.00;514,436,445.00
2023-06-21;GEB;1,860.00;1,899.00;1,879.72;1,860.00;-19;-1,01;785,621.00;1,476,750,599.00
2023-06-22;GEB;1,888.00;1,888.00;1,867.62;1,852.00;28;1,51;89,438.00;167,035,905.00
2023-06-23;GEB;1,835.00;1,886.00;1,839.93;1,820.00;-53;-2,81;228,560.00;420,533,519.00
2023-06-26;GEB;1,865.00;1,865.00;1,836.17;1,826.00;30;1,63;374,201.00;687,098,497.00
2023-06-27;GEB;1,880.00;1,890.00;1,869.66;1,850.00;15;0,8;505,532.00;945,172,599.00
2023-06-28;GEB;1,904.00;1,904.00;1,897.14;1,885.00;24;1,28;116,838.00;221,658,452.00
2023-06-29;GEB;1,842.00;1,880.00;1,858.33;1,842.00;-62;-3,26;652,147.00;1,211,905,681.00
2023-06-30;GEB;1,825.00;1,842.00;1,827.27;1,817.00;-17;-0,92;378,974.00;692,487,581.00
2022-07-01;GEB;2,147.00;2,147.00;2,059.62;1,986.00;149;7,46;1,135,161.00;2,337,997,670.00
2022-07-05;GEB;2,000.00;2,135.00;2,021.04;2,000.00;-147;-6,85;592,674.00;1,197,816,885.00
2022-07-06;GEB;2,076.00;2,076.00;2,040.23;2,005.00;76;3,8;305,466.00;623,220,650.00
2022-07-07;GEB;2,128.00;2,128.00;2,092.43;2,073.00;52;2,5;2,963,766.00;6,201,483,617.00
2022-07-08;GEB;2,052.00;2,128.00;2,098.80;2,052.00;-76;-3,57;1,519,359.00;3,188,832,181.00
2022-07-11;GEB;1,985.00;2,099.00;2,020.41;1,983.00;-67;-3,27;578,232.00;1,168,264,367.00
2022-07-12;GEB;1,960.00;2,052.00;1,985.09;1,850.00;-25;-1,26;1,377,178.00;2,733,820,682.00
2022-07-13;GEB;1,981.00;1,995.00;1,989.47;1,981.00;21;1,07;80,516.00;160,184,379.00
2022-07-14;GEB;1,930.00;1,981.00;1,933.03;1,904.00;-51;-2,57;464,612.00;898,107,297.00
2022-07-15;GEB;1,900.00;1,935.00;1,915.18;1,900.00;-30;-1,55;335,852.00;643,215,392.00
2022-07-18;GEB;1,930.00;1,940.00;1,906.05;1,890.00;30;1,58;260,193.00;495,939,905.00
2022-07-19;GEB;1,906.00;1,932.00;1,922.18;1,906.00;-24;-1,24;226,548.00;435,466,400.00
2022-07-21;GEB;1,929.00;1,962.00;1,925.26;1,900.00;23;1,21;565,583.00;1,088,894,974.00
2022-07-22;GEB;1,800.00;1,950.00;1,893.43;1,800.00;-129;-6,69;425,083.00;804,863,941.00
2022-07-25;GEB;1,948.00;1,948.00;1,865.38;1,800.00;148;8,22;382,788.00;714,044,088.00
2022-07-26;GEB;1,882.00;1,947.00;1,912.80;1,882.00;-66;-3,39;40,580.00;77,621,256.00
2022-07-27;GEB;1,831.00;1,920.00;1,869.77;1,831.00;-51;-2,71;943,307.00;1,763,768,342.00
2022-07-28;GEB;1,950.00;1,950.00;1,909.92;1,861.00;119;6,5;788,622.00;1,506,205,747.00
2022-07-29;GEB;1,901.00;1,960.00;1,921.88;1,891.00;-49;-2,51;568,446.00;1,092,483,295.00
2022-08-01;GEB;1,850.00;1,903.00;1,863.05;1,837.00;-51;-2,68;662,189.00;1,233,689,595.00
2022-08-02;GEB;1,810.00;1,877.00;1,828.23;1,810.00;-40;-2,16;1,060,498.00;1,938,833,978.00
2022-08-03;GEB;1,870.00;1,894.00;1,848.21;1,822.00;60;3,31;2,105,150.00;3,890,754,619.00
2022-08-04;GEB;1,831.00;1,875.00;1,841.12;1,820.00;-39;-2,09;214,631.00;395,161,643.00
2022-08-05;GEB;1,970.00;1,970.00;1,893.06;1,841.00;139;7,59;1,303,645.00;2,467,876,230.00
2022-08-08;GEB;2,048.00;2,048.00;2,004.98;1,980.00;78;3,96;518,585.00;1,039,752,006.00
2022-08-09;GEB;1,970.00;2,002.00;1,976.17;1,950.00;-78;-3,81;495,680.00;979,549,481.00
2022-08-10;GEB;1,971.00;2,027.00;1,980.21;1,971.00;1;0,05;372,675.00;737,976,467.00
2022-08-11;GEB;1,970.00;1,999.00;1,978.05;1,970.00;-1;-0,05;177,351.00;350,809,994.00
2022-08-12;GEB;1,950.00;1,990.00;1,971.59;1,940.00;-20;-1,02;225,157.00;443,916,685.00
2022-08-16;GEB;2,000.00;2,005.00;1,989.15;1,950.00;50;2,56;1,870,433.00;3,720,570,267.00
2022-08-17;GEB;1,990.00;2,004.00;1,994.71;1,981.00;-10;-0,5;540,244.00;1,077,627,970.00
2022-08-18;GEB;1,990.00;2,003.00;1,990.58;1,990.00;0;0;837,201.00;1,666,513,818.00
2022-08-19;GEB;2,020.00;2,020.00;1,995.31;1,960.00;30;1,51;367,104.00;732,486,557.00
2022-08-22;GEB;1,989.00;2,038.00;1,990.40;1,989.00;-31;-1,53;305,129.00;607,328,710.00
2022-08-23;GEB;1,910.00;2,000.00;1,995.38;1,910.00;-79;-3,97;4,015,642.00;8,012,715,395.00
2022-08-24;GEB;1,900.00;1,970.00;1,913.04;1,900.00;-10;-0,52;364,856.00;697,985,530.00
2022-08-25;GEB;1,934.00;1,934.00;1,905.51;1,899.00;34;1,79;4,598,567.00;8,762,619,461.00
2022-08-26;GEB;1,926.00;1,942.00;1,932.91;1,907.00;-8;-0,41;158,328.00;306,033,982.00
2022-08-29;GEB;1,929.00;1,935.00;1,902.47;1,897.00;3;0,16;516,622.00;982,856,587.00
2022-08-30;GEB;1,902.00;1,950.00;1,906.50;1,900.00;-27;-1,4;170,994.00;326,000,382.00
2022-08-31;GEB;1,900.00;1,945.00;1,904.69;1,879.00;-2;-0,11;1,484,204.00;2,826,944,660.00
2022-09-01;GEB;1,935.00;1,935.00;1,900.17;1,880.00;35;1,84;227,172.00;431,666,050.00
2022-09-02;GEB;1,872.00;1,935.00;1,900.22;1,872.00;-63;-3,26;94,327.00;179,241,968.00
2022-09-05;GEB;1,856.00;1,880.00;1,873.23;1,856.00;-16;-0,85;72,169.00;135,189,179.00
2022-09-06;GEB;1,864.00;1,900.00;1,892.38;1,861.00;8;0,43;866,047.00;1,638,887,583.00
2022-09-07;GEB;1,900.00;1,901.00;1,897.91;1,872.00;36;1,93;755,829.00;1,434,495,451.00
2022-09-08;GEB;1,900.00;1,901.00;1,898.97;1,890.00;0;0;212,212.00;402,985,083.00
2022-09-09;GEB;1,930.00;1,945.00;1,930.56;1,925.00;30;1,58;210,210.00;405,822,631.00
2022-09-12;GEB;1,947.00;1,947.00;1,930.90;1,927.00;17;0,88;134,977.00;260,627,605.00
2022-09-13;GEB;1,950.00;1,960.00;1,948.20;1,925.00;3;0,15;302,859.00;590,031,002.00
2022-09-14;GEB;1,929.00;1,929.00;1,897.19;1,880.00;-21;-1,08;264,627.00;502,047,287.00
2022-09-15;GEB;1,980.00;1,980.00;1,974.39;1,902.00;51;2,64;2,500,947.00;4,937,840,112.00
2022-09-16;GEB;1,970.00;2,009.00;1,987.47;1,950.00;-10;-0,51;3,007,133.00;5,976,600,521.00
2022-09-19;GEB;1,950.00;1,958.00;1,942.29;1,887.00;-20;-1,02;3,114,087.00;6,048,453,710.00
2022-09-20;GEB;1,936.00;1,941.00;1,939.61;1,931.00;-14;-0,72;1,069,988.00;2,075,354,870.00
2022-09-21;GEB;1,921.00;1,950.00;1,936.01;1,915.00;-15;-0,77;593,348.00;1,148,725,029.00
2022-09-22;GEB;1,916.00;1,948.00;1,939.83;1,915.00;-5;-0,26;6,223,450.00;12,072,464,262.00
2022-09-23;GEB;1,915.00;1,915.00;1,912.62;1,900.00;-1;-0,05;182,893.00;349,805,270.00
2022-09-26;GEB;1,876.00;1,915.00;1,898.19;1,876.00;-39;-2,04;826,340.00;1,568,551,524.00
2022-09-27;GEB;1,870.00;1,900.00;1,862.96;1,835.00;-6;-0,32;957,819.00;1,784,382,682.00
2022-09-28;GEB;1,831.00;1,888.00;1,874.66;1,831.00;-39;-2,09;429,061.00;804,345,318.00
2022-09-29;GEB;1,870.00;1,870.00;1,861.48;1,870.00;39;2,13;24,891.00;46,334,019.00
2022-09-30;GEB;1,871.00;1,892.00;1,868.47;1,850.00;1;0,05;291,694.00;545,020,332.00
2022-10-03;GEB;1,876.00;1,900.00;1,886.13;1,876.00;5;0,27;158,908.00;299,720,746.00
2022-10-04;GEB;1,940.00;1,971.00;1,938.18;1,915.00;64;3,41;774,796.00;1,501,692,769.00
2022-10-05;GEB;1,945.00;1,945.00;1,940.92;1,940.00;5;0,26;195,879.00;380,186,370.00
2022-10-06;GEB;1,945.00;;1,944.90;;;;5,091.00;9,901,471.00
2022-10-07;GEB;1,910.00;1,930.00;1,918.44;1,910.00;-35;-1,8;105,281.00;201,975,702.00
2022-10-10;GEB;1,900.00;1,900.00;1,901.13;1,900.00;-10;-0,52;32,709.00;62,184,222.00
2022-10-11;GEB;1,910.00;1,910.00;1,886.26;1,880.00;10;0,53;24,170.00;45,590,991.00
2022-10-12;GEB;1,910.00;;1,873.82;;;;2,275.00;4,262,938.00
2022-10-13;GEB;1,821.00;1,821.00;1,823.77;1,821.00;-89;-4,66;68,619.00;125,145,056.00
2022-10-14;GEB;1,814.00;1,860.00;1,830.11;1,810.00;-7;-0,38;874,268.00;1,600,008,699.00
2022-10-18;GEB;1,802.00;1,810.00;1,807.25;1,802.00;-12;-0,66;203,596.00;367,948,505.00
2022-10-19;GEB;1,780.00;1,850.00;1,807.96;1,780.00;-22;-1,22;270,959.00;489,882,498.00
2022-10-20;GEB;1,750.00;1,780.00;1,750.41;1,730.00;-30;-1,69;795,300.00;1,392,101,044.00
2022-10-21;GEB;1,745.00;1,755.00;1,725.60;1,699.00;-5;-0,29;405,166.00;699,152,891.00
2022-10-24;GEB;1,700.00;1,758.00;1,718.02;1,700.00;-45;-2,58;341,893.00;587,377,316.00
2022-10-25;GEB;1,739.00;1,739.00;1,713.64;1,655.00;39;2,29;279,442.00;478,862,048.00
2022-10-26;GEB;1,700.00;1,755.00;1,726.31;1,700.00;-39;-2,24;154,905.00;267,413,802.00
2022-10-27;GEB;1,650.00;1,725.00;1,688.18;1,650.00;-50;-2,94;645,679.00;1,090,019,362.00
2022-10-28;GEB;1,650.00;1,700.00;1,673.55;1,630.00;0;0;435,305.00;728,504,963.00
2022-10-31;GEB;1,647.00;1,718.00;1,661.41;1,645.00;-3;-0,18;93,320.00;155,043,176.00
2022-11-01;GEB;1,686.00;1,700.00;1,682.52;1,660.00;39;2,37;1,780,814.00;2,996,252,029.00
2022-11-02;GEB;1,730.00;1,766.00;1,737.39;1,705.00;44;2,61;212,849.00;369,802,756.00
2022-11-03;GEB;1,690.00;1,779.00;1,719.65;1,690.00;-40;-2,31;351,663.00;604,738,404.00
2022-11-04;GEB;1,705.00;1,755.00;1,730.45;1,705.00;15;0,89;106,517.00;184,321,906.00
2022-11-08;GEB;1,748.00;1,748.00;1,702.83;1,690.00;43;2,52;128,767.00;219,268,142.00
2022-11-09;GEB;1,690.00;1,720.00;1,705.55;1,690.00;-58;-3,32;69,248.00;118,105,943.00
2022-11-10;GEB;1,745.00;1,745.00;1,708.76;1,690.00;55;3,25;621,202.00;1,061,483,653.00
2022-11-11;GEB;1,761.00;1,820.00;1,769.95;1,726.00;16;0,92;454,941.00;805,224,139.00
2022-11-15;GEB;1,756.00;1,782.00;1,776.38;1,756.00;-5;-0,28;620,029.00;1,101,406,719.00
2022-11-16;GEB;1,732.00;1,760.00;1,751.31;1,732.00;-24;-1,37;131,047.00;229,503,822.00
2022-11-17;GEB;1,733.00;1,755.00;1,745.40;1,732.00;1;0,06;192,661.00;336,271,190.00
2022-11-18;GEB;1,744.00;1,744.00;1,742.57;1,740.00;11;0,63;112,463.00;195,974,356.00
2022-11-21;GEB;1,730.00;1,750.00;1,734.71;1,720.00;-14;-0,8;154,365.00;267,779,221.00
2022-11-22;GEB;1,750.00;1,799.00;1,769.00;1,701.00;20;1,16;446,679.00;790,174,681.00
2022-11-23;GEB;1,790.00;1,795.00;1,773.99;1,759.00;40;2,29;840,780.00;1,491,532,571.00
2022-11-24;GEB;1,838.00;1,839.00;1,808.23;1,790.00;48;2,68;530,174.00;958,675,750.00
2022-11-25;GEB;1,879.00;1,900.00;1,854.15;1,815.00;41;2,23;405,139.00;751,186,530.00
2022-11-28;GEB;1,840.00;1,883.00;1,850.44;1,835.00;-39;-2,08;5,860,971.00;10,845,388,287.00
2022-11-29;GEB;1,818.00;1,860.00;1,842.31;1,818.00;-22;-1,2;3,036,385.00;5,593,964,090.00
2022-11-30;GEB;1,800.00;1,869.00;1,801.64;1,800.00;-18;-0,99;2,681,032.00;4,830,261,848.00
2022-12-01;GEB;1,860.00;1,860.00;1,835.82;1,810.00;60;3,33;3,831,220.00;7,033,428,500.00
2022-12-02;GEB;1,870.00;1,870.00;1,867.26;1,860.00;10;0,54;300,791.00;561,655,236.00
2022-12-05;GEB;1,807.00;1,850.00;1,844.43;1,807.00;-63;-3,37;255,729.00;471,675,442.00
2022-12-06;GEB;1,839.00;1,839.00;1,835.52;1,839.00;32;1,77;10,339.00;18,977,453.00
2022-12-07;GEB;1,810.00;1,850.00;1,820.60;1,810.00;-29;-1,58;124,013.00;225,778,107.00
2022-12-09;GEB;1,820.00;1,839.00;1,829.08;1,820.00;10;0,55;122,053.00;223,245,165.00
2022-12-12;GEB;1,812.00;1,828.00;1,826.01;1,812.00;-8;-0,44;140,285.00;256,161,292.00
2022-12-13;GEB;1,830.00;1,855.00;1,842.91;1,830.00;18;0,99;192,691.00;355,112,717.00
2022-12-14;GEB;1,850.00;1,870.00;1,857.92;1,850.00;20;1,09;132,190.00;245,598,202.00
2022-12-15;GEB;1,800.00;1,830.00;1,794.97;1,743.00;-50;-2,7;164,596.00;295,445,275.00
2022-12-16;GEB;1,740.00;1,800.00;1,742.24;1,730.00;-60;-3,33;834,402.00;1,453,725,148.00
2022-12-19;GEB;1,720.00;1,769.00;1,734.02;1,720.00;-20;-1,15;158,451.00;274,757,218.00
2022-12-20;GEB;1,698.00;1,720.00;1,698.18;1,663.00;-22;-1,28;95,678.00;162,478,693.00
2022-12-21;GEB;1,725.00;1,740.00;1,728.38;1,720.00;27;1,59;129,836.00;224,405,828.00
2022-12-22;GEB;1,700.00;1,705.00;1,700.06;1,681.00;-25;-1,45;1,115,989.00;1,897,251,303.00
2022-12-23;GEB;1,700.00;1,730.00;1,701.26;1,699.00;0;0;1,121,609.00;1,908,143,302.00
2022-12-26;GEB;1,680.00;1,700.00;1,694.31;1,680.00;-20;-1,18;336,865.00;570,752,501.00
2022-12-27;GEB;1,699.00;1,699.00;1,692.16;1,690.00;19;1,13;170,491.00;288,497,608.00
2022-12-28;GEB;1,700.00;1,712.00;1,707.86;1,692.00;1;0,06;55,322.00;94,482,186.00
2022-12-29;GEB;1,683.00;1,727.00;1,688.96;1,678.00;-17;-1;147,610.00;249,307,453.00
2022-01-03;GEB;2,532.00;2,599.00;2,543.63;2,532.00;32;1,28;153,596.00;390,691,300.00
2022-01-04;GEB;2,550.00;2,589.00;2,556.96;2,550.00;18;0,71;77,867.00;199,103,033.00
2022-01-05;GEB;2,521.00;2,584.00;2,562.88;2,521.00;-29;-1,14;53,562.00;137,272,831.00
2022-01-06;GEB;2,435.00;2,580.00;2,489.76;2,425.00;-86;-3,41;619,564.00;1,542,564,113.00
2022-01-07;GEB;2,480.00;2,520.00;2,485.95;2,479.00;45;1,85;348,388.00;866,074,600.00
2022-01-11;GEB;2,508.00;2,520.00;2,506.29;2,480.00;28;1,13;69,977.00;175,382,423.00
2022-01-12;GEB;2,580.00;2,588.00;2,571.30;2,540.00;72;2,87;680,860.00;1,750,695,674.00
2022-01-13;GEB;2,527.00;2,594.00;2,575.48;2,527.00;-53;-2,05;1,464,830.00;3,772,637,127.00
2022-01-14;GEB;2,475.00;2,574.00;2,524.65;2,475.00;-52;-2,06;5,903,660.00;14,904,663,771.00
2022-01-17;GEB;2,608.00;2,608.00;2,589.89;2,480.00;133;5,37;4,119,202.00;10,668,291,607.00
2022-01-18;GEB;2,699.00;2,699.00;2,668.61;2,625.00;91;3,49;9,567,856.00;25,532,892,017.00
2022-01-19;GEB;2,690.00;2,700.00;2,665.00;2,630.00;-9;-0,33;15,886,770.00;42,338,269,258.00
2022-01-20;GEB;2,607.00;2,698.00;2,627.57;2,601.00;-83;-3,09;1,481,061.00;3,891,588,146.00
2022-01-21;GEB;2,590.00;2,610.00;2,599.91;2,590.00;-17;-0,65;1,431,516.00;3,721,812,229.00
2022-01-24;GEB;2,605.00;2,623.00;2,578.65;2,561.00;15;0,58;577,395.00;1,488,899,710.00
2022-01-25;GEB;2,639.00;2,639.00;2,610.74;2,600.00;34;1,31;830,414.00;2,167,998,774.00
2022-01-26;GEB;2,650.00;2,650.00;2,640.59;2,613.00;11;0,42;742,791.00;1,961,403,719.00
2022-01-27;GEB;2,650.00;2,667.00;2,664.17;2,650.00;0;0;2,019,938.00;5,381,463,446.00
2022-01-28;GEB;2,650.00;2,666.00;2,653.93;2,650.00;0;0;327,579.00;869,370,702.00
2022-01-31;GEB;2,620.00;2,660.00;2,640.29;2,620.00;-30;-1,13;915,927.00;2,418,314,396.00
2022-02-01;GEB;2,590.00;2,620.00;2,589.61;2,575.00;-30;-1,15;981,900.00;2,542,740,091.00
2022-02-02;GEB;2,557.00;2,610.00;2,578.02;2,557.00;-33;-1,27;1,153,110.00;2,972,741,495.00
2022-02-03;GEB;2,530.00;2,561.00;2,549.93;2,530.00;-27;-1,06;692,748.00;1,766,458,759.00
2022-02-04;GEB;2,580.00;2,599.00;2,580.06;2,531.00;50;1,98;443,455.00;1,144,140,385.00
2022-02-07;GEB;2,580.00;2,639.00;2,596.40;2,580.00;0;0;490,396.00;1,273,262,497.00
2022-02-08;GEB;2,581.00;2,600.00;2,593.22;2,570.00;1;0,04;386,719.00;1,002,845,829.00
2022-02-09;GEB;2,550.00;2,602.00;2,580.31;2,550.00;-31;-1,2;1,189,309.00;3,068,780,575.00
2022-02-10;GEB;2,507.00;2,598.00;2,538.25;2,505.00;-43;-1,69;674,672.00;1,712,483,859.00
2022-02-11;GEB;2,526.00;2,555.00;2,526.09;2,510.00;19;0,76;735,592.00;1,858,172,906.00
2022-02-14;GEB;2,490.00;2,560.00;2,522.98;2,490.00;-36;-1,43;1,105,965.00;2,790,329,857.00
2022-02-15;GEB;2,488.00;2,520.00;2,492.02;2,475.00;-2;-0,08;782,387.00;1,949,721,738.00
2022-02-16;GEB;2,485.00;2,549.00;2,510.77;2,485.00;-3;-0,12;1,300,059.00;3,264,153,028.00
2022-02-17;GEB;2,474.00;2,509.00;2,483.84;2,474.00;-11;-0,44;829,418.00;2,060,141,280.00
2022-02-18;GEB;2,488.00;2,510.00;2,497.63;2,487.00;14;0,57;654,903.00;1,635,704,426.00
2022-02-21;GEB;2,482.00;2,500.00;2,491.77;2,482.00;-6;-0,24;219,244.00;546,304,771.00
2022-02-22;GEB;2,458.00;2,533.00;2,474.41;2,451.00;-24;-0,97;1,454,831.00;3,599,843,357.00
2022-02-23;GEB;2,471.00;2,499.00;2,459.63;2,431.00;13;0,53;1,523,145.00;3,746,379,188.00
2022-02-24;GEB;2,430.00;2,475.00;2,429.68;2,411.00;-41;-1,66;1,629,188.00;3,958,397,757.00
2022-02-25;GEB;2,441.00;2,455.00;2,433.51;2,405.00;11;0,45;321,076.00;781,341,215.00
2022-02-28;GEB;2,450.00;2,480.00;2,455.65;2,430.00;9;0,37;1,038,331.00;2,549,777,146.00
2022-03-01;GEB;2,455.00;2,509.00;2,479.77;2,448.00;5;0,2;2,011,345.00;4,987,675,009.00
2022-03-02;GEB;2,440.00;2,478.00;2,456.68;2,430.00;-15;-0,61;1,179,721.00;2,898,197,132.00
2022-03-03;GEB;2,478.00;2,480.00;2,471.76;2,470.00;38;1,56;1,018,723.00;2,518,039,480.00
2022-03-04;GEB;2,460.00;2,493.00;2,473.26;2,460.00;-18;-0,73;815,782.00;2,017,643,870.00
2022-03-07;GEB;2,470.00;2,480.00;2,472.36;2,460.00;10;0,41;903,795.00;2,234,506,429.00
2022-03-08;GEB;2,470.00;2,507.00;2,474.94;2,470.00;0;0;1,363,081.00;3,373,538,172.00
2022-03-09;GEB;2,505.00;2,509.00;2,486.94;2,470.00;35;1,42;2,457,291.00;6,111,129,184.00
2022-03-10;GEB;2,495.00;2,512.00;2,487.97;2,460.00;-10;-0,4;1,323,583.00;3,293,040,606.00
2022-03-11;GEB;2,520.00;2,526.00;2,502.84;2,466.00;25;1;742,489.00;1,858,328,028.00
2022-03-14;GEB;2,470.00;2,520.00;2,491.04;2,463.00;-50;-1,98;511,939.00;1,275,259,622.00
2022-03-15;GEB;2,515.00;2,520.00;2,510.22;2,480.00;45;1,82;1,005,566.00;2,524,188,819.00
2022-03-16;GEB;2,512.00;2,530.00;2,517.09;2,504.00;-3;-0,12;657,206.00;1,654,247,909.00
2022-03-17;GEB;2,480.00;2,526.00;2,499.77;2,480.00;-32;-1,27;355,618.00;888,964,237.00
2022-03-18;GEB;2,510.00;2,520.00;2,509.19;2,470.00;30;1,21;3,143,199.00;7,886,893,043.00
2022-03-22;GEB;2,490.00;2,535.00;2,494.71;2,475.00;-20;-0,8;406,454.00;1,013,985,466.00
2022-03-23;GEB;2,490.00;2,510.00;2,498.62;2,490.00;0;0;457,251.00;1,142,498,007.00
2022-03-24;GEB;2,481.00;2,510.00;2,485.46;2,480.00;-9;-0,36;808,361.00;2,009,147,412.00
2022-03-25;GEB;2,455.00;2,480.00;2,467.54;2,455.00;-26;-1,05;985,750.00;2,432,374,883.00
2022-03-28;GEB;2,476.00;2,494.00;2,465.18;2,456.00;21;0,86;9,155,884.00;22,570,858,805.00
2022-03-29;GEB;2,476.00;2,500.00;2,484.35;2,472.00;0;0;2,168,478.00;5,387,260,540.00
2022-03-30;GEB;2,485.00;2,488.00;2,478.84;2,466.00;9;0,36;864,875.00;2,143,884,761.00
2022-03-31;GEB;2,470.00;2,493.00;2,481.05;2,470.00;-15;-0,6;480,081.00;1,191,102,972.00
2022-04-01;GEB;2,464.00;2,530.00;2,473.84;2,460.00;-6;-0,24;511,340.00;1,264,971,609.00
2022-04-04;GEB;2,480.00;2,496.00;2,481.57;2,475.00;16;0,65;813,620.00;2,019,055,883.00
2022-04-05;GEB;2,490.00;2,500.00;2,489.35;2,478.00;10;0,4;554,561.00;1,380,494,906.00
2022-04-06;GEB;2,480.00;2,490.00;2,473.96;2,465.00;-10;-0,4;704,051.00;1,741,794,507.00
2022-04-07;GEB;2,505.00;2,509.00;2,485.49;2,471.00;25;1,01;3,388,400.00;8,421,831,792.00
2022-04-08;GEB;2,485.00;2,529.00;2,487.90;2,485.00;-20;-0,8;7,629,529.00;18,981,490,668.00
2022-04-11;GEB;2,475.00;2,504.00;2,481.44;2,475.00;-10;-0,4;197,336.00;489,677,308.00
2022-04-12;GEB;2,465.00;2,500.00;2,472.06;2,465.00;-10;-0,4;277,957.00;687,126,156.00
2022-04-13;GEB;2,480.00;2,492.00;2,484.75;2,472.00;15;0,61;64,625.00;160,577,021.00
2022-04-18;GEB;2,470.00;2,490.00;2,483.68;2,470.00;-10;-0,4;852,854.00;2,118,219,849.00
2022-04-19;GEB;2,510.00;2,510.00;2,486.75;2,462.00;40;1,62;1,356,355.00;3,372,909,251.00
2022-04-20;GEB;2,560.00;2,560.00;2,527.39;2,505.00;50;1,99;1,079,692.00;2,728,802,516.00
2022-04-21;GEB;2,556.00;2,589.00;2,558.01;2,540.00;-4;-0,16;1,603,287.00;4,101,230,647.00
2022-04-22;GEB;2,607.00;2,607.00;2,588.16;2,556.00;51;2;1,318,750.00;3,413,132,787.00
2022-04-25;GEB;2,580.00;2,620.00;2,598.89;2,580.00;-27;-1,04;3,613,970.00;9,392,303,854.00
2022-04-26;GEB;2,542.00;2,605.00;2,567.10;2,542.00;-38;-1,47;1,102,398.00;2,829,963,751.00
2022-04-27;GEB;2,495.00;2,550.00;2,515.53;2,495.00;-47;-1,85;1,285,838.00;3,234,566,184.00
2022-04-28;GEB;2,490.00;2,520.00;2,497.72;2,490.00;-5;-0,2;510,790.00;1,275,812,806.00
2022-04-29;GEB;2,520.00;2,530.00;2,506.82;2,491.00;30;1,2;234,234.00;587,182,055.00
2022-05-02;GEB;2,516.00;2,520.00;2,512.94;2,491.00;-4;-0,16;207,911.00;522,468,137.00
2022-05-03;GEB;2,490.00;2,514.00;2,496.28;2,480.00;-26;-1,03;1,489,979.00;3,719,399,612.00
2022-05-04;GEB;2,510.00;2,510.00;2,492.23;2,475.00;20;0,8;1,063,366.00;2,650,151,709.00
2022-05-05;GEB;2,482.00;2,515.00;2,501.72;2,481.00;-28;-1,12;868,971.00;2,173,919,396.00
2022-05-06;GEB;2,450.00;2,490.00;2,476.11;2,450.00;-32;-1,29;1,161,089.00;2,874,987,020.00
2022-05-09;GEB;2,390.00;2,470.00;2,422.80;2,390.00;-60;-2,45;1,425,329.00;3,453,293,917.00
2022-05-10;GEB;2,330.00;2,420.00;2,366.46;2,330.00;-60;-2,51;1,301,133.00;3,079,081,528.00
2022-05-11;GEB;2,329.00;2,395.00;2,332.70;2,322.00;-1;-0,04;1,419,825.00;3,312,022,279.00
2022-05-12;GEB;2,360.00;2,400.00;2,364.89;2,340.00;31;1,33;928,740.00;2,196,371,940.00
2022-05-13;GEB;2,350.00;2,435.00;2,391.15;2,350.00;-10;-0,42;703,568.00;1,682,338,252.00
2022-05-16;GEB;2,400.00;2,400.00;2,367.97;2,361.00;50;2,13;2,226,439.00;5,272,133,856.00
2022-05-17;GEB;2,430.00;2,434.00;2,425.45;2,410.00;30;1,25;1,858,841.00;4,508,534,517.00
2022-05-18;GEB;2,400.00;2,450.00;2,416.52;2,393.00;-30;-1,23;1,819,828.00;4,397,649,242.00
2022-05-19;GEB;2,310.00;2,395.00;2,327.47;2,301.00;-90;-3,75;1,008,277.00;2,346,730,314.00
2022-05-20;GEB;2,350.00;2,389.00;2,363.17;2,332.00;40;1,73;1,340,785.00;3,168,498,579.00
2022-05-23;GEB;2,350.00;;;;;;;
2022-05-24;GEB;2,350.00;;;;;;;
2022-05-25;GEB;2,350.00;;;;;;;
2022-05-26;GEB;2,350.00;;;;;;;
2022-05-27;GEB;2,280.00;2,280.00;2,264.92;2,175.00;-70;-2,98;148,739.00;336,881,987.00
2022-05-31;GEB;2,420.00;2,451.00;2,405.61;2,320.00;140;6,14;2,260,422.00;5,437,685,415.00
2022-06-01;GEB;2,400.00;2,439.00;2,401.46;2,380.00;-20;-0,83;171,839.00;412,664,120.00
2022-06-02;GEB;2,380.00;2,479.00;2,405.81;2,370.00;-20;-0,83;899,544.00;2,164,128,044.00
2022-06-03;GEB;2,370.00;2,390.00;2,374.84;2,365.00;-10;-0,42;354,690.00;842,332,446.00
2022-06-06;GEB;2,305.00;2,370.00;2,335.75;2,305.00;-65;-2,74;155,005.00;362,053,466.00
2022-06-07;GEB;2,289.00;2,329.00;2,265.40;2,212.00;-16;-0,69;352,099.00;797,646,738.00
2022-06-08;GEB;2,274.00;2,300.00;2,274.51;2,260.00;-15;-0,66;529,303.00;1,203,903,823.00
2022-06-09;GEB;2,196.00;2,270.00;2,204.41;2,190.00;-78;-3,43;601,761.00;1,326,529,592.00
2022-06-10;GEB;2,178.00;2,200.00;2,190.10;2,177.00;-18;-0,82;680,654.00;1,490,698,101.00
2022-06-13;GEB;2,049.00;2,165.00;2,076.91;2,049.00;-129;-5,92;443,390.00;920,883,157.00
2022-06-14;GEB;2,050.00;2,090.00;2,064.87;2,050.00;1;0,05;505,710.00;1,044,224,886.00
2022-06-15;GEB;1,970.00;2,100.00;2,006.24;1,957.00;-80;-3,9;1,514,328.00;3,038,103,428.00
2022-06-16;GEB;2,097.00;2,097.00;2,069.01;2,000.00;127;6,45;654,719.00;1,354,622,733.00
2022-06-17;GEB;2,120.00;2,120.00;2,101.19;2,059.00;23;1,1;904,730.00;1,901,008,083.00
2022-06-21;GEB;2,012.00;2,050.00;2,018.40;2,000.00;-108;-5,09;450,301.00;908,887,270.00
2022-06-22;GEB;2,000.00;2,040.00;2,010.67;1,960.00;-12;-0,6;666,108.00;1,339,325,055.00
2022-06-23;GEB;1,905.00;2,030.00;1,962.24;1,905.00;-95;-4,75;515,904.00;1,012,326,050.00
2022-06-24;GEB;2,000.00;2,015.00;1,992.08;1,950.00;95;4,99;434,285.00;865,130,947.00
2022-06-28;GEB;2,030.00;2,100.00;2,006.78;2,000.00;30;1,5;846,861.00;1,699,461,236.00
2022-06-29;GEB;1,985.00;2,070.00;1,994.75;1,970.00;-45;-2,22;336,918.00;672,065,865.00
2022-06-30;GEB;1,998.00;2,050.00;2,028.52;1,998.00;13;0,65;229,705.00;465,961,564.00
2021-07-01;GEB;2,579.00;2,580.00;2,568.19;2,560.00;8;0,31;556,975.00;1,430,419,125.00
2021-07-02;GEB;2,541.00;2,580.00;2,554.15;2,540.00;-38;-1,47;450,564.00;1,150,806,315.00
2021-07-06;GEB;2,507.00;2,540.00;2,524.24;2,500.00;-34;-1,34;179,486.00;453,065,092.00
2021-07-07;GEB;2,518.00;2,518.00;2,500.27;2,480.00;11;0,44;520,351.00;1,301,019,834.00
2021-07-08;GEB;2,514.00;2,530.00;2,512.02;2,480.00;-4;-0,16;970,222.00;2,437,214,192.00
2021-07-09;GEB;2,517.00;2,530.00;2,517.86;2,504.00;3;0,12;1,298,780.00;3,270,141,106.00
2021-07-12;GEB;2,519.00;2,528.00;2,520.21;2,515.00;2;0,08;55,027.00;138,679,592.00
2021-07-13;GEB;2,520.00;2,520.00;2,514.12;2,500.00;1;0,04;365,771.00;919,590,854.00
2021-07-14;GEB;2,515.00;2,530.00;2,516.13;2,512.00;-5;-0,2;204,845.00;515,416,141.00
2021-07-15;GEB;2,509.00;2,510.00;2,506.32;2,491.00;-6;-0,24;425,151.00;1,065,564,948.00
2021-07-16;GEB;2,504.00;2,519.00;2,509.61;2,504.00;-5;-0,2;1,235,450.00;3,100,491,955.00
2021-07-19;GEB;2,450.00;2,492.00;2,479.03;2,450.00;-54;-2,16;1,109,920.00;2,751,529,146.00
2021-07-21;GEB;2,510.00;2,535.00;2,509.80;2,490.00;60;2,45;900,150.00;2,259,195,057.00
2021-07-22;GEB;2,480.00;2,509.00;2,485.49;2,480.00;-30;-1,2;138,973.00;345,415,633.00
2021-07-23;GEB;2,505.00;2,519.00;2,505.57;2,490.00;25;1,01;295,755.00;741,035,601.00
2021-07-26;GEB;2,490.00;2,496.00;2,490.62;2,484.00;-15;-0,6;304,068.00;757,316,468.00
2021-07-27;GEB;2,500.00;2,518.00;2,506.49;2,486.00;10;0,4;496,055.00;1,243,355,756.00
2021-07-28;GEB;2,500.00;2,518.00;2,508.51;2,490.00;0;0;307,972.00;772,552,276.00
2021-07-29;GEB;2,515.00;2,515.00;2,508.50;2,500.00;15;0,6;90,309.00;226,539,701.00
2021-07-30;GEB;2,529.00;2,529.00;2,510.25;2,482.00;14;0,56;270,682.00;679,478,363.00
2021-08-02;GEB;2,530.00;2,580.00;2,526.50;2,510.00;1;0,04;967,667.00;2,444,808,887.00
2021-08-03;GEB;2,530.00;2,560.00;2,517.57;2,510.00;0;0;350,512.00;882,438,883.00
2021-08-04;GEB;2,567.00;2,567.00;2,556.47;2,531.00;37;1,46;953,524.00;2,437,659,694.00
2021-08-05;GEB;2,584.00;2,588.00;2,569.95;2,533.00;17;0,66;378,571.00;972,908,673.00
2021-08-06;GEB;2,564.00;2,589.00;2,574.91;2,564.00;-20;-0,77;268,254.00;690,730,582.00
2021-08-09;GEB;2,549.00;2,580.00;2,558.21;2,533.00;-15;-0,59;1,062,094.00;2,717,064,071.00
2021-08-10;GEB;2,560.00;2,560.00;2,541.46;2,510.00;11;0,43;312,862.00;795,127,436.00
2021-08-11;GEB;2,577.00;2,577.00;2,559.88;2,532.00;17;0,66;798,800.00;2,044,831,868.00
2021-08-12;GEB;2,550.00;2,559.00;2,547.55;2,534.00;-27;-1,05;292,372.00;744,832,138.00
2021-08-13;GEB;2,568.00;2,570.00;2,545.73;2,512.00;18;0,71;978,090.00;2,489,949,580.00
2021-08-17;GEB;2,625.00;2,625.00;2,586.04;2,555.00;57;2,22;2,319,814.00;5,999,132,415.00
2021-08-18;GEB;2,689.00;2,690.00;2,661.12;2,606.00;64;2,44;1,726,430.00;4,594,231,312.00
2021-08-19;GEB;2,700.00;2,719.00;2,678.79;2,640.00;11;0,41;941,949.00;2,523,279,305.00
2021-08-20;GEB;2,700.00;2,710.00;2,699.38;2,680.00;0;0;1,139,772.00;3,076,673,358.00
2021-08-23;GEB;2,700.00;2,720.00;2,706.93;2,685.00;0;0;2,032,748.00;5,502,503,034.00
2021-08-24;GEB;2,680.00;2,718.00;2,688.78;2,680.00;-20;-0,74;1,752,093.00;4,710,992,423.00
2021-08-25;GEB;2,664.00;2,690.00;2,679.50;2,650.00;-16;-0,6;434,022.00;1,162,962,234.00
2021-08-26;GEB;2,660.00;2,680.00;2,668.52;2,660.00;-4;-0,15;219,398.00;585,467,280.00
2021-08-27;GEB;2,695.00;2,700.00;2,682.04;2,672.00;35;1,32;929,896.00;2,494,013,873.00
2021-08-30;GEB;2,680.00;2,720.00;2,705.62;2,680.00;-15;-0,56;409,113.00;1,106,905,898.00
2021-08-31;GEB;2,695.00;2,715.00;2,692.60;2,680.00;15;0,56;1,118,632.00;3,012,024,805.00
2021-09-01;GEB;2,680.00;2,725.00;2,711.23;2,680.00;-15;-0,56;699,182.00;1,895,646,210.00
2021-09-02;GEB;2,700.00;2,709.00;2,699.42;2,688.00;20;0,75;929,166.00;2,508,207,963.00
2021-09-03;GEB;2,685.00;2,700.00;2,698.36;2,685.00;-15;-0,56;1,621,690.00;4,375,911,396.00
2021-09-06;GEB;2,700.00;2,700.00;2,689.01;2,685.00;15;0,56;92,747.00;249,397,475.00
2021-09-07;GEB;2,700.00;2,705.00;2,701.26;2,700.00;0;0;404,864.00;1,093,643,670.00
2021-09-08;GEB;2,700.00;2,720.00;2,698.99;2,681.00;0;0;379,809.00;1,025,101,634.00
2021-09-09;GEB;2,750.00;2,750.00;2,736.69;2,705.00;50;1,85;973,212.00;2,663,381,001.00
2021-09-10;GEB;2,753.00;2,780.00;2,758.75;2,720.00;3;0,11;2,085,807.00;5,754,211,863.00
2021-09-13;GEB;2,796.00;2,799.00;2,786.40;2,764.00;43;1,56;277,060.00;771,999,657.00
2021-09-14;GEB;2,774.00;2,818.00;2,796.32;2,771.00;-22;-0,79;691,684.00;1,934,171,310.00
2021-09-15;GEB;2,800.00;2,805.00;2,794.67;2,771.00;26;0,94;1,114,605.00;3,114,954,760.00
2021-09-16;GEB;2,770.00;2,800.00;2,777.14;2,760.00;-30;-1,07;256,725.00;712,962,297.00
2021-09-17;GEB;2,720.00;2,788.00;2,730.79;2,720.00;-50;-1,81;2,553,165.00;6,972,168,354.00
2021-09-20;GEB;2,720.00;2,745.00;2,724.23;2,718.00;0;0;1,184,758.00;3,227,558,804.00
2021-09-21;GEB;2,744.00;2,745.00;2,740.45;2,720.00;24;0,88;58,535.00;160,412,074.00
2021-09-22;GEB;2,770.00;2,780.00;2,767.73;2,740.00;26;0,95;446,720.00;1,236,401,974.00
2021-09-23;GEB;2,756.00;2,790.00;2,775.04;2,750.00;-14;-0,51;598,544.00;1,660,981,336.00
2021-09-24;GEB;2,760.00;2,780.00;2,767.98;2,760.00;4;0,15;261,438.00;723,654,415.00
2021-09-27;GEB;2,800.00;2,800.00;2,787.30;2,761.00;40;1,45;1,270,984.00;3,542,614,106.00
2021-09-28;GEB;2,810.00;2,830.00;2,805.37;2,765.00;10;0,36;2,086,087.00;5,852,249,618.00
2021-09-29;GEB;2,820.00;2,826.00;2,814.37;2,803.00;10;0,36;876,146.00;2,465,800,144.00
2021-09-30;GEB;2,816.00;2,849.00;2,832.40;2,816.00;-4;-0,14;2,663,856.00;7,545,107,621.00
2021-10-01;GEB;2,832.00;2,838.00;2,831.52;2,827.00;16;0,57;712,209.00;2,016,634,014.00
2021-10-04;GEB;2,856.00;2,860.00;2,847.57;2,838.00;24;0,85;844,645.00;2,405,181,797.00
2021-10-05;GEB;2,860.00;2,888.00;2,878.34;2,860.00;4;0,14;4,026,866.00;11,590,674,841.00
2021-10-06;GEB;2,882.00;2,882.00;2,856.71;2,839.00;22;0,77;843,570.00;2,409,831,319.00
2021-10-07;GEB;2,860.00;2,900.00;2,880.33;2,860.00;-22;-0,76;664,787.00;1,914,808,440.00
2021-10-08;GEB;2,885.00;2,899.00;2,880.28;2,862.00;25;0,87;719,981.00;2,073,743,444.00
2021-10-11;GEB;2,890.00;2,930.00;2,900.46;2,886.00;5;0,17;1,878,647.00;5,448,949,297.00
2021-10-12;GEB;2,899.00;2,935.00;2,907.26;2,883.00;9;0,31;913,083.00;2,654,567,227.00
2021-10-13;GEB;2,896.00;2,916.00;2,900.63;2,896.00;-3;-0,1;105,365.00;305,625,093.00
2021-10-14;GEB;2,927.00;2,928.00;2,924.67;2,910.00;31;1,07;910,884.00;2,664,031,316.00
2021-10-15;GEB;2,921.00;2,927.00;2,924.74;2,900.00;-6;-0,2;345,149.00;1,009,470,699.00
2021-10-19;GEB;2,929.00;2,945.00;2,924.35;2,909.00;8;0,27;461,852.00;1,350,616,288.00
2021-10-20;GEB;2,917.00;2,929.00;2,921.00;2,917.00;-12;-0,41;319,869.00;934,336,834.00
2021-10-21;GEB;2,905.00;2,920.00;2,910.97;2,905.00;-12;-0,41;322,216.00;937,962,372.00
2021-10-22;GEB;2,901.00;2,915.00;2,903.41;2,900.00;-4;-0,14;1,350,535.00;3,921,154,864.00
2021-10-25;GEB;2,788.00;2,896.00;2,800.07;2,716.00;-113;-3,9;761,062.00;2,131,030,610.00
2021-10-26;GEB;2,769.00;2,800.00;2,790.28;2,769.00;-19;-0,68;1,661,957.00;4,637,317,653.00
2021-10-27;GEB;2,740.00;2,788.00;2,758.32;2,740.00;-29;-1,05;560,878.00;1,547,081,662.00
2021-10-28;GEB;2,769.00;2,769.00;2,739.42;2,710.00;29;1,06;1,254,624.00;3,436,937,363.00
2021-10-29;GEB;2,720.00;2,748.00;2,728.23;2,712.00;-49;-1,77;626,056.00;1,708,025,897.00
2021-11-02;GEB;2,682.00;2,730.00;2,709.71;2,682.00;-38;-1,4;1,805,468.00;4,892,289,351.00
2021-11-03;GEB;2,740.00;2,740.00;2,707.00;2,687.00;58;2,16;1,724,855.00;4,669,187,791.00
2021-11-04;GEB;2,657.00;2,750.00;2,690.09;2,630.00;-83;-3,03;2,197,131.00;5,910,470,451.00
2021-11-05;GEB;2,650.00;2,704.00;2,655.63;2,640.00;-7;-0,26;1,731,315.00;4,597,740,046.00
2021-11-08;GEB;2,696.00;2,696.00;2,679.55;2,655.00;46;1,74;640,336.00;1,715,812,045.00
2021-11-09;GEB;2,689.00;2,715.00;2,690.97;2,680.00;-7;-0,26;1,031,818.00;2,776,587,899.00
2021-11-10;GEB;2,663.00;2,689.00;2,661.52;2,643.00;-26;-0,97;1,265,137.00;3,367,183,606.00
2021-11-11;GEB;2,668.00;2,700.00;2,685.00;2,650.00;5;0,19;276,295.00;741,853,177.00
2021-11-12;GEB;2,661.00;2,769.00;2,695.13;2,661.00;-7;-0,26;273,970.00;738,384,942.00
2021-11-16;GEB;2,583.00;2,655.00;2,588.39;2,570.00;-78;-2,93;1,113,703.00;2,882,698,166.00
2021-11-17;GEB;2,580.00;2,720.00;2,614.14;2,580.00;-3;-0,12;322,844.00;843,959,975.00
2021-11-18;GEB;2,710.00;2,710.00;2,658.16;2,582.00;130;5,04;573,150.00;1,523,522,764.00
2021-11-19;GEB;2,520.00;2,700.00;2,580.76;2,520.00;-190;-7,01;1,097,109.00;2,831,379,864.00
2021-11-22;GEB;2,501.00;2,573.00;2,516.54;2,500.00;-19;-0,75;990,643.00;2,492,990,482.00
2021-11-23;GEB;2,496.00;2,549.00;2,494.58;2,482.00;-5;-0,2;704,929.00;1,758,503,661.00
2021-11-24;GEB;2,555.00;2,599.00;2,562.96;2,530.00;59;2,36;349,197.00;894,979,261.00
2021-11-25;GEB;2,589.00;2,610.00;2,589.53;2,580.00;34;1,33;273,877.00;709,211,570.00
2021-11-26;GEB;2,620.00;2,620.00;2,577.00;2,520.00;31;1,2;565,183.00;1,456,479,007.00
2021-11-29;GEB;2,700.00;2,702.00;2,692.30;2,600.00;80;3,05;1,028,582.00;2,769,254,980.00
2021-11-30;GEB;2,634.00;2,730.00;2,676.38;2,625.00;-66;-2,44;2,112,077.00;5,652,711,835.00
2021-12-01;GEB;2,652.00;2,719.00;2,692.56;2,635.00;18;0,68;689,678.00;1,857,001,551.00
2021-12-02;GEB;2,700.00;2,715.00;2,675.55;2,604.00;48;1,81;1,070,659.00;2,864,603,172.00
2021-12-03;GEB;2,670.00;2,715.00;2,688.36;2,665.00;-30;-1,11;538,113.00;1,446,643,174.00
2021-12-06;GEB;2,666.00;2,699.00;2,676.65;2,665.00;-4;-0,15;305,288.00;817,150,470.00
2021-12-07;GEB;2,640.00;2,680.00;2,648.33;2,640.00;-26;-0,98;257,683.00;682,428,487.00
2021-12-09;GEB;2,621.00;2,696.00;2,641.49;2,621.00;-19;-0,72;417,373.00;1,102,487,359.00
2021-12-10;GEB;2,580.00;2,630.00;2,614.14;2,580.00;-41;-1,56;535,784.00;1,400,613,035.00
2021-12-13;GEB;2,593.00;2,595.00;2,571.81;2,550.00;13;0,5;499,439.00;1,284,462,383.00
2021-12-14;GEB;2,560.00;2,600.00;2,575.78;2,560.00;-33;-1,27;179,110.00;461,348,765.00
2021-12-15;GEB;2,568.00;2,594.00;2,579.40;2,568.00;8;0,31;351,361.00;906,300,684.00
2021-12-16;GEB;2,595.00;2,600.00;2,593.43;2,575.00;27;1,05;1,338,671.00;3,471,756,015.00
2021-12-17;GEB;2,464.00;2,618.00;2,496.34;2,464.00;-131;-5,05;2,814,084.00;7,024,919,564.00
2021-12-20;GEB;2,495.00;2,495.00;2,481.16;2,440.00;31;1,26;532,147.00;1,320,341,370.00
2021-12-21;GEB;2,520.00;2,530.00;2,516.50;2,495.00;25;1;444,373.00;1,118,262,508.00
2021-12-22;GEB;2,530.00;2,580.00;2,540.12;2,500.00;10;0,4;508,857.00;1,292,556,022.00
2021-12-23;GEB;2,500.00;2,580.00;2,543.16;2,500.00;-30;-1,19;303,795.00;772,598,626.00
2021-12-24;GEB;2,511.00;2,512.00;2,511.55;2,511.00;11;0,44;17,671.00;44,381,621.00
2021-12-27;GEB;2,595.00;2,595.00;2,564.15;2,519.00;84;3,35;166,281.00;426,368,981.00
2021-12-28;GEB;2,566.00;2,585.00;2,572.71;2,545.00;-29;-1,12;118,649.00;305,249,994.00
2021-12-29;GEB;2,595.00;2,595.00;2,586.41;2,568.00;29;1,13;113,310.00;293,065,817.00
2021-12-30;GEB;2,500.00;2,600.00;2,519.73;2,500.00;-95;-3,66;214,100.00;539,474,463.00
2021-01-04;GEB;2,675.00;2,675.00;2,649.47;2,630.00;25;0,94;327,362.00;867,336,504.00
2021-01-05;GEB;2,700.00;2,700.00;2,679.71;2,650.00;25;0,93;682,240.00;1,828,204,413.00
2021-01-06;GEB;2,690.00;2,715.00;2,698.18;2,690.00;-10;-0,37;224,810.00;606,577,852.00
2021-01-07;GEB;2,561.00;2,695.00;2,603.32;2,560.00;-129;-4,8;808,173.00;2,103,929,614.00
2021-01-08;GEB;2,563.00;2,600.00;2,570.81;2,554.00;2;0,08;334,170.00;859,087,573.00
2021-01-12;GEB;2,540.00;2,627.00;2,595.63;2,540.00;-23;-0,9;932,475.00;2,420,355,964.00
2021-01-13;GEB;2,584.00;2,585.00;2,574.45;2,542.00;44;1,73;1,951,432.00;5,023,866,834.00
2021-01-14;GEB;2,700.00;2,749.00;2,698.15;2,600.00;116;4,49;3,083,649.00;8,320,158,995.00
2021-01-15;GEB;2,730.00;2,730.00;2,691.89;2,636.00;30;1,11;603,375.00;1,624,216,850.00
2021-01-18;GEB;2,752.00;2,755.00;2,747.67;2,720.00;22;0,81;982,573.00;2,699,781,889.00
2021-01-19;GEB;2,809.00;2,890.00;2,810.67;2,770.00;57;2,07;1,494,460.00;4,200,440,660.00
2021-01-20;GEB;2,814.00;2,819.00;2,812.76;2,800.00;5;0,18;787,681.00;2,215,553,728.00
2021-01-21;GEB;2,809.00;2,825.00;2,814.78;2,807.00;-5;-0,18;841,821.00;2,369,538,064.00
2021-01-22;GEB;2,840.00;2,880.00;2,794.38;2,710.00;31;1,1;1,263,152.00;3,529,726,217.00
2021-01-25;GEB;2,778.00;2,870.00;2,791.57;2,760.00;-62;-2,18;1,608,940.00;4,491,467,721.00
2021-01-26;GEB;2,806.00;2,834.00;2,797.56;2,790.00;28;1,01;1,572,213.00;4,398,359,976.00
2021-01-27;GEB;2,800.00;2,840.00;2,815.88;2,760.00;-6;-0,21;4,249,468.00;11,965,996,020.00
2021-01-28;GEB;2,795.00;2,800.00;2,785.26;2,770.00;-5;-0,18;1,119,569.00;3,118,294,837.00
2021-01-29;GEB;2,611.00;2,795.00;2,618.83;2,611.00;-184;-6,58;3,879,692.00;10,160,244,298.00
2021-02-01;GEB;2,620.00;2,659.00;2,629.81;2,610.00;9;0,34;2,190,940.00;5,761,752,534.00
2021-02-02;GEB;2,644.00;2,688.00;2,647.14;2,640.00;24;0,92;1,960,232.00;5,189,000,213.00
2021-02-03;GEB;2,600.00;2,659.00;2,613.86;2,600.00;-44;-1,66;3,332,703.00;8,711,224,049.00
2021-02-04;GEB;2,570.00;2,590.00;2,570.25;2,550.00;-30;-1,15;1,706,568.00;4,386,303,564.00
2021-02-05;GEB;2,569.00;2,589.00;2,582.61;2,569.00;-1;-0,04;854,115.00;2,205,843,870.00
2021-02-08;GEB;2,649.00;2,649.00;2,588.56;2,560.00;80;3,11;1,933,804.00;5,005,773,217.00
2021-02-09;GEB;2,620.00;2,649.00;2,611.25;2,591.00;-29;-1,09;8,004,826.00;20,902,606,468.00
2021-02-10;GEB;2,640.00;2,640.00;2,605.90;2,601.00;20;0,76;7,875,856.00;20,523,682,284.00
2021-02-11;GEB;2,680.00;2,680.00;2,657.94;2,625.00;40;1,52;405,803.00;1,078,601,233.00
2021-02-12;GEB;2,660.00;2,688.00;2,667.19;2,626.00;-20;-0,75;254,288.00;678,234,449.00
2021-02-15;GEB;2,680.00;2,680.00;2,663.79;2,655.00;20;0,75;60,219.00;160,410,785.00
2021-02-16;GEB;2,638.00;2,685.00;2,657.78;2,635.00;-42;-1,57;697,230.00;1,853,087,359.00
2021-02-17;GEB;2,679.00;2,679.00;2,627.98;2,600.00;41;1,55;312,602.00;821,512,165.00
2021-02-18;GEB;2,638.00;2,650.00;2,643.35;2,638.00;-41;-1,53;460,089.00;1,216,174,114.00
2021-02-19;GEB;2,621.00;2,630.00;2,619.10;2,612.00;-17;-0,64;802,054.00;2,100,656,200.00
2021-02-22;GEB;2,510.00;2,620.00;2,576.51;2,510.00;-111;-4,24;3,472,966.00;8,948,114,958.00
2021-02-23;GEB;2,525.00;2,550.00;2,475.50;2,450.00;15;0,6;4,767,562.00;11,802,111,106.00
2021-02-24;GEB;2,540.00;2,600.00;2,556.94;2,535.00;15;0,59;2,926,339.00;7,482,464,013.00
2021-02-25;GEB;2,565.00;2,565.00;2,558.07;2,545.00;25;0,98;394,023.00;1,007,939,488.00
2021-02-26;GEB;2,580.00;2,580.00;2,567.72;2,545.00;15;0,58;739,885.00;1,899,813,836.00
2021-03-01;GEB;2,628.00;2,631.00;2,607.30;2,555.00;48;1,86;2,453,121.00;6,396,012,651.00
2021-03-02;GEB;2,623.00;2,628.00;2,609.02;2,590.00;-5;-0,19;2,705,509.00;7,058,713,574.00
2021-03-03;GEB;2,645.00;2,645.00;2,629.79;2,600.00;22;0,84;2,817,098.00;7,408,386,834.00
2021-03-04;GEB;2,600.00;2,645.00;2,617.39;2,600.00;-45;-1,7;3,280,481.00;8,586,305,653.00
2021-03-05;GEB;2,570.00;2,600.00;2,578.04;2,560.00;-30;-1,15;1,790,815.00;4,616,793,715.00
2021-03-08;GEB;2,530.00;2,585.00;2,548.32;2,530.00;-40;-1,56;1,289,310.00;3,285,568,538.00
2021-03-09;GEB;2,529.00;2,550.00;2,525.86;2,515.00;-1;-0,04;2,160,389.00;5,456,843,225.00
2021-03-10;GEB;2,561.00;2,573.00;2,552.55;2,525.00;32;1,27;1,501,990.00;3,833,901,952.00
2021-03-11;GEB;2,545.00;2,590.00;2,572.67;2,545.00;-16;-0,62;1,007,919.00;2,593,043,735.00
2021-03-12;GEB;2,545.00;2,575.00;2,546.04;2,531.00;0;0;2,050,616.00;5,220,954,731.00
2021-03-15;GEB;2,550.00;2,588.00;2,560.09;2,550.00;5;0,2;1,129,328.00;2,891,175,797.00
2021-03-16;GEB;2,575.00;2,600.00;2,585.52;2,565.00;25;0,98;1,080,896.00;2,794,674,518.00
2021-03-17;GEB;2,558.00;2,590.00;2,577.10;2,558.00;-17;-0,66;1,269,688.00;3,272,116,172.00
2021-03-18;GEB;2,560.00;2,574.00;2,559.04;2,551.00;2;0,08;591,310.00;1,513,185,453.00
2021-03-19;GEB;2,532.00;2,580.00;2,533.31;2,530.00;-28;-1,09;88,644,711.00;224,564,922,080.00
2021-03-23;GEB;2,600.00;2,600.00;2,588.05;2,570.00;68;2,69;3,260,456.00;8,438,223,152.00
2021-03-24;GEB;2,606.00;2,630.00;2,619.07;2,603.00;6;0,23;1,448,372.00;3,793,381,286.00
2021-03-25;GEB;2,620.00;2,626.00;2,615.89;2,603.00;14;0,54;622,322.00;1,627,923,364.00
2021-03-26;GEB;2,603.00;2,636.00;2,618.28;2,603.00;-17;-0,65;779,485.00;2,040,906,798.00
2021-03-29;GEB;2,630.00;2,630.00;2,616.27;2,588.00;27;1,04;563,867.00;1,475,230,769.00
2021-03-30;GEB;2,670.00;2,670.00;2,659.03;2,630.00;40;1,52;1,193,557.00;3,173,705,538.00
2021-03-31;GEB;2,690.00;2,695.00;2,688.65;2,670.00;20;0,75;767,135.00;2,062,560,455.00
2021-04-05;GEB;2,680.00;2,694.00;2,690.26;2,679.00;-10;-0,37;258,072.00;694,280,064.00
2021-04-06;GEB;2,660.00;2,688.00;2,668.35;2,654.00;-20;-0,75;505,034.00;1,347,606,702.00
2021-04-07;GEB;2,698.00;2,698.00;2,667.28;2,640.00;38;1,43;348,468.00;929,462,281.00
2021-04-08;GEB;2,636.00;2,697.00;2,661.13;2,636.00;-62;-2,3;339,343.00;903,035,933.00
2021-04-09;GEB;2,630.00;2,640.00;2,637.10;2,630.00;-6;-0,23;720,153.00;1,899,114,401.00
2021-04-12;GEB;2,620.00;2,640.00;2,620.73;2,611.00;-10;-0,38;262,877.00;688,930,668.00
2021-04-13;GEB;2,610.00;2,650.00;2,629.51;2,610.00;-10;-0,38;657,922.00;1,730,011,121.00
2021-04-14;GEB;2,630.00;2,640.00;2,626.37;2,615.00;20;0,77;1,265,414.00;3,323,442,546.00
2021-04-15;GEB;2,640.00;2,645.00;2,636.83;2,633.00;10;0,38;219,217.00;578,037,386.00
2021-04-16;GEB;2,618.00;2,645.00;2,630.73;2,618.00;-22;-0,83;946,165.00;2,489,103,173.00
2021-04-19;GEB;2,627.00;2,630.00;2,617.51;2,613.00;9;0,34;760,963.00;1,991,831,240.00
2021-04-20;GEB;2,625.00;2,634.00;2,623.13;2,620.00;-2;-0,08;653,080.00;1,713,112,281.00
2021-04-21;GEB;2,630.00;2,641.00;2,636.24;2,625.00;5;0,19;874,273.00;2,304,789,603.00
2021-04-22;GEB;2,630.00;2,645.00;2,631.03;2,625.00;0;0;1,092,389.00;2,874,110,938.00
2021-04-23;GEB;2,619.00;2,630.00;2,624.53;2,619.00;-11;-0,42;613,906.00;1,611,215,229.00
2021-04-26;GEB;2,618.00;2,620.00;2,618.36;2,613.00;-1;-0,04;330,109.00;864,344,779.00
2021-04-27;GEB;2,610.00;2,625.00;2,618.60;2,610.00;-8;-0,31;1,301,073.00;3,406,996,143.00
2021-04-28;GEB;2,625.00;2,628.00;2,616.27;2,615.00;15;0,57;1,402,412.00;3,669,089,697.00
2021-04-29;GEB;2,630.00;2,639.00;2,626.69;2,620.00;5;0,19;418,616.00;1,099,574,801.00
2021-04-30;GEB;2,610.00;2,630.00;2,615.63;2,605.00;-20;-0,76;1,608,377.00;4,206,926,736.00
2021-05-03;GEB;2,510.00;2,609.00;2,554.59;2,480.00;-100;-3,83;2,069,952.00;5,287,882,941.00
2021-05-04;GEB;2,509.00;2,545.00;2,530.66;2,509.00;-1;-0,04;2,109,049.00;5,337,277,737.00
2021-05-05;GEB;2,523.00;2,534.00;2,512.49;2,503.00;14;0,56;2,281,685.00;5,732,711,818.00
2021-05-06;GEB;2,604.00;2,604.00;2,554.39;2,525.00;81;3,21;2,293,073.00;5,857,397,107.00
2021-05-07;GEB;2,583.00;2,619.00;2,599.86;2,581.00;-21;-0,81;1,001,282.00;2,603,190,217.00
2021-05-10;GEB;2,590.00;2,630.00;2,606.61;2,590.00;7;0,27;976,222.00;2,544,626,728.00
2021-05-11;GEB;2,592.00;2,610.00;2,597.00;2,590.00;2;0,08;1,057,804.00;2,747,115,030.00
2021-05-12;GEB;2,607.00;2,620.00;2,607.17;2,581.00;15;0,58;2,118,963.00;5,524,499,318.00
2021-05-13;GEB;2,610.00;2,630.00;2,618.79;2,610.00;3;0,12;492,667.00;1,290,189,314.00
2021-05-14;GEB;2,640.00;2,640.00;2,626.29;2,615.00;30;1,15;1,027,144.00;2,697,579,678.00
2021-05-18;GEB;2,620.00;2,650.00;2,635.48;2,612.00;-20;-0,76;325,553.00;857,989,181.00
2021-05-19;GEB;2,623.00;2,645.00;2,619.72;2,610.00;3;0,11;1,194,631.00;3,129,602,429.00
2021-05-20;GEB;2,520.00;2,604.00;2,524.92;2,506.00;-103;-3,93;2,143,805.00;5,412,936,515.00
2021-05-21;GEB;2,504.00;2,536.00;2,500.63;2,450.00;-16;-0,63;1,160,209.00;2,901,254,820.00
2021-05-24;GEB;2,470.00;2,523.00;2,471.80;2,450.00;-34;-1,36;1,005,894.00;2,486,368,446.00
2021-05-25;GEB;2,341.00;2,460.00;2,394.45;2,341.00;-129;-5,22;1,269,074.00;3,038,732,868.00
2021-05-26;GEB;2,340.00;2,388.00;2,347.15;2,335.00;-1;-0,04;745,745.00;1,750,378,619.00
2021-05-27;GEB;2,165.00;2,400.00;2,178.15;2,165.00;-175;-7,48;11,762,844.00;25,621,257,513.00
2021-05-28;GEB;2,300.00;2,326.00;2,292.71;2,241.00;135;6,24;8,297,221.00;19,023,149,611.00
2021-05-31;GEB;2,329.00;2,350.00;2,334.78;2,329.00;29;1,26;284,754.00;664,838,820.00
2021-06-01;GEB;2,350.00;2,350.00;2,335.73;2,300.00;21;0,9;907,501.00;2,119,673,066.00
2021-06-02;GEB;2,486.00;2,486.00;2,396.79;2,351.00;136;5,79;2,179,418.00;5,223,607,742.00
2021-06-03;GEB;2,495.00;2,495.00;2,479.04;2,455.00;9;0,36;1,026,889.00;2,545,694,096.00
2021-06-04;GEB;2,421.00;2,500.00;2,464.45;2,421.00;-74;-2,97;642,285.00;1,582,881,124.00
2021-06-08;GEB;2,433.00;2,439.00;2,423.83;2,413.00;12;0,5;437,620.00;1,060,717,341.00
2021-06-09;GEB;2,413.00;2,450.00;2,438.65;2,413.00;-20;-0,82;4,644,982.00;11,327,490,951.00
2021-06-10;GEB;2,400.00;2,451.00;2,418.54;2,400.00;-13;-0,54;560,352.00;1,355,235,116.00
2021-06-11;GEB;2,380.00;2,425.00;2,403.77;2,380.00;-20;-0,83;443,786.00;1,066,760,422.00
2021-06-15;GEB;2,346.00;2,418.00;2,382.43;2,346.00;-34;-1,43;723,993.00;1,724,862,806.00
2021-06-16;GEB;2,395.00;2,395.00;2,374.47;2,367.00;49;2,09;246,375.00;585,010,751.00
2021-06-17;GEB;2,390.00;2,399.00;2,389.06;2,370.00;-5;-0,21;23,961.00;57,244,386.00
2021-06-18;GEB;2,439.00;2,439.00;2,427.42;2,335.00;49;2,05;3,424,187.00;8,311,943,904.00
2021-06-21;GEB;2,382.00;2,450.00;2,398.19;2,380.00;-57;-2,34;198,789.00;476,733,770.00
2021-06-22;GEB;2,440.00;2,453.00;2,442.59;2,401.00;58;2,43;748,948.00;1,829,372,585.00
2021-06-23;GEB;2,530.00;2,530.00;2,474.87;2,440.00;90;3,69;1,101,202.00;2,725,328,571.00
2021-06-24;GEB;2,499.00;2,590.00;2,559.12;2,499.00;-31;-1,23;1,432,860.00;3,666,866,307.00
2021-06-25;GEB;2,532.00;2,532.00;2,512.13;2,460.00;33;1,32;768,497.00;1,930,566,647.00
2021-06-28;GEB;2,542.00;2,545.00;2,536.25;2,527.00;10;0,39;154,586.00;392,069,138.00
2021-06-29;GEB;2,600.00;2,600.00;2,564.08;2,520.00;58;2,28;1,710,618.00;4,386,156,933.00
2021-06-30;GEB;2,571.00;2,600.00;2,583.17;2,562.00;-29;-1,12;839,532.00;2,168,656,985.00
