fecha;Nemotecnico;Precio cierre;Precio maximo;Precio promedio ponderado;Precio minimo;Variacion absoluta;Variacion porcentual;Cantidad;Volumen
2025-01-02;MINEROS;4,410.00;4,410.00;4,366.44;4,360.00;155;3,64;24,180.00;105,580,470.00
2025-01-03;MINEROS;4,530.00;4,585.00;4,468.88;4,375.00;120;2,72;87,884.00;392,743,165.00
2025-01-07;MINEROS;4,450.00;4,455.00;4,455.91;4,405.00;-80;-1,77;114,391.00;509,716,145.00
2025-01-08;MINEROS;4,500.00;4,500.00;4,477.89;4,450.00;50;1,12;48,153.00;215,623,835.00
2025-01-09;MINEROS;4,525.00;4,545.00;4,524.01;4,510.00;25;0,56;69,982.00;316,599,255.00
2025-01-10;MINEROS;4,570.00;4,570.00;4,555.65;4,500.00;45;0,99;87,618.00;399,156,885.00
2025-01-13;MINEROS;4,550.00;4,605.00;4,538.70;4,510.00;-20;-0,44;85,079.00;386,147,825.00
2025-01-14;MINEROS;4,630.00;4,630.00;4,567.53;4,535.00;80;1,76;111,556.00;509,535,140.00
2025-01-15;MINEROS;4,450.00;4,600.00;4,522.07;4,450.00;-180;-3,89;60,357.00;272,938,575.00
2025-01-16;MINEROS;4,630.00;4,630.00;4,544.15;4,450.00;180;4,04;101,928.00;463,176,590.00
2025-01-17;MINEROS;4,630.00;4,630.00;4,612.87;4,580.00;0;0;146,413.00;675,383,675.00
2025-01-20;MINEROS;4,620.00;4,650.00;4,602.15;4,520.00;-10;-0,22;59,191.00;272,405,685.00
2025-01-21;MINEROS;4,620.00;4,620.00;4,612.96;4,590.00;0;0;78,130.00;360,410,665.00
2025-01-22;MINEROS;4,700.00;4,700.00;4,676.69;4,630.00;80;1,73;53,827.00;251,732,440.00
2025-01-23;MINEROS;4,750.00;4,750.00;4,723.75;4,695.00;50;1,06;75,112.00;354,809,945.00
2025-01-24;MINEROS;4,890.00;4,900.00;4,876.26;4,790.00;140;2,95;67,118.00;327,284,700.00
2025-01-27;MINEROS;4,875.00;4,900.00;4,864.32;4,800.00;-15;-0,31;120,323.00;585,289,755.00
2025-01-28;MINEROS;4,875.00;;;;;;;
2025-01-29;MINEROS;4,875.00;;;;;;;
2025-01-30;MINEROS;4,875.00;;;;;;;
2025-01-31;MINEROS;4,875.00;;;;;;;
2025-02-03;MINEROS;4,875.00;;;;;;;
2025-02-04;MINEROS;4,875.00;;;;;;;
2025-02-05;MINEROS;4,875.00;;;;;;;
2025-02-06;MINEROS;4,875.00;;;;;;;
2025-02-07;MINEROS;4,875.00;;;;;;;
2025-02-10;MINEROS;4,875.00;;;;;;;
2025-02-11;MINEROS;4,875.00;;;;;;;
2025-02-12;MINEROS;4,875.00;;;;;;;
2025-02-13;MINEROS;4,875.00;;;;;;;
2025-02-14;MINEROS;;;;;;;;
2025-02-17;MINEROS;5,500.00;6,280.00;5,607.62;5,400.00;625;12,82;1,120,194.00;6,281,617,360.00
2025-02-18;MINEROS;5,340.00;5,680.00;5,358.59;5,240.00;-160;-2,91;353,645.00;1,895,038,560.00
2025-02-19;MINEROS;5,500.00;5,680.00;5,517.39;5,370.00;160;3;229,121.00;1,264,148,770.00
2025-02-20;MINEROS;5,500.00;5,510.00;5,456.36;5,400.00;0;0;143,144.00;781,044,670.00
2025-02-21;MINEROS;5,350.00;5,500.00;5,432.05;5,350.00;-150;-2,73;267,347.00;1,452,241,850.00
2025-02-24;MINEROS;5,350.00;;;;;;;
2025-02-25;MINEROS;5,350.00;;;;;;;
2025-02-26;MINEROS;5,350.00;;;;;;;
2025-02-27;MINEROS;5,350.00;;;;;;;
2025-02-28;MINEROS;5,350.00;;;;;;;
2025-03-03;MINEROS;5,540.00;5,570.00;5,479.26;5,450.00;190;3,55;202,851.00;1,111,473,170.00
2025-03-04;MINEROS;5,480.00;5,550.00;5,411.20;5,350.00;-60;-1,08;193,840.00;1,048,907,760.00
2025-03-05;MINEROS;5,390.00;5,490.00;5,421.07;5,380.00;-90;-1,64;175,334.00;950,497,940.00
2025-03-06;MINEROS;5,300.00;5,370.00;5,325.48;5,300.00;-90;-1,67;151,068.00;804,509,290.00
2025-03-07;MINEROS;5,300.00;5,300.00;5,300.13;5,300.00;0;;261,884.00;1,388,018,160.00
2025-03-10;MINEROS;5,250.00;5,300.00;5,274.42;5,250.00;-50;-0,94;183,170.00;966,114,990.00
2025-03-11;MINEROS;5,330.00;5,340.00;5,293.75;5,240.00;80;1,52;207,400.00;1,097,923,210.00
2025-03-12;MINEROS;5,380.00;5,390.00;5,357.16;5,320.00;50;0,94;150,490.00;806,199,620.00
2025-03-13;MINEROS;5,400.00;5,400.00;5,399.94;5,380.00;20;0,37;70,409.00;380,204,120.00
2025-03-14;MINEROS;5,370.00;5,480.00;5,399.98;5,350.00;-30;-0,56;140,116.00;756,623,170.00
2025-03-17;MINEROS;5,500.00;5,500.00;5,428.73;5,380.00;130;2,42;89,991.00;488,536,470.00
2025-03-18;MINEROS;5,500.00;5,600.00;5,515.08;5,500.00;0;0;288,955.00;1,593,611,050.00
2025-03-19;MINEROS;5,180.00;5,400.00;5,198.02;5,000.00;-320;-5,82;637,696.00;3,314,754,490.00
2025-03-20;MINEROS;5,000.00;5,220.00;5,065.95;5,000.00;-180;-3,47;446,131.00;2,260,076,980.00
2025-03-21;MINEROS;4,900.00;5,000.00;4,817.39;4,700.00;-100;-2;668,282.00;3,219,372,835.00
2025-03-25;MINEROS;5,260.00;5,270.00;5,186.45;5,000.00;360;7,35;442,900.00;2,297,077,555.00
2025-03-26;MINEROS;5,370.00;5,590.00;5,386.68;5,260.00;110;2,09;694,002.00;3,738,363,650.00
2025-03-27;MINEROS;5,580.00;5,650.00;5,544.42;5,360.00;210;3,91;488,137.00;2,706,438,290.00
2025-03-28;MINEROS;5,500.00;5,600.00;5,494.63;5,380.00;-80;-1,43;1,456,722.00;8,004,141,150.00
2025-03-31;MINEROS;5,650.00;5,660.00;5,512.31;5,450.00;150;2,73;952,293.00;5,249,337,990.00
2025-04-01;MINEROS;5,900.00;5,900.00;5,769.55;5,610.00;250;4,42;520,254.00;3,001,629,830.00
2025-04-02;MINEROS;5,800.00;5,870.00;5,794.75;5,710.00;-100;-1,69;294,356.00;1,705,720,230.00
2025-04-03;MINEROS;5,900.00;5,920.00;5,855.80;5,370.00;100;1,72;274,679.00;1,608,465,200.00
2025-04-04;MINEROS;5,700.00;5,800.00;5,664.78;5,550.00;-200;-3,39;80,277.00;454,751,390.00
2025-04-07;MINEROS;5,780.00;5,780.00;5,619.28;5,500.00;80;1,4;124,496.00;699,577,410.00
2025-04-08;MINEROS;5,700.00;5,850.00;5,727.77;5,640.00;-80;-1,38;131,675.00;754,204,110.00
2025-04-09;MINEROS;5,900.00;5,900.00;5,770.36;5,650.00;200;3,51;245,885.00;1,418,845,120.00
2025-04-10;MINEROS;5,920.00;5,920.00;5,898.14;5,810.00;20;0,34;470,373.00;2,774,328,120.00
2025-04-11;MINEROS;5,910.00;6,000.00;5,985.85;5,910.00;-10;-0,17;334,687.00;2,003,385,510.00
2025-04-14;MINEROS;6,010.00;6,050.00;5,994.35;5,580.00;100;1,69;423,043.00;2,535,867,310.00
2025-04-15;MINEROS;6,000.00;6,000.00;5,967.88;5,910.00;-10;-0,17;103,684.00;618,773,440.00
2025-04-16;MINEROS;6,000.00;6,100.00;6,014.13;5,960.00;0;0;464,561.00;2,793,932,150.00
2025-04-21;MINEROS;6,090.00;6,180.00;6,096.00;6,020.00;90;1,5;140,839.00;858,554,800.00
2025-04-22;MINEROS;6,160.00;6,160.00;6,157.30;6,120.00;70;1,15;45,743.00;281,653,400.00
2025-04-23;MINEROS;6,000.00;6,050.00;6,012.96;5,860.00;-160;-2,6;66,925.00;402,417,650.00
2025-04-24;MINEROS;6,200.00;6,200.00;6,161.28;6,000.00;200;3,33;165,699.00;1,020,917,160.00
2025-04-25;MINEROS;6,180.00;6,200.00;6,084.54;5,930.00;-20;-0,32;179,703.00;1,093,409,540.00
2025-04-28;MINEROS;6,050.00;6,060.00;6,055.20;6,050.00;-130;-2,1;94,644.00;573,088,320.00
2025-04-29;MINEROS;6,030.00;6,100.00;6,079.10;6,030.00;-20;-0,33;114,128.00;693,795,030.00
2025-04-30;MINEROS;6,030.00;;6,058.49;;;;3,758.00;22,767,790.00
2025-05-02;MINEROS;5,980.00;6,000.00;5,980.23;5,980.00;-50;-0,83;37,621.00;224,982,340.00
2025-05-05;MINEROS;5,910.00;6,010.00;5,958.02;5,910.00;-70;-1,17;99,426.00;592,382,300.00
2025-05-06;MINEROS;6,140.00;6,140.00;6,036.13;5,960.00;230;3,89;131,757.00;795,303,020.00
2025-05-07;MINEROS;6,380.00;6,380.00;6,292.72;6,190.00;240;3,91;555,590.00;3,496,173,160.00
2025-05-08;MINEROS;6,370.00;6,400.00;6,374.86;6,330.00;-10;-0,16;59,397.00;378,647,830.00
2025-05-09;MINEROS;6,990.00;7,380.00;6,991.85;6,500.00;620;9,73;974,266.00;6,811,919,730.00
2025-05-12;MINEROS;6,780.00;6,900.00;6,769.74;6,640.00;-210;-3;77,544.00;524,952,800.00
2025-05-13;MINEROS;6,950.00;6,950.00;6,904.71;6,780.00;170;2,51;71,008.00;490,289,870.00
2025-05-14;MINEROS;7,230.00;7,240.00;7,065.26;6,600.00;280;4,03;779,995.00;5,510,863,970.00
2025-05-15;MINEROS;7,250.00;7,250.00;7,214.34;7,100.00;20;0,28;199,046.00;1,435,986,070.00
2025-05-16;MINEROS;7,140.00;7,140.00;7,101.31;7,000.00;-110;-1,52;353,866.00;2,512,911,560.00
2025-05-19;MINEROS;7,120.00;7,120.00;7,042.14;6,910.00;-20;-0,28;13,704.00;96,505,530.00
2025-05-20;MINEROS;7,140.00;7,160.00;7,140.16;7,130.00;20;0,28;158,630.00;1,132,643,450.00
2025-05-21;MINEROS;7,440.00;7,440.00;7,376.06;7,200.00;300;4,2;409,056.00;3,017,220,370.00
2025-05-22;MINEROS;7,320.00;7,430.00;7,338.49;7,250.00;-120;-1,61;79,659.00;584,576,430.00
2025-05-23;MINEROS;7,350.00;7,400.00;7,379.04;7,330.00;30;0,41;82,835.00;611,242,830.00
2025-05-26;MINEROS;7,300.00;7,350.00;7,293.47;7,050.00;-50;-0,68;28,636.00;208,855,930.00
2025-05-27;MINEROS;7,210.00;7,300.00;7,190.55;7,110.00;-90;-1,23;94,927.00;682,577,020.00
2025-05-28;MINEROS;7,210.00;;;;;;;
2025-05-29;MINEROS;7,210.00;;;;;;;
2025-05-30;MINEROS;7,210.00;;;;;;;
2025-06-03;MINEROS;7,210.00;;;;;;;
2025-06-04;MINEROS;7,210.00;;;;;;;
2025-06-05;MINEROS;7,210.00;;;;;;;
2025-06-06;MINEROS;7,210.00;;;;;;;
2025-06-09;MINEROS;7,210.00;;;;;;;
2025-06-10;MINEROS;7,210.00;;;;;;;
2025-06-11;MINEROS;7,210.00;;;;;;;
2025-06-12;MINEROS;7,210.00;;;;;;;
2025-06-13;MINEROS;7,210.00;;;;;;;
2025-06-16;MINEROS;7,210.00;;;;;;;
2025-06-17;MINEROS;6,940.00;7,000.00;6,986.47;6,860.00;-270;-3,74;152,841.00;1,067,818,890.00
2025-06-18;MINEROS;7,210.00;7,400.00;7,182.94;6,940.00;270;3,89;540,124.00;3,879,676,990.00
2025-06-19;MINEROS;7,220.00;7,250.00;7,238.45;7,120.00;10;0,14;325,226.00;2,354,132,270.00
2025-06-20;MINEROS;7,130.00;7,130.00;7,102.99;7,050.00;-90;-1,25;205,778.00;1,461,639,610.00
2025-06-24;MINEROS;7,300.00;7,500.00;7,303.69;6,500.00;170;2,38;1,092,644.00;7,980,330,800.00
2025-06-25;MINEROS;7,290.00;7,300.00;7,287.04;7,240.00;-10;-0,14;376,067.00;2,740,415,130.00
2025-06-26;MINEROS;7,230.00;7,230.00;7,241.49;7,220.00;-60;-0,82;20,127.00;145,749,540.00
2025-06-27;MINEROS;7,200.00;7,200.00;7,178.12;7,130.00;-30;-0,41;42,327.00;303,828,440.00
2024-07-02;MINEROS;3,305.00;3,305.00;3,259.86;3,240.00;90;2,8;29,370.00;95,742,145.00
2024-07-03;MINEROS;3,335.00;3,335.00;3,314.78;3,335.00;30;0,91;20,364.00;67,502,250.00
2024-07-04;MINEROS;3,345.00;3,345.00;3,329.44;3,315.00;10;0,3;65,565.00;218,294,410.00
2024-07-05;MINEROS;3,390.00;3,395.00;3,366.83;3,340.00;45;1,35;185,674.00;625,133,635.00
2024-07-08;MINEROS;3,390.00;3,400.00;3,369.72;3,350.00;0;0;271,036.00;913,316,450.00
2024-07-09;MINEROS;3,395.00;3,395.00;3,384.13;3,350.00;5;0,15;89,188.00;301,824,010.00
2024-07-10;MINEROS;3,400.00;3,400.00;3,388.01;3,350.00;5;0,15;253,385.00;858,469,730.00
2024-07-11;MINEROS;3,385.00;3,400.00;3,376.48;3,310.00;-15;-0,44;134,340.00;453,596,050.00
2024-07-12;MINEROS;3,345.00;3,345.00;3,284.68;3,265.00;-40;-1,18;380,281.00;1,249,100,650.00
2024-07-15;MINEROS;3,410.00;3,410.00;3,394.03;3,350.00;65;1,94;201,168.00;682,771,050.00
2024-07-16;MINEROS;3,495.00;3,500.00;3,473.17;3,415.00;85;2,49;472,495.00;1,641,055,005.00
2024-07-17;MINEROS;3,490.00;3,520.00;3,503.84;3,425.00;-5;-0,14;349,871.00;1,225,890,785.00
2024-07-18;MINEROS;3,415.00;3,420.00;3,431.41;3,415.00;-75;-2,15;15,286.00;52,452,480.00
2024-07-19;MINEROS;3,415.00;;3,402.98;;;;13,142.00;44,721,975.00
2024-07-22;MINEROS;3,415.00;;3,395.48;;;;6,942.00;23,571,435.00
2024-07-23;MINEROS;3,435.00;3,435.00;3,369.69;3,365.00;20;0,59;181,532.00;611,706,640.00
2024-07-24;MINEROS;3,365.00;3,450.00;3,367.52;3,365.00;-70;-2,04;173,972.00;585,853,700.00
2024-07-25;MINEROS;3,350.00;3,350.00;3,312.70;3,260.00;-15;-0,45;50,739.00;168,083,010.00
2024-07-26;MINEROS;3,365.00;3,400.00;3,372.85;3,365.00;15;0,45;47,638.00;160,675,920.00
2024-07-29;MINEROS;3,370.00;3,370.00;3,370.37;3,370.00;5;0,15;89,032.00;300,070,990.00
2024-07-30;MINEROS;3,385.00;3,385.00;3,369.26;3,360.00;15;0,45;40,433.00;136,229,275.00
2024-07-31;MINEROS;3,440.00;3,440.00;3,415.62;3,390.00;55;1,62;58,045.00;198,259,820.00
2024-08-01;MINEROS;3,350.00;3,490.00;3,341.57;3,305.00;-90;-2,62;644,953.00;2,155,153,345.00
2024-08-02;MINEROS;3,200.00;3,350.00;3,214.68;3,150.00;-150;-4,48;901,829.00;2,899,089,665.00
2024-08-05;MINEROS;3,090.00;3,165.00;3,069.37;2,955.00;-110;-3,44;302,299.00;927,866,210.00
2024-08-06;MINEROS;3,090.00;3,175.00;3,143.08;3,090.00;0;0;89,987.00;282,836,620.00
2024-08-08;MINEROS;3,155.00;3,155.00;3,142.68;3,005.00;65;2,1;90,609.00;284,754,745.00
2024-08-09;MINEROS;3,235.00;3,240.00;3,169.76;3,100.00;80;2,54;65,447.00;207,451,020.00
2024-08-12;MINEROS;3,270.00;3,270.00;3,211.80;3,200.00;35;1,08;93,364.00;299,866,845.00
2024-08-13;MINEROS;3,270.00;3,270.00;3,260.84;3,270.00;0;;32,821.00;107,023,895.00
2024-08-14;MINEROS;3,270.00;3,300.00;3,286.39;3,270.00;0;0;29,990.00;98,558,905.00
2024-08-15;MINEROS;3,155.00;3,155.00;3,194.67;3,155.00;-115;-3,52;17,203.00;54,957,870.00
2024-08-16;MINEROS;3,250.00;3,250.00;3,221.04;3,185.00;95;3,01;32,783.00;105,595,390.00
2024-08-20;MINEROS;3,205.00;3,245.00;3,234.22;3,205.00;-45;-1,38;32,255.00;104,319,910.00
2024-08-21;MINEROS;3,350.00;3,350.00;3,330.32;3,300.00;145;4,52;117,155.00;390,163,430.00
2024-08-22;MINEROS;3,270.00;3,295.00;3,295.05;3,270.00;-80;-2,39;29,369.00;96,772,200.00
2024-08-23;MINEROS;3,400.00;3,440.00;3,395.17;3,350.00;130;3,98;192,564.00;653,786,785.00
2024-08-26;MINEROS;3,270.00;3,400.00;3,314.03;3,270.00;-130;-3,82;141,508.00;468,961,230.00
2024-08-27;MINEROS;3,410.00;3,415.00;3,374.24;3,255.00;140;4,28;642,109.00;2,166,626,860.00
2024-08-28;MINEROS;3,425.00;3,425.00;3,406.77;3,365.00;15;0,44;701,033.00;2,388,259,600.00
2024-08-29;MINEROS;3,370.00;3,410.00;3,398.67;3,370.00;-55;-1,61;84,728.00;287,962,560.00
2024-08-30;MINEROS;3,380.00;3,410.00;3,380.70;3,380.00;10;0,3;1,978,030.00;6,687,133,590.00
2024-09-02;MINEROS;3,320.00;3,320.00;3,309.47;3,220.00;-60;-1,78;22,547.00;74,618,685.00
2024-09-03;MINEROS;3,325.00;3,330.00;3,324.11;3,325.00;5;0,15;77,771.00;258,519,230.00
2024-09-04;MINEROS;3,335.00;3,335.00;3,318.12;3,305.00;10;0,3;122,130.00;405,242,390.00
2024-09-05;MINEROS;3,280.00;3,280.00;3,282.95;3,280.00;-55;-1,65;69,835.00;229,265,115.00
2024-09-06;MINEROS;3,260.00;3,280.00;3,265.43;3,250.00;-20;-0,61;112,450.00;367,197,545.00
2024-09-09;MINEROS;3,235.00;3,270.00;3,264.85;3,205.00;-25;-0,77;103,839.00;339,018,950.00
2024-09-10;MINEROS;3,285.00;3,305.00;3,284.93;3,250.00;50;1,55;86,415.00;283,867,370.00
2024-09-11;MINEROS;3,250.00;3,285.00;3,267.50;3,250.00;-35;-1,07;48,817.00;159,509,720.00
2024-09-12;MINEROS;3,305.00;3,330.00;3,305.72;3,300.00;55;1,69;158,863.00;525,156,565.00
2024-09-13;MINEROS;3,285.00;3,310.00;3,287.01;3,270.00;-20;-0,61;232,781.00;765,152,865.00
2024-09-16;MINEROS;3,325.00;3,400.00;3,383.69;3,315.00;40;1,22;417,963.00;1,414,259,235.00
2024-09-17;MINEROS;3,305.00;3,345.00;3,308.14;3,305.00;-20;-0,6;127,348.00;421,285,460.00
2024-09-18;MINEROS;3,400.00;3,400.00;3,368.69;3,305.00;95;2,87;100,925.00;339,984,640.00
2024-09-19;MINEROS;3,495.00;3,505.00;3,468.18;3,360.00;95;2,79;1,426,335.00;4,946,782,650.00
2024-09-20;MINEROS;3,600.00;3,600.00;3,573.28;3,455.00;105;3;6,167,893.00;22,039,628,225.00
2024-09-23;MINEROS;3,490.00;3,550.00;3,506.98;3,490.00;-110;-3,06;315,770.00;1,107,399,790.00
2024-09-24;MINEROS;3,490.00;3,550.00;3,509.52;3,490.00;0;0;951,884.00;3,340,654,275.00
2024-09-25;MINEROS;3,480.00;3,490.00;3,475.80;3,465.00;-10;-0,29;69,875.00;242,871,390.00
2024-09-26;MINEROS;3,480.00;;3,510.00;;;;860.00;3,018,600.00
2024-09-27;MINEROS;3,480.00;;3,532.11;;;;9,644.00;34,063,715.00
2024-09-30;MINEROS;3,520.00;3,520.00;3,504.72;3,500.00;40;1,15;108,559.00;380,468,930.00
2024-10-01;MINEROS;3,550.00;3,550.00;3,533.12;3,520.00;30;0,85;84,996.00;300,301,310.00
2024-10-02;MINEROS;3,510.00;3,510.00;3,524.27;3,510.00;-40;-1,13;14,509.00;51,133,620.00
2024-10-03;MINEROS;3,565.00;3,565.00;3,557.55;3,560.00;55;1,57;36,895.00;131,255,710.00
2024-10-04;MINEROS;3,650.00;3,650.00;3,620.63;3,540.00;85;2,38;167,389.00;606,053,650.00
2024-10-07;MINEROS;3,700.00;3,700.00;3,659.30;3,605.00;50;1,37;122,948.00;449,903,130.00
2024-10-08;MINEROS;3,600.00;3,680.00;3,629.04;3,600.00;-100;-2,7;297,785.00;1,080,672,355.00
2024-10-09;MINEROS;3,700.00;3,705.00;3,678.71;3,600.00;100;2,78;184,032.00;676,999,940.00
2024-10-10;MINEROS;3,720.00;3,720.00;3,674.37;3,625.00;20;0,54;137,016.00;503,448,100.00
2024-10-11;MINEROS;3,730.00;3,750.00;3,720.17;3,700.00;10;0,27;42,925.00;159,688,135.00
2024-10-15;MINEROS;3,705.00;3,730.00;3,713.70;3,700.00;-25;-0,67;51,662.00;191,856,945.00
2024-10-16;MINEROS;3,655.00;3,700.00;3,672.35;3,655.00;-50;-1,35;35,074.00;128,803,895.00
2024-10-17;MINEROS;3,655.00;;;;;;;
2024-10-18;MINEROS;3,655.00;;;;;;;
2024-10-21;MINEROS;3,655.00;;;;;;;
2024-10-22;MINEROS;3,655.00;;;;;;;
2024-10-23;MINEROS;3,655.00;;;;;;;
2024-10-24;MINEROS;3,655.00;;;;;;;
2024-10-25;MINEROS;3,655.00;;;;;;;
2024-10-28;MINEROS;3,655.00;;;;;;;
2024-10-29;MINEROS;3,655.00;;;;;;;
2024-10-30;MINEROS;3,655.00;;;;;;;
2024-10-31;MINEROS;3,655.00;;;;;;;
2024-11-01;MINEROS;3,655.00;;;;;;;
2024-11-05;MINEROS;3,655.00;;;;;;;
2024-11-06;MINEROS;3,655.00;;;;;;;
2024-11-07;MINEROS;3,655.00;;;;;;;
2024-11-08;MINEROS;3,655.00;;;;;;;
2024-11-12;MINEROS;3,655.00;;;;;;;
2024-11-13;MINEROS;3,655.00;;;;;;;
2024-11-14;MINEROS;3,750.00;3,990.00;3,807.82;3,700.00;95;2,6;317,290.00;1,208,183,705.00
2024-11-15;MINEROS;3,845.00;3,900.00;3,841.42;3,765.00;95;2,53;163,196.00;626,903,935.00
2024-11-18;MINEROS;3,910.00;3,920.00;3,909.27;3,900.00;65;1,69;91,147.00;356,318,145.00
2024-11-19;MINEROS;3,900.00;3,905.00;3,867.22;3,845.00;-10;-0,26;46,622.00;180,297,320.00
2024-11-20;MINEROS;3,900.00;;3,864.32;;;;6,124.00;23,665,090.00
2024-11-21;MINEROS;3,830.00;3,910.00;3,879.37;3,830.00;-70;-1,79;90,394.00;350,672,175.00
2024-11-22;MINEROS;4,020.00;4,095.00;4,031.45;3,920.00;190;4,96;539,370.00;2,174,443,445.00
2024-11-25;MINEROS;4,030.00;4,030.00;3,994.18;3,940.00;10;0,25;86,762.00;346,542,630.00
2024-11-26;MINEROS;4,200.00;4,200.00;4,173.80;4,100.00;170;4,22;109,288.00;456,145,755.00
2024-11-27;MINEROS;4,160.00;4,225.00;4,203.79;4,160.00;-40;-0,95;131,335.00;552,104,640.00
2024-11-28;MINEROS;4,155.00;4,180.00;4,175.79;4,155.00;-5;-0,12;30,795.00;128,593,320.00
2024-11-29;MINEROS;4,220.00;4,220.00;4,205.90;4,200.00;65;1,56;51,565.00;216,877,305.00
2024-12-02;MINEROS;4,295.00;4,305.00;4,263.20;4,225.00;75;1,78;248,216.00;1,058,193,310.00
2024-12-03;MINEROS;4,200.00;4,285.00;4,236.48;4,200.00;-95;-2,21;101,572.00;430,307,810.00
2024-12-04;MINEROS;4,215.00;4,220.00;4,205.09;4,200.00;15;0,36;38,725.00;162,842,250.00
2024-12-05;MINEROS;4,195.00;4,220.00;4,201.09;4,195.00;-20;-0,47;34,344.00;144,282,365.00
2024-12-06;MINEROS;4,085.00;4,200.00;4,124.49;4,060.00;-110;-2,62;87,237.00;359,807,875.00
2024-12-09;MINEROS;4,260.00;4,265.00;4,221.93;4,090.00;175;4,28;103,641.00;437,565,325.00
2024-12-10;MINEROS;4,480.00;4,495.00;4,435.88;4,295.00;220;5,16;245,309.00;1,088,161,370.00
2024-12-11;MINEROS;4,490.00;4,555.00;4,502.14;4,310.00;10;0,22;232,004.00;1,044,515,135.00
2024-12-12;MINEROS;4,425.00;4,495.00;4,446.64;4,415.00;-65;-1,45;35,052.00;155,863,610.00
2024-12-13;MINEROS;4,500.00;4,500.00;4,492.14;4,480.00;75;1,69;60,192.00;270,391,015.00
2024-12-16;MINEROS;4,520.00;4,595.00;4,577.85;4,520.00;20;0,44;135,279.00;619,286,780.00
2024-12-17;MINEROS;4,450.00;4,505.00;4,478.01;4,450.00;-70;-1,55;55,336.00;247,795,045.00
2024-12-18;MINEROS;4,300.00;4,450.00;4,360.80;4,300.00;-150;-3,37;93,816.00;409,112,805.00
2024-12-19;MINEROS;4,225.00;4,395.00;4,268.25;4,200.00;-75;-1,74;345,361.00;1,474,087,610.00
2024-12-20;MINEROS;4,280.00;4,280.00;4,261.88;4,165.00;55;1,3;45,319.00;193,144,015.00
2024-12-23;MINEROS;4,235.00;4,280.00;4,269.97;4,225.00;-45;-1,05;30,676.00;130,985,580.00
2024-12-24;MINEROS;4,235.00;;;;;;;
2024-12-26;MINEROS;4,300.00;4,345.00;4,306.65;4,300.00;65;1,53;126,490.00;544,748,730.00
2024-12-27;MINEROS;4,250.00;4,330.00;4,262.66;4,250.00;-50;-1,16;78,857.00;336,140,250.00
2024-12-30;MINEROS;4,255.00;4,355.00;4,303.29;4,255.00;5;0,12;48,313.00;207,905,025.00
2024-01-02;MINEROS;1,865.00;1,880.00;1,866.51;1,855.00;30;1,63;198,221.00;369,981,205.00
2024-01-03;MINEROS;1,880.00;1,880.00;1,844.93;1,820.00;15;0,8;152,673.00;281,670,960.00
2024-01-04;MINEROS;1,920.00;1,920.00;1,887.96;1,860.00;40;2,13;160,822.00;303,625,310.00
2024-01-05;MINEROS;1,930.00;1,940.00;1,922.30;1,910.00;10;0,52;193,753.00;372,451,875.00
2024-01-09;MINEROS;1,950.00;1,950.00;1,930.73;1,900.00;20;1,04;57,242.00;110,518,670.00
2024-01-10;MINEROS;1,965.00;1,965.00;1,952.30;1,950.00;15;0,77;45,041.00;87,933,735.00
2024-01-11;MINEROS;2,020.00;2,020.00;1,980.25;1,965.00;55;2,8;171,417.00;339,449,310.00
2024-01-12;MINEROS;2,035.00;2,045.00;2,018.57;1,980.00;15;0,74;93,471.00;188,677,590.00
2024-01-15;MINEROS;2,015.00;2,035.00;2,027.24;2,015.00;-20;-0,98;119,994.00;243,256,660.00
2024-01-16;MINEROS;2,020.00;2,020.00;2,016.76;2,000.00;5;0,25;67,672.00;136,478,030.00
2024-01-17;MINEROS;2,015.00;2,020.00;2,014.44;2,015.00;-5;-0,25;48,963.00;98,633,075.00
2024-01-18;MINEROS;2,020.00;2,020.00;2,013.32;2,000.00;5;0,25;112,214.00;225,922,200.00
2024-01-19;MINEROS;1,970.00;2,000.00;1,951.54;1,935.00;-50;-2,48;113,101.00;220,720,845.00
2024-01-22;MINEROS;1,940.00;1,975.00;1,965.44;1,940.00;-30;-1,52;81,886.00;160,941,870.00
2024-01-23;MINEROS;1,995.00;1,995.00;1,971.97;1,960.00;55;2,84;193,223.00;381,029,085.00
2024-01-24;MINEROS;1,960.00;1,980.00;1,975.56;1,960.00;-35;-1,75;48,649.00;96,108,865.00
2024-01-25;MINEROS;1,975.00;1,975.00;1,936.32;1,900.00;15;0,77;23,293.00;45,102,805.00
2024-01-26;MINEROS;1,925.00;1,950.00;1,937.66;1,920.00;-50;-2,53;93,113.00;180,421,640.00
2024-01-29;MINEROS;1,915.00;1,920.00;1,916.12;1,915.00;-10;-0,52;65,639.00;125,772,215.00
2024-01-30;MINEROS;1,915.00;1,915.00;1,914.01;1,910.00;0;0;56,327.00;107,810,670.00
2024-01-31;MINEROS;1,920.00;1,940.00;1,928.59;1,920.00;5;0,26;76,001.00;146,574,460.00
2024-02-01;MINEROS;1,945.00;1,945.00;1,920.43;1,905.00;25;1,3;82,552.00;158,535,695.00
2024-02-02;MINEROS;1,900.00;1,915.00;1,901.93;1,900.00;-45;-2,31;111,836.00;212,704,420.00
2024-02-05;MINEROS;1,900.00;1,900.00;1,901.10;1,900.00;0;;36,327.00;69,061,260.00
2024-02-06;MINEROS;1,900.00;;1,896.58;;;;5,348.00;10,142,915.00
2024-02-07;MINEROS;1,905.00;1,910.00;1,902.66;1,900.00;5;0,26;110,488.00;210,221,195.00
2024-02-08;MINEROS;1,905.00;;1,902.11;;;;8,547.00;16,257,350.00
2024-02-09;MINEROS;1,910.00;1,910.00;1,906.53;1,910.00;5;0,26;13,950.00;26,596,070.00
2024-02-12;MINEROS;1,910.00;1,910.00;1,904.23;1,900.00;0;0;22,829.00;43,471,680.00
2024-02-13;MINEROS;1,910.00;;1,882.86;;;;4,462.00;8,401,300.00
2024-02-14;MINEROS;1,880.00;1,880.00;1,859.17;1,850.00;-30;-1,57;93,272.00;173,408,480.00
2024-02-15;MINEROS;1,980.00;1,980.00;1,956.14;1,890.00;100;5,32;287,386.00;562,166,095.00
2024-02-16;MINEROS;2,030.00;2,090.00;2,034.34;2,025.00;50;2,53;158,435.00;322,310,515.00
2024-02-19;MINEROS;2,015.00;2,070.00;2,041.14;2,015.00;-15;-0,74;72,522.00;148,027,875.00
2024-02-20;MINEROS;2,030.00;2,050.00;2,021.87;1,990.00;15;0,74;418,187.00;845,518,785.00
2024-02-21;MINEROS;2,085.00;2,085.00;2,052.55;2,030.00;55;2,71;644,073.00;1,321,992,540.00
2024-02-22;MINEROS;2,050.00;2,090.00;2,055.24;2,030.00;-35;-1,68;1,541,779.00;3,168,724,245.00
2024-02-23;MINEROS;2,120.00;2,150.00;2,110.93;2,070.00;70;3,41;121,228.00;255,903,230.00
2024-02-26;MINEROS;2,250.00;2,250.00;2,220.53;2,170.00;130;6,13;1,124,469.00;2,496,922,770.00
2024-02-27;MINEROS;2,350.00;2,350.00;2,298.00;2,265.00;100;4,44;566,157.00;1,301,029,480.00
2024-02-28;MINEROS;2,515.00;2,515.00;2,450.01;2,380.00;165;7,02;998,895.00;2,447,304,025.00
2024-02-29;MINEROS;2,300.00;2,540.00;2,305.63;2,300.00;-215;-8,55;4,657,502.00;10,738,484,185.00
2024-03-01;MINEROS;2,530.00;2,530.00;2,449.07;2,300.00;230;10;2,020,928.00;4,949,398,150.00
2024-03-04;MINEROS;2,530.00;2,600.00;2,560.83;2,530.00;0;0;135,448.00;346,859,525.00
2024-03-05;MINEROS;2,530.00;2,530.00;2,517.20;2,500.00;0;0;187,496.00;471,964,455.00
2024-03-06;MINEROS;2,545.00;2,600.00;2,552.43;2,530.00;15;0,59;285,270.00;728,132,865.00
2024-03-07;MINEROS;2,670.00;2,670.00;2,596.63;2,545.00;125;4,91;84,373.00;219,085,510.00
2024-03-08;MINEROS;2,700.00;2,800.00;2,721.78;2,650.00;30;1,12;398,170.00;1,083,732,175.00
2024-03-11;MINEROS;2,700.00;2,770.00;2,737.95;2,700.00;0;0;78,930.00;216,106,505.00
2024-03-12;MINEROS;2,550.00;2,700.00;2,656.02;2,550.00;-150;-5,56;65,908.00;175,053,100.00
2024-03-13;MINEROS;2,550.00;2,550.00;2,564.01;2,550.00;0;;25,741.00;66,000,085.00
2024-03-14;MINEROS;2,695.00;2,720.00;2,691.07;2,695.00;145;5,69;48,888.00;131,561,190.00
2024-03-15;MINEROS;2,630.00;2,695.00;2,649.96;2,630.00;-65;-2,41;45,884.00;121,590,785.00
2024-03-18;MINEROS;2,590.00;2,620.00;2,600.09;2,590.00;-40;-1,52;127,103.00;330,479,370.00
2024-03-19;MINEROS;2,580.00;2,590.00;2,592.71;2,580.00;-10;-0,39;51,276.00;132,943,560.00
2024-03-20;MINEROS;2,595.00;2,595.00;2,596.54;2,585.00;15;0,58;37,993.00;98,650,260.00
2024-03-21;MINEROS;2,630.00;2,845.00;2,774.90;2,630.00;35;1,35;324,600.00;900,732,415.00
2024-03-22;MINEROS;2,875.00;2,875.00;2,813.68;2,765.00;245;9,32;245,380.00;690,421,685.00
2024-03-26;MINEROS;2,995.00;2,995.00;2,965.54;2,875.00;120;4,17;154,527.00;458,256,090.00
2024-03-27;MINEROS;3,100.00;3,190.00;3,082.21;3,000.00;105;3,51;279,770.00;862,309,115.00
2024-04-01;MINEROS;3,170.00;3,200.00;3,160.06;3,130.00;70;2,26;312,212.00;986,608,820.00
2024-04-02;MINEROS;3,300.00;3,300.00;3,209.66;3,180.00;130;4,1;831,839.00;2,669,918,100.00
2024-04-03;MINEROS;3,290.00;3,300.00;3,287.37;3,220.00;-10;-0,3;135,349.00;444,941,860.00
2024-04-04;MINEROS;3,240.00;3,280.00;3,252.65;3,240.00;-50;-1,52;159,518.00;518,856,525.00
2024-04-05;MINEROS;3,235.00;3,295.00;3,208.27;3,030.00;-5;-0,15;198,876.00;638,048,275.00
2024-04-08;MINEROS;3,270.00;3,290.00;3,275.61;3,250.00;35;1,08;86,318.00;282,744,470.00
2024-04-09;MINEROS;3,325.00;3,325.00;3,301.10;3,295.00;55;1,68;519,150.00;1,713,767,985.00
2024-04-10;MINEROS;3,300.00;3,335.00;3,287.34;3,250.00;-25;-0,75;191,972.00;631,076,410.00
2024-04-11;MINEROS;3,320.00;3,330.00;3,305.91;3,250.00;20;0,61;223,294.00;738,190,595.00
2024-04-12;MINEROS;3,260.00;3,300.00;3,254.28;3,225.00;-60;-1,81;213,032.00;693,266,805.00
2024-04-15;MINEROS;3,240.00;3,240.00;3,241.92;3,240.00;-20;-0,61;22,898.00;74,233,495.00
2024-04-16;MINEROS;3,240.00;3,245.00;3,239.00;3,230.00;0;0;151,571.00;490,938,985.00
2024-04-17;MINEROS;3,335.00;3,360.00;3,303.03;3,230.00;95;2,93;352,989.00;1,165,931,565.00
2024-04-18;MINEROS;3,275.00;3,300.00;3,288.36;3,245.00;-60;-1,8;126,311.00;415,355,550.00
2024-04-19;MINEROS;3,275.00;3,300.00;3,287.85;3,275.00;0;0;88,950.00;292,454,130.00
2024-04-22;MINEROS;3,250.00;3,250.00;3,233.69;3,215.00;-25;-0,76;70,071.00;226,588,205.00
2024-04-23;MINEROS;3,250.00;3,250.00;3,243.96;3,230.00;0;0;34,277.00;111,193,140.00
2024-04-24;MINEROS;3,175.00;3,180.00;3,181.65;3,170.00;-75;-2,31;32,725.00;104,119,555.00
2024-04-25;MINEROS;3,245.00;3,245.00;3,225.90;3,220.00;70;2,2;66,945.00;215,957,680.00
2024-04-26;MINEROS;3,270.00;3,270.00;3,250.04;3,225.00;25;0,77;72,378.00;235,231,415.00
2024-04-29;MINEROS;3,200.00;3,270.00;3,225.87;3,200.00;-70;-2,14;374,082.00;1,206,741,395.00
2024-04-30;MINEROS;3,050.00;3,200.00;3,142.05;3,050.00;-150;-4,69;308,553.00;969,488,695.00
2024-05-02;MINEROS;3,185.00;3,190.00;3,177.63;3,130.00;135;4,43;109,496.00;347,938,220.00
2024-05-03;MINEROS;3,195.00;3,195.00;3,188.74;3,175.00;10;0,31;68,542.00;218,562,305.00
2024-05-06;MINEROS;3,205.00;3,260.00;3,198.80;3,175.00;10;0,31;300,604.00;961,570,950.00
2024-05-07;MINEROS;3,230.00;3,230.00;3,224.73;3,210.00;25;0,78;130,003.00;419,224,065.00
2024-05-08;MINEROS;3,250.00;3,250.00;3,242.23;3,240.00;20;0,62;87,110.00;282,430,730.00
2024-05-09;MINEROS;3,235.00;3,250.00;3,229.68;3,200.00;-15;-0,46;135,827.00;438,677,430.00
2024-05-10;MINEROS;3,240.00;3,280.00;3,252.88;3,235.00;5;0,15;157,399.00;511,999,745.00
2024-05-14;MINEROS;3,250.00;3,250.00;3,241.77;3,235.00;10;0,31;54,530.00;176,773,975.00
2024-05-15;MINEROS;3,255.00;3,270.00;3,254.08;3,240.00;5;0,15;46,660.00;151,835,340.00
2024-05-16;MINEROS;3,235.00;3,235.00;3,232.35;3,220.00;-20;-0,61;109,385.00;353,570,490.00
2024-05-17;MINEROS;3,275.00;3,295.00;3,278.74;3,235.00;40;1,24;75,607.00;247,895,965.00
2024-05-20;MINEROS;3,235.00;3,300.00;3,266.43;3,235.00;-40;-1,22;98,741.00;322,530,265.00
2024-05-21;MINEROS;3,280.00;3,280.00;3,256.95;3,250.00;45;1,39;75,771.00;246,782,040.00
2024-05-22;MINEROS;3,165.00;3,235.00;3,193.06;3,150.00;-115;-3,51;441,570.00;1,409,958,405.00
2024-05-23;MINEROS;3,125.00;3,160.00;3,132.31;3,115.00;-40;-1,26;228,230.00;714,887,000.00
2024-05-24;MINEROS;3,125.00;3,135.00;3,146.03;3,125.00;0;0;199,951.00;629,051,775.00
2024-05-27;MINEROS;3,150.00;3,150.00;3,160.81;3,150.00;25;0,8;26,270.00;83,034,520.00
2024-05-28;MINEROS;3,155.00;3,220.00;3,184.20;3,155.00;5;0,16;77,765.00;247,619,430.00
2024-05-29;MINEROS;3,075.00;3,150.00;3,099.04;3,075.00;-80;-2,54;258,470.00;801,008,150.00
2024-05-30;MINEROS;3,105.00;3,130.00;3,097.85;3,075.00;30;0,98;81,894.00;253,695,455.00
2024-05-31;MINEROS;3,160.00;3,160.00;3,158.77;3,100.00;55;1,77;1,711,994.00;5,407,800,565.00
2024-06-04;MINEROS;3,210.00;3,250.00;3,183.02;3,180.00;50;1,58;866,105.00;2,756,828,580.00
2024-06-05;MINEROS;3,230.00;3,250.00;3,235.18;3,230.00;20;0,62;54,814.00;177,333,160.00
2024-06-06;MINEROS;3,285.00;3,290.00;3,256.40;3,220.00;55;1,7;379,819.00;1,236,844,450.00
2024-06-07;MINEROS;3,285.00;3,320.00;3,300.41;3,285.00;0;0;606,734.00;2,002,472,925.00
2024-06-11;MINEROS;3,180.00;3,230.00;3,187.80;3,160.00;-105;-3,2;459,842.00;1,465,886,085.00
2024-06-12;MINEROS;3,200.00;3,270.00;3,210.40;3,190.00;20;0,63;255,068.00;818,870,245.00
2024-06-13;MINEROS;3,185.00;3,185.00;3,190.19;3,185.00;-15;-0,47;21,126.00;67,395,915.00
2024-06-14;MINEROS;3,190.00;3,200.00;3,189.53;3,180.00;5;0,16;104,579.00;333,557,590.00
2024-06-17;MINEROS;3,200.00;3,240.00;3,209.22;3,185.00;10;0,31;193,499.00;620,980,950.00
2024-06-18;MINEROS;3,175.00;3,200.00;3,182.54;3,175.00;-25;-0,78;89,697.00;285,464,635.00
2024-06-19;MINEROS;3,200.00;3,200.00;3,190.68;3,180.00;25;0,79;30,618.00;97,692,120.00
2024-06-20;MINEROS;3,340.00;3,400.00;3,339.59;3,250.00;140;4,38;695,988.00;2,324,311,505.00
2024-06-21;MINEROS;3,295.00;3,330.00;3,311.10;3,295.00;-45;-1,35;68,441.00;226,615,060.00
2024-06-24;MINEROS;3,255.00;3,300.00;3,255.10;3,220.00;-40;-1,21;54,892.00;178,679,190.00
2024-06-25;MINEROS;3,250.00;3,280.00;3,261.38;3,250.00;-5;-0,15;85,547.00;279,001,260.00
2024-06-26;MINEROS;3,265.00;3,265.00;3,249.73;3,240.00;15;0,46;108,803.00;353,580,495.00
2024-06-27;MINEROS;3,260.00;3,270.00;3,269.62;3,260.00;-5;-0,15;44,616.00;145,877,350.00
2024-06-28;MINEROS;3,215.00;3,250.00;3,223.22;3,210.00;-45;-1,38;54,281.00;174,959,460.00
2023-07-04;MINEROS;1,826.00;1,827.00;1,830.21;1,826.00;-24;-1,3;28,688.00;52,505,200.00
2023-07-05;MINEROS;1,850.00;1,900.00;1,851.06;1,832.00;24;1,31;49,303.00;91,262,672.00
2023-07-06;MINEROS;1,833.00;1,850.00;1,848.66;1,833.00;-17;-0,92;222,012.00;410,423,757.00
2023-07-07;MINEROS;1,834.00;1,850.00;1,843.13;1,834.00;1;0,05;105,917.00;195,219,279.00
2023-07-10;MINEROS;1,840.00;1,840.00;1,845.29;1,840.00;6;0,33;15,622.00;28,827,146.00
2023-07-11;MINEROS;1,835.00;1,848.00;1,841.64;1,835.00;-5;-0,27;146,754.00;270,268,760.00
2023-07-12;MINEROS;1,861.00;1,861.00;1,805.18;1,800.00;26;1,42;523,324.00;944,694,646.00
2023-07-13;MINEROS;1,874.00;1,875.00;1,871.11;1,860.00;13;0,7;219,193.00;410,134,307.00
2023-07-14;MINEROS;1,874.00;;1,904.33;;;;6,374.00;12,138,170.00
2023-07-17;MINEROS;1,914.00;1,920.00;1,898.61;1,875.00;40;2,13;56,419.00;107,117,400.00
2023-07-18;MINEROS;1,915.00;1,915.00;1,911.68;1,902.00;1;0,05;153,300.00;293,060,660.00
2023-07-19;MINEROS;1,912.00;1,912.00;1,886.19;1,870.00;-3;-0,16;118,071.00;222,704,012.00
2023-07-21;MINEROS;1,912.00;;1,884.10;;;;5,235.00;9,863,287.00
2023-07-24;MINEROS;1,902.00;1,902.00;1,882.35;1,865.00;-10;-0,52;28,709.00;54,040,389.00
2023-07-25;MINEROS;1,902.00;1,902.00;1,900.30;1,900.00;0;0;49,447.00;93,964,182.00
2023-07-26;MINEROS;1,880.00;1,880.00;1,877.96;1,880.00;-22;-1,16;16,404.00;30,806,010.00
2023-07-27;MINEROS;1,900.00;1,900.00;1,899.69;1,900.00;20;1,06;26,118.00;49,615,988.00
2023-07-28;MINEROS;1,898.00;1,898.00;1,897.01;1,898.00;-2;-0,11;13,330.00;25,287,118.00
2023-07-31;MINEROS;;1,880.00;1,883.84;1,880.00;-18;-0,95;24,370.00;45,909,204.00
2023-08-01;MINEROS;1,920.00;1,920.00;1,889.53;1,885.00;10;0,52;172,081.00;325,152,372.00
2023-08-02;MINEROS;1,900.00;1,900.00;1,892.46;1,880.00;-20;-1,04;15,297.00;28,948,912.00
2023-08-03;MINEROS;1,900.00;1,900.00;1,906.51;1,900.00;0;;16,919.00;32,256,160.00
2023-08-04;MINEROS;;1,930.00;1,898.46;1,880.00;30;1,58;84,029.00;159,525,360.00
2023-08-08;MINEROS;1,926.00;1,926.00;1,903.91;1,900.00;-4;-0,21;88,001.00;167,546,276.00
2023-08-09;MINEROS;1,925.00;1,927.00;1,908.82;1,908.00;-1;-0,05;1,060,717.00;2,024,720,343.00
2023-08-10;MINEROS;1,925.00;1,990.00;1,936.03;1,925.00;0;0;81,822.00;158,410,169.00
2023-08-11;MINEROS;1,947.00;1,947.00;1,932.18;1,926.00;22;1,14;29,507.00;57,012,740.00
2023-08-14;MINEROS;1,920.00;1,920.00;1,920.54;1,920.00;-27;-1,39;83,910.00;161,152,236.00
2023-08-15;MINEROS;1,920.00;;1,913.42;;;;1,853.00;3,545,560.00
2023-08-16;MINEROS;1,917.00;1,917.00;1,900.42;1,880.00;-3;-0,16;177,076.00;336,519,272.00
2023-08-17;MINEROS;1,917.00;;1,880.18;;;;3,746.00;7,043,150.00
2023-08-18;MINEROS;1,913.00;1,913.00;1,909.71;1,913.00;-4;-0,21;28,064.00;53,593,970.00
2023-08-22;MINEROS;1,890.00;1,900.00;1,862.80;1,850.00;-23;-1,2;173,149.00;322,542,503.00
2023-08-23;MINEROS;1,890.00;;1,855.51;;;;11,479.00;21,299,366.00
2023-08-24;MINEROS;1,890.00;;1,867.20;;;;2,856.00;5,332,720.00
2023-08-25;MINEROS;1,881.00;1,881.00;1,865.62;1,860.00;-9;-0,48;14,590.00;27,219,462.00
2023-08-28;MINEROS;1,881.00;;1,817.98;;;;2,122.00;3,857,752.00
2023-08-29;MINEROS;1,880.00;1,880.00;1,854.69;1,825.00;-1;-0,05;52,234.00;96,877,818.00
2023-08-30;MINEROS;1,879.00;1,879.00;1,816.25;1,800.00;-1;-0,05;127,858.00;232,222,165.00
2023-08-31;MINEROS;1,871.00;1,871.00;1,808.71;1,800.00;-8;-0,43;286,847.00;518,823,983.00
2023-09-01;MINEROS;1,871.00;;1,813.49;;;;4,777.00;8,663,057.00
2023-09-04;MINEROS;1,871.00;;1,771.10;;;;6,860.00;12,149,750.00
2023-09-05;MINEROS;1,848.00;1,848.00;1,795.74;1,770.00;-23;-1,23;15,691.00;28,176,993.00
2023-09-06;MINEROS;1,848.00;;1,806.61;;;;17,443.00;31,512,728.00
2023-09-07;MINEROS;1,839.00;1,848.00;1,818.43;1,771.00;-9;-0,49;48,480.00;88,157,520.00
2023-09-08;MINEROS;1,835.00;1,835.00;1,810.12;1,835.00;-4;-0,22;18,666.00;33,787,786.00
2023-09-11;MINEROS;1,835.00;;1,781.91;;;;5,703.00;10,162,226.00
2023-09-12;MINEROS;1,899.00;1,899.00;1,831.34;1,829.00;64;3,49;171,290.00;313,689,555.00
2023-09-13;MINEROS;1,899.00;;1,817.07;;;;10,161.00;18,463,270.00
2023-09-14;MINEROS;1,899.00;;1,809.90;;;;4,206.00;7,612,458.00
2023-09-15;MINEROS;1,899.00;;1,806.98;;;;9,022.00;16,302,610.00
2023-09-18;MINEROS;1,899.00;;1,807.84;;;;5,649.00;10,212,513.00
2023-09-19;MINEROS;1,899.00;;1,799.66;;;;10,370.00;18,662,523.00
2023-09-20;MINEROS;1,830.00;1,830.00;1,814.43;1,800.00;-69;-3,63;11,756.00;21,330,462.00
2023-09-21;MINEROS;1,830.00;1,830.00;1,815.26;1,830.00;0;;17,975.00;32,629,330.00
2023-09-22;MINEROS;1,807.00;1,807.00;1,772.36;1,754.00;-23;-1,26;58,902.00;104,395,393.00
2023-09-25;MINEROS;1,798.00;1,806.00;1,763.38;1,648.00;-9;-0,5;72,749.00;128,283,818.00
2023-09-26;MINEROS;1,797.00;1,797.00;1,787.43;1,797.00;-1;-0,06;15,401.00;27,528,236.00
2023-09-27;MINEROS;1,797.00;;1,792.07;;;;8,964.00;16,064,086.00
2023-09-28;MINEROS;1,780.00;1,780.00;1,739.55;1,725.00;-17;-0,95;143,960.00;250,426,336.00
2023-09-29;MINEROS;1,799.00;1,799.00;1,759.65;1,735.00;19;1,07;102,270.00;179,959,372.00
2023-10-02;MINEROS;1,799.00;;1,796.53;;;;6,802.00;12,219,995.00
2023-10-03;MINEROS;1,760.00;1,768.00;1,760.75;1,753.00;-39;-2,17;174,457.00;307,175,003.00
2023-10-04;MINEROS;1,785.00;1,785.00;1,783.46;1,785.00;25;1,42;9,372.00;16,714,622.00
2023-10-05;MINEROS;1,771.00;1,786.00;1,782.52;1,771.00;-14;-0,78;40,779.00;72,689,309.00
2023-10-06;MINEROS;1,765.00;1,769.00;1,767.93;1,765.00;-6;-0,34;170,456.00;301,355,012.00
2023-10-09;MINEROS;1,765.00;1,775.00;1,770.01;1,765.00;0;0;125,807.00;222,679,071.00
2023-10-10;MINEROS;1,777.00;1,777.00;1,772.93;1,777.00;12;0,68;35,732.00;63,350,215.00
2023-10-11;MINEROS;1,770.00;1,780.00;1,775.27;1,765.00;-7;-0,39;54,269.00;96,341,860.00
2023-10-12;MINEROS;1,780.00;1,780.00;1,766.41;1,750.00;10;0,56;110,141.00;194,554,295.00
2023-10-13;MINEROS;1,780.00;;1,779.07;;;;11,998.00;21,345,341.00
2023-10-17;MINEROS;1,785.00;1,785.00;1,777.43;1,780.00;5;0,28;76,105.00;135,271,325.00
2023-10-18;MINEROS;1,888.00;1,900.00;1,850.87;1,785.00;103;5,77;852,954.00;1,578,703,348.00
2023-10-19;MINEROS;1,903.00;1,932.00;1,923.12;1,903.00;15;0,79;152,727.00;293,711,863.00
2023-10-20;MINEROS;1,835.00;1,870.00;1,852.65;1,832.00;-68;-3,57;67,731.00;125,481,986.00
2023-10-23;MINEROS;1,827.00;1,827.00;1,820.12;1,801.00;-8;-0,44;47,529.00;86,508,501.00
2023-10-24;MINEROS;1,807.00;1,810.00;1,789.94;1,760.00;-20;-1,09;72,521.00;129,808,178.00
2023-10-25;MINEROS;1,807.00;;1,798.44;;;;10,759.00;19,349,464.00
2023-10-26;MINEROS;1,748.00;1,762.00;1,754.83;1,748.00;-59;-3,27;128,807.00;226,034,309.00
2023-10-27;MINEROS;1,782.00;1,784.00;1,732.29;1,705.00;34;1,95;109,098.00;188,989,744.00
2023-10-30;MINEROS;1,779.00;1,783.00;1,773.94;1,735.00;-3;-0,17;90,607.00;160,731,347.00
2023-10-31;MINEROS;1,748.00;1,749.00;1,739.94;1,730.00;-31;-1,74;115,848.00;201,568,704.00
2023-11-01;MINEROS;1,715.00;1,715.00;1,719.56;1,715.00;-33;-1,89;43,669.00;75,091,481.00
2023-11-02;MINEROS;1,750.00;1,750.00;1,726.03;1,702.00;35;2,04;133,749.00;230,854,214.00
2023-11-03;MINEROS;1,780.00;1,780.00;1,756.18;1,745.00;30;1,71;53,668.00;94,250,644.00
2023-11-07;MINEROS;1,773.00;1,773.00;1,763.01;1,770.00;-7;-0,39;24,319.00;42,874,657.00
2023-11-08;MINEROS;1,770.00;1,770.00;1,744.82;1,740.00;-5;-0,28;31,167.00;54,380,905.00
2023-11-09;MINEROS;1,750.00;1,770.00;1,760.41;1,750.00;-20;-1,13;35,405.00;62,327,180.00
2023-11-10;MINEROS;1,760.00;1,760.00;1,736.80;1,715.00;10;0,57;64,373.00;111,802,755.00
2023-11-14;MINEROS;1,735.00;1,745.00;1,740.65;1,735.00;-25;-1,42;103,257.00;179,734,175.00
2023-11-15;MINEROS;1,725.00;1,765.00;1,741.89;1,725.00;-10;-0,58;104,771.00;182,499,345.00
2023-11-16;MINEROS;1,725.00;1,725.00;1,703.82;1,700.00;0;0;55,168.00;93,996,285.00
2023-11-17;MINEROS;1,700.00;1,740.00;1,703.79;1,695.00;-25;-1,45;171,731.00;292,594,145.00
2023-11-20;MINEROS;1,690.00;1,740.00;1,699.90;1,690.00;-10;-0,59;133,353.00;226,686,185.00
2023-11-21;MINEROS;1,690.00;1,695.00;1,688.87;1,690.00;0;0;90,172.00;152,288,355.00
2023-11-22;MINEROS;1,690.00;1,690.00;1,684.81;1,675.00;0;0;53,269.00;89,748,205.00
2023-11-23;MINEROS;1,690.00;1,690.00;1,679.99;1,680.00;0;0;113,013.00;189,860,560.00
2023-11-24;MINEROS;1,680.00;1,680.00;1,678.04;1,675.00;-10;-0,59;40,548.00;68,041,345.00
2023-11-27;MINEROS;1,680.00;1,700.00;1,693.32;1,680.00;0;0;218,606.00;370,170,260.00
2023-11-28;MINEROS;1,680.00;1,685.00;1,683.56;1,680.00;0;0;243,835.00;410,511,555.00
2023-11-29;MINEROS;1,675.00;1,675.00;1,661.84;1,640.00;-5;-0,3;70,925.00;117,866,005.00
2023-11-30;MINEROS;1,675.00;1,675.00;1,661.87;1,655.00;0;0;62,335.00;103,592,815.00
2023-12-01;MINEROS;1,700.00;1,700.00;1,697.99;1,700.00;25;1,49;68,362.00;116,077,970.00
2023-12-04;MINEROS;1,725.00;1,725.00;1,704.90;1,700.00;25;1,47;721,715.00;1,230,452,175.00
2023-12-05;MINEROS;1,710.00;1,710.00;1,702.45;1,690.00;-15;-0,87;48,393.00;82,386,860.00
2023-12-06;MINEROS;1,700.00;1,715.00;1,704.31;1,700.00;-10;-0,58;47,923.00;81,675,410.00
2023-12-07;MINEROS;1,720.00;1,720.00;1,701.57;1,700.00;20;1,18;334,598.00;569,340,340.00
2023-12-11;MINEROS;1,700.00;1,720.00;1,699.13;1,640.00;-20;-1,16;212,420.00;360,929,495.00
2023-12-12;MINEROS;1,685.00;1,725.00;1,699.24;1,670.00;-15;-0,88;207,848.00;353,183,210.00
2023-12-13;MINEROS;1,715.00;1,715.00;1,700.82;1,690.00;30;1,78;69,680.00;118,512,885.00
2023-12-14;MINEROS;1,720.00;1,720.00;1,716.28;1,720.00;5;0,29;66,427.00;114,007,025.00
2023-12-15;MINEROS;1,725.00;1,725.00;1,690.46;1,670.00;5;0,29;255,724.00;432,290,395.00
2023-12-18;MINEROS;1,730.00;1,730.00;1,731.90;1,730.00;5;0,29;41,269.00;71,473,875.00
2023-12-19;MINEROS;1,750.00;1,750.00;1,735.34;1,750.00;20;1,16;37,049.00;64,292,630.00
2023-12-20;MINEROS;1,765.00;1,765.00;1,752.17;1,735.00;15;0,86;127,837.00;223,992,570.00
2023-12-21;MINEROS;1,710.00;1,755.00;1,722.83;1,710.00;-55;-3,12;145,123.00;250,022,820.00
2023-12-22;MINEROS;1,710.00;1,740.00;1,728.77;1,710.00;0;0;49,913.00;86,287,965.00
2023-12-26;MINEROS;1,740.00;1,740.00;1,737.77;1,730.00;30;1,75;85,732.00;148,982,470.00
2023-12-27;MINEROS;1,820.00;1,820.00;1,792.90;1,755.00;80;4,6;239,752.00;429,850,775.00
2023-12-28;MINEROS;1,835.00;1,835.00;1,826.26;1,820.00;15;0,82;66,596.00;121,621,910.00
2023-01-02;MINEROS;1,889.00;1,889.00;1,850.32;1,800.00;39;2,11;74,705.00;138,227,924.00
2023-01-03;MINEROS;1,900.00;1,900.00;1,896.86;1,894.00;11;0,58;26,049.00;49,411,363.00
2023-01-04;MINEROS;1,949.00;1,950.00;1,937.23;1,930.00;49;2,58;76,390.00;147,985,215.00
2023-01-05;MINEROS;1,900.00;1,900.00;1,897.81;1,900.00;-49;-2,51;49,425.00;93,799,190.00
2023-01-06;MINEROS;2,000.00;2,000.00;1,971.23;1,925.00;100;5,26;43,850.00;86,438,338.00
2023-01-10;MINEROS;2,000.00;;2,004.57;;;;13,750.00;27,562,880.00
2023-01-11;MINEROS;2,080.00;2,100.00;2,078.29;2,050.00;80;4;88,660.00;184,261,314.00
2023-01-12;MINEROS;2,300.00;2,300.00;2,266.58;2,130.00;220;10,58;121,161.00;274,620,859.00
2023-01-13;MINEROS;2,200.00;2,200.00;2,175.68;2,125.00;-100;-4,35;66,793.00;145,320,038.00
2023-01-16;MINEROS;2,200.00;;2,225.77;;;;11,176.00;24,875,243.00
2023-01-17;MINEROS;2,200.00;2,200.00;2,197.94;2,200.00;0;;34,698.00;76,263,957.00
2023-01-18;MINEROS;2,221.00;2,230.00;2,225.17;2,221.00;21;0,95;17,767.00;39,534,531.00
2023-01-19;MINEROS;2,250.00;2,300.00;2,259.63;2,250.00;29;1,31;26,892.00;60,765,836.00
2023-01-20;MINEROS;2,309.00;2,310.00;2,292.59;2,240.00;59;2,62;66,274.00;151,939,402.00
2023-01-23;MINEROS;2,335.00;2,335.00;2,310.65;2,330.00;26;1,13;25,918.00;59,887,545.00
2023-01-24;MINEROS;2,200.00;2,350.00;2,307.18;2,200.00;-135;-5,78;59,050.00;136,239,145.00
2023-01-25;MINEROS;2,200.00;2,200.00;2,230.91;2,200.00;0;;19,598.00;43,721,437.00
2023-01-26;MINEROS;2,295.00;2,295.00;2,283.47;2,295.00;95;4,32;15,066.00;34,402,760.00
2023-01-27;MINEROS;2,250.00;2,250.00;2,195.85;2,131.00;-45;-1,96;62,963.00;138,257,429.00
2023-01-30;MINEROS;2,201.00;2,245.00;2,206.93;2,201.00;-49;-2,18;31,895.00;70,389,966.00
2023-01-31;MINEROS;2,290.00;2,300.00;2,228.37;2,112.00;89;4,04;58,906.00;131,264,608.00
2023-02-01;MINEROS;2,300.00;2,300.00;2,291.42;2,270.00;10;0,44;87,585.00;200,694,226.00
2023-02-02;MINEROS;2,142.00;2,206.00;2,188.09;2,142.00;-158;-6,87;27,769.00;60,760,954.00
2023-02-03;MINEROS;2,150.00;2,250.00;2,167.02;2,137.00;8;0,37;119,764.00;259,530,836.00
2023-02-06;MINEROS;2,140.00;2,140.00;2,101.63;2,070.00;-10;-0,47;139,068.00;292,268,943.00
2023-02-07;MINEROS;1,984.00;2,080.00;2,036.37;1,984.00;-156;-7,29;86,956.00;177,074,951.00
2023-02-08;MINEROS;1,990.00;1,990.00;1,975.51;1,970.00;6;0,3;47,332.00;93,504,821.00
2023-02-09;MINEROS;1,990.00;;1,926.47;;;;11,769.00;22,672,598.00
2023-02-10;MINEROS;1,901.00;1,901.00;1,910.40;1,901.00;-89;-4,47;18,974.00;36,247,914.00
2023-02-13;MINEROS;1,940.00;1,998.00;1,958.90;1,940.00;39;2,05;163,988.00;321,235,442.00
2023-02-14;MINEROS;1,990.00;1,990.00;1,904.01;1,890.00;50;2,58;87,520.00;166,638,945.00
2023-02-15;MINEROS;1,990.00;1,990.00;1,980.60;1,990.00;0;;11,720.00;23,212,589.00
2023-02-16;MINEROS;2,000.00;2,000.00;1,869.65;1,811.00;10;0,5;24,289.00;45,411,854.00
2023-02-17;MINEROS;1,999.00;1,999.00;1,998.31;1,998.00;-1;-0,05;17,611.00;35,192,244.00
2023-02-20;MINEROS;1,870.00;1,870.00;1,862.16;1,855.00;-129;-6,45;49,403.00;91,996,162.00
2023-02-21;MINEROS;1,950.00;1,950.00;1,879.07;1,851.00;80;4,28;91,803.00;172,504,515.00
2023-02-22;MINEROS;1,930.00;1,930.00;1,893.20;1,850.00;-20;-1,03;17,513.00;33,155,542.00
2023-02-23;MINEROS;1,930.00;;1,890.99;;;;4,777.00;9,033,249.00
2023-02-24;MINEROS;1,940.00;1,950.00;1,947.18;1,938.00;10;0,52;150,374.00;292,805,264.00
2023-02-27;MINEROS;1,852.00;1,960.00;1,908.69;1,852.00;-88;-4,54;48,840.00;93,220,386.00
2023-02-28;MINEROS;1,852.00;1,852.00;1,862.60;1,852.00;0;;20,303.00;37,816,324.00
2023-03-01;MINEROS;1,850.00;1,996.00;1,815.48;1,800.00;-2;-0,11;325,354.00;590,673,937.00
2023-03-02;MINEROS;1,993.00;1,993.00;1,925.50;1,993.00;143;7,73;10,791.00;20,778,108.00
2023-03-03;MINEROS;2,120.00;2,189.00;2,099.04;1,989.00;127;6,37;140,192.00;294,268,060.00
2023-03-06;MINEROS;2,120.00;;2,122.33;;;;10,028.00;21,282,700.00
2023-03-07;MINEROS;2,120.00;;2,080.65;;;;9,674.00;20,128,213.00
2023-03-08;MINEROS;2,160.00;2,210.00;2,169.31;2,140.00;40;1,89;245,010.00;531,502,079.00
2023-03-09;MINEROS;2,300.00;2,300.00;2,289.18;2,250.00;140;6,48;253,523.00;580,360,377.00
2023-03-10;MINEROS;2,300.00;2,300.00;2,298.62;2,300.00;0;;50,268.00;115,547,280.00
2023-03-13;MINEROS;2,290.00;2,290.00;2,270.52;2,250.00;-10;-0,43;66,952.00;152,016,116.00
2023-03-14;MINEROS;2,290.00;2,290.00;2,272.99;2,201.00;0;0;41,884.00;95,201,908.00
2023-03-15;MINEROS;2,290.00;;2,220.09;;;;3,955.00;8,780,454.00
2023-03-16;MINEROS;2,250.00;2,250.00;2,216.04;2,151.00;-40;-1,75;16,695.00;36,996,782.00
2023-03-17;MINEROS;2,290.00;2,300.00;2,284.20;2,260.00;40;1,78;136,998.00;312,931,316.00
2023-03-21;MINEROS;2,290.00;2,290.00;2,273.55;2,290.00;0;;24,762.00;56,297,662.00
2023-03-22;MINEROS;2,300.00;2,300.00;2,291.20;2,289.00;10;0,44;51,895.00;118,901,890.00
2023-03-23;MINEROS;2,203.00;2,300.00;2,274.06;2,203.00;-97;-4,22;55,475.00;126,153,377.00
2023-03-24;MINEROS;2,203.00;;2,230.09;;;;7,859.00;17,526,308.00
2023-03-27;MINEROS;2,000.00;2,250.00;2,137.30;2,000.00;-203;-9,21;33,825.00;72,294,313.00
2023-03-28;MINEROS;2,000.00;;2,051.35;;;;8,563.00;17,565,673.00
2023-03-29;MINEROS;2,000.00;2,013.00;2,010.11;2,000.00;0;0;43,330.00;87,098,192.00
2023-03-30;MINEROS;2,002.00;2,002.00;2,026.78;2,000.00;2;0,1;59,356.00;120,301,812.00
2023-03-31;MINEROS;2,002.00;;2,176.46;;;;3,204.00;6,973,381.00
2023-04-03;MINEROS;2,100.00;2,100.00;2,104.69;2,100.00;98;4,9;5,919.00;12,457,650.00
2023-04-04;MINEROS;2,101.00;2,121.00;2,108.69;2,100.00;1;0,05;154,180.00;325,117,510.00
2023-04-05;MINEROS;2,200.00;2,200.00;2,203.01;2,197.00;99;4,71;32,348.00;71,262,828.00
2023-04-10;MINEROS;2,195.00;2,200.00;2,190.66;2,195.00;-5;-0,23;17,223.00;37,729,794.00
2023-04-11;MINEROS;2,200.00;2,220.00;2,202.31;2,200.00;5;0,23;114,839.00;252,910,509.00
2023-04-12;MINEROS;2,199.00;2,200.00;2,198.72;2,199.00;-1;-0,05;48,403.00;106,424,845.00
2023-04-13;MINEROS;2,180.00;2,199.00;2,185.07;2,180.00;-19;-0,86;43,834.00;95,780,141.00
2023-04-14;MINEROS;2,176.00;2,200.00;2,196.09;2,176.00;-4;-0,18;404,226.00;887,714,784.00
2023-04-17;MINEROS;2,195.00;2,195.00;2,193.73;2,195.00;19;0,87;114,970.00;252,213,034.00
2023-04-18;MINEROS;2,102.00;2,194.00;2,137.88;2,102.00;-93;-4,24;66,510.00;142,190,271.00
2023-04-19;MINEROS;2,100.00;2,100.00;2,089.22;2,080.00;-2;-0,1;69,814.00;145,857,092.00
2023-04-20;MINEROS;2,100.00;;2,037.85;;;;9,174.00;18,695,220.00
2023-04-21;MINEROS;2,013.00;2,013.00;2,014.76;2,013.00;-87;-4,14;9,662.00;19,466,625.00
2023-04-24;MINEROS;2,000.00;2,012.00;2,002.02;2,000.00;-13;-0,65;89,457.00;179,094,514.00
2023-04-25;MINEROS;2,000.00;;1,982.09;;;;2,786.00;5,522,109.00
2023-04-26;MINEROS;2,000.00;2,000.00;2,003.75;1,970.00;0;0;27,384.00;54,870,634.00
2023-04-27;MINEROS;2,000.00;2,000.00;1,984.62;1,950.00;0;0;67,210.00;133,386,105.00
2023-04-28;MINEROS;2,000.00;2,030.00;2,003.22;2,000.00;0;0;83,711.00;167,691,197.00
2023-05-02;MINEROS;2,030.00;2,030.00;2,032.67;2,030.00;30;1,5;6,863.00;13,950,185.00
2023-05-03;MINEROS;1,984.00;2,020.00;2,017.09;1,984.00;-46;-2,27;79,947.00;161,260,139.00
2023-05-04;MINEROS;1,999.00;2,078.00;1,926.86;1,900.00;15;0,76;393,705.00;758,613,446.00
2023-05-05;MINEROS;2,090.00;2,090.00;2,046.54;2,000.00;91;4,55;269,756.00;552,066,510.00
2023-05-08;MINEROS;2,150.00;2,200.00;2,172.12;2,150.00;60;2,87;244,763.00;531,654,860.00
2023-05-09;MINEROS;2,151.00;2,240.00;2,195.69;2,151.00;1;0,05;56,667.00;124,423,100.00
2023-05-10;MINEROS;2,151.00;;2,152.08;;;;398.00;856,527.00
2023-05-11;MINEROS;2,151.00;;2,086.87;;;;6,217.00;12,974,056.00
2023-05-12;MINEROS;2,151.00;;2,129.25;;;;1,317.00;2,804,220.00
2023-05-15;MINEROS;2,151.00;;2,016.93;;;;3,446.00;6,950,331.00
2023-05-16;MINEROS;2,148.00;2,148.00;2,049.24;2,001.00;-3;-0,14;14,513.00;29,740,683.00
2023-05-17;MINEROS;2,148.00;;2,009.85;;;;4,616.00;9,277,450.00
2023-05-18;MINEROS;2,117.00;2,117.00;2,055.26;2,008.00;-31;-1,44;14,185.00;29,153,873.00
2023-05-19;MINEROS;2,117.00;;2,065.38;;;;242.00;499,822.00
2023-05-23;MINEROS;2,117.00;;2,032.43;;;;5,935.00;12,062,474.00
2023-05-24;MINEROS;2,031.00;2,031.00;2,031.82;2,031.00;-86;-4,06;11,675.00;23,721,470.00
2023-05-25;MINEROS;2,000.00;2,031.00;2,002.68;1,995.00;-31;-1,53;94,673.00;189,600,165.00
2023-05-26;MINEROS;2,000.00;2,000.00;1,998.56;2,000.00;0;;14,029.00;28,037,776.00
2023-05-29;MINEROS;2,000.00;;2,048.24;;;;1,113.00;2,279,690.00
2023-05-30;MINEROS;2,000.00;2,000.00;2,021.57;2,000.00;0;;17,476.00;35,328,890.00
2023-05-31;MINEROS;1,950.00;1,997.00;1,951.86;1,950.00;-50;-2,5;357,263.00;697,326,089.00
2023-06-01;MINEROS;1,911.00;2,030.00;1,958.27;1,911.00;-39;-2;407,072.00;797,156,750.00
2023-06-02;MINEROS;1,950.00;1,951.00;1,950.42;1,949.00;39;2,04;242,359.00;472,702,979.00
2023-06-05;MINEROS;1,950.00;1,950.00;1,948.09;1,940.00;0;0;37,007.00;72,093,068.00
2023-06-06;MINEROS;1,926.00;1,950.00;1,948.48;1,926.00;-24;-1,23;125,225.00;243,997,796.00
2023-06-07;MINEROS;1,950.00;1,950.00;1,948.71;1,950.00;24;1,25;30,327.00;59,098,534.00
2023-06-08;MINEROS;1,950.00;1,950.00;1,951.43;1,950.00;0;;20,992.00;40,964,412.00
2023-06-09;MINEROS;1,950.00;1,950.00;1,946.52;1,931.00;0;0;237,856.00;462,992,046.00
2023-06-13;MINEROS;1,900.00;1,931.00;1,910.95;1,900.00;-50;-2,56;190,124.00;363,318,253.00
2023-06-14;MINEROS;1,922.00;1,930.00;1,925.58;1,922.00;22;1,16;113,602.00;218,749,259.00
2023-06-15;MINEROS;1,905.00;1,907.00;1,904.06;1,900.00;-17;-0,88;244,272.00;465,109,673.00
2023-06-16;MINEROS;1,905.00;1,905.00;1,905.12;1,905.00;0;;44,113.00;84,040,465.00
2023-06-20;MINEROS;1,905.00;;1,896.37;;;;2,747.00;5,209,340.00
2023-06-21;MINEROS;1,900.00;1,900.00;1,900.44;1,900.00;-5;-0,26;59,869.00;113,777,542.00
2023-06-22;MINEROS;1,900.00;1,900.00;1,899.85;1,900.00;0;;54,849.00;104,204,954.00
2023-06-23;MINEROS;1,900.00;1,900.00;1,899.18;1,895.00;0;0;42,657.00;81,013,204.00
2023-06-26;MINEROS;1,885.00;1,890.00;1,883.58;1,880.00;-15;-0,79;100,326.00;188,971,790.00
2023-06-27;MINEROS;1,889.00;1,890.00;1,879.48;1,863.00;4;0,21;47,181.00;88,675,939.00
2023-06-28;MINEROS;1,850.00;1,851.00;1,850.23;1,850.00;-39;-2,06;430,641.00;796,784,616.00
2023-06-29;MINEROS;1,835.00;1,835.00;1,834.40;1,820.00;-15;-0,81;119,466.00;219,148,119.00
2023-06-30;MINEROS;1,850.00;1,850.00;1,849.02;1,840.00;15;0,82;132,049.00;244,161,257.00
2022-07-01;MINEROS;2,310.00;2,360.00;2,320.83;2,290.00;-50;-2,12;171,762.00;398,629,850.00
2022-07-05;MINEROS;2,480.00;2,480.00;2,391.62;2,319.00;170;7,36;12,135.00;29,022,289.00
2022-07-06;MINEROS;2,400.00;2,400.00;2,390.35;2,364.00;-80;-3,23;116,451.00;278,358,512.00
2022-07-07;MINEROS;2,390.00;2,400.00;2,379.63;2,370.00;-10;-0,42;133,429.00;317,511,265.00
2022-07-08;MINEROS;2,171.00;2,404.00;2,376.44;2,171.00;-219;-9,16;135,549.00;322,123,467.00
2022-07-11;MINEROS;2,370.00;2,370.00;2,310.32;2,225.00;199;9,17;253,189.00;584,947,333.00
2022-07-12;MINEROS;2,340.00;2,375.00;2,352.06;2,335.00;-30;-1,27;105,778.00;248,796,283.00
2022-07-13;MINEROS;2,340.00;2,340.00;2,348.57;2,340.00;0;;26,033.00;61,140,324.00
2022-07-14;MINEROS;2,285.00;2,335.00;2,314.77;2,285.00;-55;-2,35;127,060.00;294,114,425.00
2022-07-15;MINEROS;2,230.00;2,265.00;2,254.55;2,230.00;-55;-2,41;59,826.00;134,880,709.00
2022-07-18;MINEROS;2,200.00;2,210.00;2,203.71;2,195.00;-30;-1,35;151,630.00;334,148,782.00
2022-07-19;MINEROS;2,180.00;2,200.00;2,191.47;2,180.00;-20;-0,91;22,072.00;48,370,040.00
2022-07-21;MINEROS;2,170.00;2,180.00;2,169.92;2,170.00;-10;-0,46;51,283.00;111,279,896.00
2022-07-22;MINEROS;2,125.00;2,145.00;2,136.24;2,125.00;-45;-2,07;62,177.00;132,824,779.00
2022-07-25;MINEROS;2,050.00;2,100.00;2,058.36;2,036.00;-75;-3,53;203,483.00;418,840,800.00
2022-07-26;MINEROS;2,010.00;2,035.00;2,009.65;1,998.00;-40;-1,95;182,805.00;367,374,110.00
2022-07-27;MINEROS;2,149.00;2,149.00;2,051.95;2,000.00;139;6,92;386,119.00;792,297,268.00
2022-07-28;MINEROS;2,230.00;2,230.00;2,161.48;2,114.00;81;3,77;255,699.00;552,689,445.00
2022-07-29;MINEROS;2,200.00;2,230.00;2,211.58;2,200.00;-30;-1,35;51,315.00;113,486,995.00
2022-08-01;MINEROS;2,155.00;2,190.00;2,165.67;2,155.00;-45;-2,05;44,179.00;95,677,286.00
2022-08-02;MINEROS;2,115.00;2,154.00;2,116.83;2,100.00;-40;-1,86;67,923.00;143,781,724.00
2022-08-03;MINEROS;2,060.00;2,120.00;2,070.57;2,060.00;-55;-2,6;94,183.00;195,012,310.00
2022-08-04;MINEROS;2,020.00;2,050.00;2,039.26;2,020.00;-40;-1,94;132,576.00;270,357,505.00
2022-08-05;MINEROS;2,100.00;2,100.00;2,054.96;2,005.00;80;3,96;238,654.00;490,425,423.00
2022-08-08;MINEROS;2,099.00;2,100.00;2,085.55;2,064.00;-1;-0,05;168,453.00;351,317,110.00
2022-08-09;MINEROS;2,064.00;2,074.00;2,068.10;2,064.00;-35;-1,67;43,072.00;89,077,143.00
2022-08-10;MINEROS;2,021.00;2,045.00;2,032.88;2,020.00;-43;-2,08;53,741.00;109,249,188.00
2022-08-11;MINEROS;2,010.00;2,030.00;2,022.79;2,010.00;-11;-0,54;45,256.00;91,543,188.00
2022-08-12;MINEROS;1,960.00;2,010.00;1,990.30;1,960.00;-50;-2,49;214,673.00;427,262,770.00
2022-08-16;MINEROS;1,900.00;1,975.00;1,933.03;1,900.00;-60;-3,06;185,840.00;359,234,672.00
2022-08-17;MINEROS;1,820.00;1,876.00;1,827.23;1,813.00;-80;-4,21;364,287.00;665,635,603.00
2022-08-18;MINEROS;1,925.00;1,955.00;1,927.68;1,900.00;105;5,77;176,288.00;339,827,140.00
2022-08-19;MINEROS;1,915.00;1,925.00;1,910.03;1,850.00;-10;-0,52;79,996.00;152,794,453.00
2022-08-22;MINEROS;1,895.00;1,900.00;1,892.35;1,890.00;-20;-1,04;95,513.00;180,743,810.00
2022-08-23;MINEROS;1,880.00;1,915.00;1,890.13;1,880.00;-15;-0,79;88,302.00;166,902,585.00
2022-08-24;MINEROS;1,885.00;1,885.00;1,882.21;1,880.00;5;0,27;59,302.00;111,618,984.00
2022-08-25;MINEROS;1,885.00;1,885.00;1,873.30;1,850.00;0;0;162,107.00;303,675,060.00
2022-08-26;MINEROS;1,960.00;1,975.00;1,935.98;1,885.00;75;3,98;187,528.00;363,049,793.00
2022-08-29;MINEROS;1,970.00;1,975.00;1,971.82;1,970.00;10;0,51;31,197.00;61,514,920.00
2022-08-30;MINEROS;1,940.00;1,974.00;1,951.75;1,940.00;-30;-1,52;94,618.00;184,670,470.00
2022-08-31;MINEROS;2,080.00;2,080.00;1,986.51;1,880.00;140;7,22;146,669.00;291,359,290.00
2022-09-01;MINEROS;1,948.00;1,950.00;1,941.63;1,925.00;-132;-6,35;65,514.00;127,203,807.00
2022-09-02;MINEROS;1,970.00;1,970.00;1,958.21;1,925.00;22;1,13;94,138.00;184,342,246.00
2022-09-05;MINEROS;1,945.00;1,950.00;1,947.80;1,940.00;-25;-1,27;46,235.00;90,056,714.00
2022-09-06;MINEROS;1,955.00;1,955.00;1,947.28;1,935.00;10;0,51;30,470.00;59,333,614.00
2022-09-07;MINEROS;1,930.00;1,930.00;1,927.05;1,930.00;-25;-1,28;34,315.00;66,126,815.00
2022-09-08;MINEROS;1,920.00;1,930.00;1,925.57;1,920.00;-10;-0,52;32,337.00;62,267,100.00
2022-09-09;MINEROS;1,920.00;1,920.00;1,912.40;1,896.00;0;0;14,866.00;28,429,682.00
2022-09-12;MINEROS;1,920.00;;1,916.07;;;;1,186.00;2,272,456.00
2022-09-13;MINEROS;1,920.00;;1,915.69;;;;6,099.00;11,683,785.00
2022-09-14;MINEROS;1,910.00;1,910.00;1,910.68;1,910.00;-10;-0,52;15,570.00;29,749,338.00
2022-09-15;MINEROS;1,885.00;1,915.00;1,903.29;1,885.00;-25;-1,31;91,551.00;174,248,539.00
2022-09-16;MINEROS;1,890.00;1,890.00;1,890.10;1,890.00;5;0,27;32,676.00;61,760,971.00
2022-09-19;MINEROS;1,877.00;1,890.00;1,879.07;1,870.00;-13;-0,69;55,462.00;104,216,806.00
2022-09-20;MINEROS;1,850.00;1,877.00;1,860.73;1,850.00;-27;-1,44;28,248.00;52,561,939.00
2022-09-21;MINEROS;1,878.00;1,878.00;1,875.35;1,878.00;28;1,51;25,785.00;48,355,828.00
2022-09-22;MINEROS;1,878.00;;1,859.42;;;;12,567.00;23,367,354.00
2022-09-23;MINEROS;1,850.00;1,850.00;1,851.94;1,850.00;-28;-1,49;16,364.00;30,305,103.00
2022-09-26;MINEROS;1,845.00;1,855.00;1,850.78;1,845.00;-5;-0,27;90,165.00;166,875,165.00
2022-09-27;MINEROS;1,845.00;1,845.00;1,845.15;1,845.00;0;;47,668.00;87,954,390.00
2022-09-28;MINEROS;1,845.00;1,845.00;1,830.24;1,825.00;0;0;54,245.00;99,281,270.00
2022-09-29;MINEROS;1,795.00;1,825.00;1,802.26;1,785.00;-50;-2,71;197,910.00;356,686,040.00
2022-09-30;MINEROS;1,795.00;;1,786.05;;;;5,265.00;9,403,561.00
2022-10-03;MINEROS;1,775.00;1,795.00;1,783.66;1,770.00;-20;-1,11;37,463.00;66,821,298.00
2022-10-04;MINEROS;1,825.00;1,825.00;1,802.24;1,775.00;50;2,82;70,868.00;127,720,835.00
2022-10-05;MINEROS;1,820.00;1,820.00;1,816.59;1,805.00;-5;-0,27;31,688.00;57,564,243.00
2022-10-06;MINEROS;1,819.00;1,820.00;1,809.49;1,800.00;-1;-0,05;39,527.00;71,523,659.00
2022-10-07;MINEROS;1,800.00;1,805.00;1,801.32;1,800.00;-19;-1,04;44,109.00;79,454,215.00
2022-10-10;MINEROS;1,815.00;1,815.00;1,805.30;1,790.00;15;0,83;32,606.00;58,863,745.00
2022-10-11;MINEROS;1,815.00;1,815.00;1,806.61;1,815.00;0;;15,989.00;28,885,830.00
2022-10-12;MINEROS;1,810.00;1,820.00;1,801.72;1,785.00;-5;-0,28;67,032.00;120,772,665.00
2022-10-13;MINEROS;1,810.00;;1,784.59;;;;12,094.00;21,582,825.00
2022-10-14;MINEROS;1,775.00;1,790.00;1,779.91;1,775.00;-35;-1,93;63,876.00;113,693,250.00
2022-10-18;MINEROS;1,725.00;1,750.00;1,743.30;1,725.00;-50;-2,82;46,815.00;81,612,451.00
2022-10-19;MINEROS;1,750.00;1,750.00;1,746.76;1,750.00;25;1,45;54,677.00;95,507,760.00
2022-10-20;MINEROS;1,730.00;1,755.00;1,745.36;1,730.00;-20;-1,14;103,715.00;181,019,700.00
2022-10-21;MINEROS;1,725.00;1,725.00;1,724.33;1,720.00;-5;-0,29;29,813.00;51,407,410.00
2022-10-24;MINEROS;1,693.00;1,720.00;1,708.56;1,693.00;-32;-1,86;55,814.00;95,361,342.00
2022-10-25;MINEROS;1,690.00;1,690.00;1,679.82;1,665.00;-3;-0,18;115,909.00;194,706,713.00
2022-10-26;MINEROS;1,680.00;1,700.00;1,686.36;1,670.00;-10;-0,59;107,708.00;181,634,406.00
2022-10-27;MINEROS;1,660.00;1,665.00;1,663.14;1,660.00;-20;-1,19;37,408.00;62,214,685.00
2022-10-28;MINEROS;1,667.00;1,667.00;1,665.77;1,667.00;7;0,42;32,432.00;54,024,234.00
2022-10-31;MINEROS;1,680.00;1,685.00;1,674.99;1,667.00;13;0,78;116,579.00;195,268,955.00
2022-11-01;MINEROS;1,670.00;1,675.00;1,668.50;1,660.00;-10;-0,6;231,325.00;385,964,673.00
2022-11-02;MINEROS;1,669.00;1,670.00;1,670.85;1,665.00;-1;-0,06;45,622.00;76,227,385.00
2022-11-03;MINEROS;1,640.00;1,655.00;1,646.85;1,640.00;-29;-1,74;58,981.00;97,133,027.00
2022-11-04;MINEROS;1,715.00;1,715.00;1,669.42;1,650.00;75;4,57;296,035.00;494,205,650.00
2022-11-08;MINEROS;1,695.00;1,700.00;1,695.42;1,695.00;-20;-1,17;52,221.00;88,536,490.00
2022-11-09;MINEROS;1,695.00;;1,699.31;;;;4,393.00;7,465,062.00
2022-11-10;MINEROS;1,710.00;1,715.00;1,702.54;1,691.00;15;0,88;81,482.00;138,726,552.00
2022-11-11;MINEROS;1,720.00;1,720.00;1,691.10;1,650.00;10;0,58;116,327.00;196,721,039.00
2022-11-15;MINEROS;1,750.00;1,750.00;1,737.45;1,675.00;30;1,74;114,540.00;199,007,503.00
2022-11-16;MINEROS;1,750.00;1,800.00;1,783.47;1,750.00;0;0;45,957.00;81,962,935.00
2022-11-17;MINEROS;1,758.00;1,758.00;1,765.90;1,750.00;8;0,46;29,621.00;52,307,788.00
2022-11-18;MINEROS;1,758.00;;1,768.85;;;;4,600.00;8,136,700.00
2022-11-21;MINEROS;1,800.00;1,800.00;1,790.68;1,766.00;42;2,39;50,412.00;90,271,734.00
2022-11-22;MINEROS;1,761.00;1,761.00;1,771.42;1,761.00;-39;-2,17;13,181.00;23,349,061.00
2022-11-23;MINEROS;1,800.00;1,800.00;1,818.35;1,800.00;39;2,21;14,102.00;25,642,355.00
2022-11-24;MINEROS;1,970.00;1,970.00;1,815.13;1,776.00;170;9,44;54,722.00;99,327,633.00
2022-11-25;MINEROS;1,950.00;1,950.00;1,949.86;1,949.00;-20;-1,02;13,473.00;26,270,476.00
2022-11-28;MINEROS;1,800.00;1,821.00;1,812.63;1,800.00;-150;-7,69;54,363.00;98,539,935.00
2022-11-29;MINEROS;1,900.00;1,900.00;1,817.43;1,760.00;100;5,56;208,397.00;378,746,117.00
2022-11-30;MINEROS;1,710.00;1,731.00;1,717.71;1,710.00;-190;-10;544,430.00;935,171,564.00
2022-12-01;MINEROS;1,723.00;1,760.00;1,723.63;1,721.00;13;0,76;242,604.00;418,159,442.00
2022-12-02;MINEROS;1,838.00;1,838.00;1,805.06;1,838.00;115;6,67;15,814.00;28,545,160.00
2022-12-05;MINEROS;1,800.00;1,800.00;1,795.33;1,800.00;-38;-2,07;13,312.00;23,899,443.00
2022-12-06;MINEROS;1,800.00;1,800.00;1,799.86;1,800.00;0;;38,195.00;68,745,723.00
2022-12-07;MINEROS;1,838.00;1,838.00;1,837.53;1,838.00;38;2,11;72,625.00;133,450,748.00
2022-12-09;MINEROS;1,800.00;1,800.00;1,781.73;1,735.00;-38;-2,07;56,674.00;100,977,797.00
2022-12-12;MINEROS;1,800.00;;1,823.32;;;;4,680.00;8,533,120.00
2022-12-13;MINEROS;1,850.00;1,850.00;1,844.86;1,845.00;50;2,78;52,311.00;96,506,414.00
2022-12-14;MINEROS;1,800.00;1,801.00;1,801.76;1,800.00;-50;-2,7;41,834.00;75,374,727.00
2022-12-15;MINEROS;1,740.00;1,800.00;1,769.95;1,740.00;-60;-3,33;23,252.00;41,154,983.00
2022-12-16;MINEROS;1,800.00;1,800.00;1,783.76;1,755.00;60;3,45;60,923.00;108,671,870.00
2022-12-19;MINEROS;1,700.00;1,800.00;1,735.17;1,700.00;-100;-5,56;44,832.00;77,791,138.00
2022-12-20;MINEROS;1,751.00;1,760.00;1,775.68;1,751.00;51;3;26,567.00;47,174,439.00
2022-12-21;MINEROS;1,800.00;1,800.00;1,778.18;1,751.00;49;2,8;87,268.00;155,177,874.00
2022-12-22;MINEROS;1,800.00;1,800.00;1,802.41;1,800.00;0;;15,805.00;28,487,120.00
2022-12-23;MINEROS;1,760.00;1,760.00;1,751.05;1,735.00;-40;-2,22;37,518.00;65,695,850.00
2022-12-26;MINEROS;1,820.00;1,820.00;1,819.96;1,820.00;60;3,41;30,481.00;55,474,060.00
2022-12-27;MINEROS;1,820.00;1,820.00;1,807.79;1,800.00;0;0;18,365.00;33,200,093.00
2022-12-28;MINEROS;1,820.00;1,820.00;1,821.74;1,820.00;0;;7,140.00;13,007,190.00
2022-12-29;MINEROS;1,850.00;1,850.00;1,845.81;1,840.00;30;1,65;40,824.00;75,353,520.00
2022-01-03;MINEROS;3,660.00;3,660.00;3,659.77;3,660.00;25;0,69;15,466.00;56,601,958.00
2022-01-04;MINEROS;3,699.00;3,699.00;3,685.28;3,660.00;39;1,07;14,551.00;53,624,439.00
2022-01-05;MINEROS;3,665.00;3,695.00;3,680.61;3,665.00;-34;-0,92;38,086.00;140,179,551.00
2022-01-06;MINEROS;3,565.00;3,660.00;3,602.03;3,551.00;-100;-2,73;79,146.00;285,086,432.00
2022-01-07;MINEROS;3,570.00;3,600.00;3,587.94;3,570.00;5;0,14;24,619.00;88,331,558.00
2022-01-11;MINEROS;3,600.00;3,600.00;3,587.17;3,575.00;30;0,84;24,656.00;88,445,151.00
2022-01-12;MINEROS;3,600.00;3,625.00;3,609.94;3,600.00;0;0;59,201.00;213,711,886.00
2022-01-13;MINEROS;3,605.00;3,630.00;3,609.60;3,605.00;5;0,14;142,790.00;515,415,016.00
2022-01-14;MINEROS;3,605.00;3,608.00;3,602.74;3,586.00;0;0;111,014.00;399,954,112.00
2022-01-17;MINEROS;3,700.00;3,700.00;3,668.05;3,585.00;95;2,64;204,850.00;751,400,731.00
2022-01-18;MINEROS;3,798.00;3,798.00;3,761.59;3,650.00;98;2,65;490,732.00;1,845,934,218.00
2022-01-19;MINEROS;3,860.00;3,860.00;3,814.18;3,730.00;62;1,63;380,428.00;1,451,021,434.00
2022-01-20;MINEROS;3,850.00;3,860.00;3,841.03;3,810.00;-10;-0,26;290,039.00;1,114,049,466.00
2022-01-21;MINEROS;3,790.00;3,790.00;3,767.54;3,750.00;-60;-1,56;117,639.00;443,209,720.00
2022-01-24;MINEROS;3,785.00;3,790.00;3,774.61;3,760.00;-5;-0,13;41,469.00;156,529,441.00
2022-01-25;MINEROS;3,790.00;3,791.00;3,780.54;3,765.00;5;0,13;52,978.00;200,285,355.00
2022-01-26;MINEROS;3,775.00;3,780.00;3,749.77;3,740.00;-15;-0,4;243,389.00;912,651,959.00
2022-01-27;MINEROS;3,790.00;3,790.00;3,775.09;3,750.00;15;0,4;65,503.00;247,279,438.00
2022-01-28;MINEROS;3,760.00;3,780.00;3,745.87;3,701.00;-30;-0,79;146,252.00;547,841,514.00
2022-01-31;MINEROS;3,750.00;3,760.00;3,755.53;3,750.00;-10;-0,27;23,483.00;88,191,213.00
2022-02-01;MINEROS;3,725.00;3,780.00;3,746.70;3,720.00;-25;-0,67;103,002.00;385,917,141.00
2022-02-02;MINEROS;3,675.00;3,725.00;3,690.98;3,675.00;-50;-1,34;84,851.00;313,183,581.00
2022-02-03;MINEROS;3,727.00;3,750.00;3,734.35;3,723.00;52;1,41;80,461.00;300,469,411.00
2022-02-04;MINEROS;3,700.00;3,724.00;3,708.11;3,700.00;-27;-0,72;61,113.00;226,613,805.00
2022-02-07;MINEROS;3,709.00;3,709.00;3,698.31;3,690.00;9;0,24;35,117.00;129,873,427.00
2022-02-08;MINEROS;3,680.00;3,720.00;3,692.05;3,680.00;-29;-0,78;99,225.00;366,343,264.00
2022-02-09;MINEROS;3,610.00;3,690.00;3,630.99;3,600.00;-70;-1,9;338,837.00;1,230,313,810.00
2022-02-10;MINEROS;3,540.00;3,612.00;3,562.51;3,535.00;-70;-1,94;232,086.00;826,808,630.00
2022-02-11;MINEROS;3,570.00;3,600.00;3,533.73;3,460.00;30;0,85;417,689.00;1,476,001,139.00
2022-02-14;MINEROS;3,500.00;3,600.00;3,551.25;3,480.00;-70;-1,96;465,945.00;1,654,688,726.00
2022-02-15;MINEROS;3,500.00;3,530.00;3,503.65;3,500.00;0;0;211,952.00;742,605,833.00
2022-02-16;MINEROS;3,520.00;3,520.00;3,506.29;3,500.00;20;0,57;197,400.00;692,141,561.00
2022-02-17;MINEROS;3,500.00;3,525.00;3,509.11;3,500.00;-20;-0,57;122,269.00;429,055,197.00
2022-02-18;MINEROS;3,550.00;3,550.00;3,511.07;3,500.00;50;1,43;500,674.00;1,757,902,280.00
2022-02-21;MINEROS;3,581.00;3,581.00;3,547.63;3,510.00;31;0,87;152,994.00;542,766,519.00
2022-02-22;MINEROS;3,561.00;3,605.00;3,571.78;3,550.00;-20;-0,56;75,680.00;270,312,405.00
2022-02-23;MINEROS;3,615.00;3,615.00;3,574.39;3,560.00;54;1,52;368,627.00;1,317,616,227.00
2022-02-24;MINEROS;3,620.00;3,689.00;3,601.63;3,550.00;5;0,14;198,934.00;716,486,981.00
2022-02-25;MINEROS;3,650.00;3,650.00;3,607.00;3,600.00;30;0,83;71,343.00;257,334,326.00
2022-02-28;MINEROS;3,620.00;3,620.00;3,618.68;3,575.00;-30;-0,82;1,412,241.00;5,110,450,806.00
2022-03-01;MINEROS;3,580.00;3,615.00;3,595.54;3,580.00;-40;-1,1;97,407.00;350,230,392.00
2022-03-02;MINEROS;3,520.00;3,571.00;3,513.68;3,498.00;-60;-1,68;203,240.00;714,120,258.00
2022-03-03;MINEROS;3,520.00;3,658.00;3,548.04;3,515.00;0;0;301,170.00;1,068,563,730.00
2022-03-04;MINEROS;3,519.00;3,525.00;3,514.03;3,500.00;-1;-0,03;237,570.00;834,828,526.00
2022-03-07;MINEROS;3,500.00;3,520.00;3,504.94;3,499.00;-19;-0,54;498,962.00;1,748,832,329.00
2022-03-08;MINEROS;3,517.00;3,539.00;3,522.85;3,516.00;17;0,49;227,130.00;800,144,065.00
2022-03-09;MINEROS;3,495.00;3,500.00;3,498.63;3,495.00;-22;-0,63;206,383.00;722,057,982.00
2022-03-10;MINEROS;3,474.00;3,480.00;3,471.58;3,461.00;-21;-0,6;149,392.00;518,626,114.00
2022-03-11;MINEROS;3,430.00;3,465.00;3,446.41;3,410.00;-44;-1,27;164,464.00;566,810,275.00
2022-03-14;MINEROS;3,412.00;3,510.00;3,395.89;3,360.00;-18;-0,52;146,164.00;496,356,515.00
2022-03-15;MINEROS;3,365.00;3,390.00;3,379.64;3,365.00;-47;-1,38;117,833.00;398,232,895.00
2022-03-16;MINEROS;3,365.00;3,375.00;3,371.11;3,365.00;0;0;29,996.00;101,119,852.00
2022-03-17;MINEROS;3,382.00;3,385.00;3,376.09;3,361.00;17;0,51;63,594.00;214,699,297.00
2022-03-18;MINEROS;3,375.00;3,390.00;3,366.63;3,355.00;-7;-0,21;33,055.00;111,283,929.00
2022-03-22;MINEROS;3,373.00;3,404.00;3,371.56;3,355.00;-2;-0,06;144,082.00;485,781,546.00
2022-03-23;MINEROS;3,390.00;3,390.00;3,377.01;3,373.00;17;0,5;19,907.00;67,226,184.00
2022-03-24;MINEROS;3,390.00;3,390.00;3,382.83;3,371.00;0;0;87,043.00;294,451,441.00
2022-03-25;MINEROS;3,400.00;3,400.00;3,396.59;3,390.00;10;0,29;56,621.00;192,318,511.00
2022-03-28;MINEROS;3,390.00;3,400.00;3,397.26;3,386.00;-10;-0,29;39,821.00;135,282,397.00
2022-03-29;MINEROS;3,410.00;3,415.00;3,408.87;3,400.00;20;0,59;31,796.00;108,388,390.00
2022-03-30;MINEROS;3,410.00;3,420.00;3,413.42;3,400.00;0;0;140,439.00;479,376,869.00
2022-03-31;MINEROS;3,442.00;3,442.00;3,437.91;3,426.00;32;0,94;60,840.00;209,162,301.00
2022-04-01;MINEROS;3,442.00;;3,456.16;;;;6,414.00;22,167,779.00
2022-04-04;MINEROS;3,420.00;3,442.00;3,427.01;3,420.00;-22;-0,64;41,151.00;141,025,013.00
2022-04-05;MINEROS;3,423.00;3,423.00;3,406.82;3,390.00;3;0,09;89,049.00;303,373,987.00
2022-04-06;MINEROS;3,351.00;3,420.00;3,376.81;3,351.00;-72;-2,1;144,562.00;488,157,821.00
2022-04-07;MINEROS;3,410.00;3,420.00;3,392.35;3,351.00;59;1,76;110,336.00;374,298,644.00
2022-04-08;MINEROS;3,395.00;3,425.00;3,406.17;3,390.00;-15;-0,44;103,450.00;352,367,806.00
2022-04-11;MINEROS;3,370.00;3,395.00;3,385.10;3,365.00;-25;-0,74;138,247.00;467,979,275.00
2022-04-12;MINEROS;3,345.00;3,372.00;3,352.57;3,340.00;-25;-0,74;175,039.00;586,831,276.00
2022-04-13;MINEROS;3,340.00;3,348.00;3,344.48;3,340.00;-5;-0,15;40,142.00;134,253,955.00
2022-04-18;MINEROS;3,369.00;3,369.00;3,318.79;3,309.00;29;0,87;89,546.00;297,184,183.00
2022-04-19;MINEROS;3,350.00;3,350.00;3,347.13;3,345.00;-19;-0,56;36,405.00;121,852,406.00
2022-04-20;MINEROS;3,355.00;3,355.00;3,346.43;3,345.00;5;0,15;270,432.00;904,981,729.00
2022-04-21;MINEROS;3,340.00;3,360.00;3,350.67;3,340.00;-15;-0,45;179,724.00;602,196,212.00
2022-04-22;MINEROS;3,364.00;3,364.00;3,336.96;3,300.00;24;0,72;288,247.00;961,868,648.00
2022-04-25;MINEROS;3,325.00;3,340.00;3,330.67;3,325.00;-39;-1,16;45,184.00;150,493,017.00
2022-04-26;MINEROS;3,250.00;3,325.00;3,281.92;3,230.00;-75;-2,26;202,557.00;664,775,945.00
2022-04-27;MINEROS;3,235.00;3,314.00;3,247.20;3,225.00;-15;-0,46;80,131.00;260,201,369.00
2022-04-28;MINEROS;3,215.00;3,235.00;3,222.45;3,210.00;-20;-0,62;90,544.00;291,773,632.00
2022-04-29;MINEROS;3,245.00;3,250.00;3,240.12;3,245.00;30;0,93;31,203.00;101,101,331.00
2022-05-02;MINEROS;3,120.00;3,250.00;3,179.30;3,120.00;-125;-3,85;206,165.00;655,459,421.00
2022-05-03;MINEROS;3,000.00;3,154.00;3,074.43;3,000.00;-120;-3,85;452,164.00;1,390,145,580.00
2022-05-04;MINEROS;3,102.00;3,102.00;3,056.08;3,024.00;102;3,4;208,696.00;637,791,412.00
2022-05-05;MINEROS;3,075.00;3,102.00;3,099.24;3,075.00;-27;-0,87;207,880.00;644,270,689.00
2022-05-06;MINEROS;3,035.00;3,075.00;3,062.04;3,035.00;-40;-1,3;165,014.00;505,279,880.00
2022-05-09;MINEROS;3,035.00;3,035.00;2,996.48;2,970.00;0;0;221,434.00;663,523,520.00
2022-05-10;MINEROS;2,980.00;3,030.00;2,996.25;2,950.00;-55;-1,81;61,966.00;185,665,791.00
2022-05-11;MINEROS;2,920.00;2,965.00;2,946.07;2,920.00;-60;-2,01;89,514.00;263,714,328.00
2022-05-12;MINEROS;2,920.00;2,930.00;2,923.16;2,918.00;0;0;43,396.00;126,853,485.00
2022-05-13;MINEROS;2,854.00;2,930.00;2,889.28;2,854.00;-66;-2,26;62,716.00;181,204,378.00
2022-05-16;MINEROS;2,880.00;2,890.00;2,851.67;2,829.00;26;0,91;163,541.00;466,364,396.00
2022-05-17;MINEROS;2,800.00;2,900.00;2,857.64;2,800.00;-80;-2,78;211,812.00;605,282,924.00
2022-05-18;MINEROS;2,745.00;2,807.00;2,786.06;2,745.00;-55;-1,96;130,479.00;363,522,725.00
2022-05-19;MINEROS;2,667.00;2,725.00;2,707.00;2,667.00;-78;-2,84;221,764.00;600,315,926.00
2022-05-20;MINEROS;2,680.00;2,700.00;2,684.66;2,672.00;13;0,49;46,156.00;123,913,346.00
2022-05-23;MINEROS;2,695.00;2,700.00;2,692.96;2,679.00;15;0,56;53,396.00;143,793,073.00
2022-05-24;MINEROS;2,715.00;2,715.00;2,710.93;2,715.00;20;0,74;16,934.00;45,906,821.00
2022-05-25;MINEROS;2,690.00;2,700.00;2,697.45;2,690.00;-25;-0,92;26,417.00;71,258,415.00
2022-05-26;MINEROS;2,710.00;2,710.00;2,700.71;2,680.00;20;0,74;98,355.00;265,628,415.00
2022-05-27;MINEROS;2,681.00;2,681.00;2,671.87;2,640.00;-29;-1,07;95,504.00;255,174,196.00
2022-05-31;MINEROS;2,903.00;2,903.00;2,848.18;2,750.00;222;8,28;709,162.00;2,019,824,333.00
2022-06-01;MINEROS;2,938.00;2,938.00;2,912.94;2,900.00;35;1,21;104,667.00;304,888,957.00
2022-06-02;MINEROS;3,149.00;3,149.00;3,018.54;2,950.00;211;7,18;1,491,228.00;4,501,331,104.00
2022-06-03;MINEROS;3,139.00;3,145.00;3,112.17;3,080.00;-10;-0,32;1,089,502.00;3,390,718,077.00
2022-06-06;MINEROS;3,105.00;3,125.00;3,106.28;3,095.00;-34;-1,08;129,345.00;401,782,125.00
2022-06-07;MINEROS;3,045.00;3,105.00;3,079.28;3,045.00;-60;-1,93;70,650.00;217,551,177.00
2022-06-08;MINEROS;3,040.00;3,040.00;3,018.52;3,010.00;-5;-0,16;66,308.00;200,151,900.00
2022-06-09;MINEROS;2,945.00;3,030.00;3,009.25;2,945.00;-95;-3,12;179,853.00;541,223,058.00
2022-06-10;MINEROS;2,930.00;2,980.00;2,916.10;2,870.00;-15;-0,51;255,366.00;744,673,768.00
2022-06-13;MINEROS;2,885.00;2,920.00;2,905.49;2,885.00;-45;-1,54;45,156.00;131,200,165.00
2022-06-14;MINEROS;2,850.00;2,870.00;2,858.24;2,850.00;-35;-1,21;140,580.00;401,811,935.00
2022-06-15;MINEROS;2,790.00;2,825.00;2,807.24;2,790.00;-60;-2,11;83,841.00;235,362,189.00
2022-06-16;MINEROS;2,815.00;2,815.00;2,801.35;2,790.00;25;0,9;58,606.00;164,175,852.00
2022-06-17;MINEROS;2,805.00;2,805.00;2,800.93;2,770.00;-10;-0,36;34,676.00;97,124,945.00
2022-06-21;MINEROS;2,600.00;2,601.00;2,597.43;2,586.00;-205;-7,31;322,199.00;836,889,486.00
2022-06-22;MINEROS;2,490.00;2,600.00;2,551.54;2,490.00;-110;-4,23;260,732.00;665,267,837.00
2022-06-23;MINEROS;2,380.00;2,480.00;2,422.85;2,375.00;-110;-4,42;178,028.00;431,335,702.00
2022-06-24;MINEROS;2,410.00;2,415.00;2,407.23;2,380.00;30;1,26;89,305.00;214,977,555.00
2022-06-28;MINEROS;2,415.00;2,520.00;2,431.63;2,415.00;5;0,21;125,498.00;305,164,455.00
2022-06-29;MINEROS;2,360.00;2,400.00;2,379.35;2,360.00;-55;-2,28;96,989.00;230,770,765.00
2022-06-30;MINEROS;2,360.00;2,362.00;2,361.69;2,360.00;0;0;28,740.00;67,875,092.00
2021-07-01;MINEROS;4,024.00;4,024.00;4,004.74;3,999.00;-5;-0,12;34,649.00;138,760,250.00
2021-07-02;MINEROS;4,024.00;4,024.00;4,007.96;3,999.00;0;0;40,355.00;161,741,162.00
2021-07-06;MINEROS;4,050.00;4,050.00;4,029.75;4,021.00;26;0,65;21,432.00;86,365,540.00
2021-07-07;MINEROS;4,028.00;4,028.00;4,016.81;4,004.00;-22;-0,54;19,567.00;78,596,937.00
2021-07-08;MINEROS;4,005.00;4,005.00;3,999.88;3,990.00;-23;-0,57;70,967.00;283,859,168.00
2021-07-09;MINEROS;4,015.00;4,015.00;4,003.47;4,000.00;10;0,25;36,705.00;146,947,445.00
2021-07-12;MINEROS;4,015.00;4,015.00;4,014.26;4,014.00;0;0;17,791.00;71,417,715.00
2021-07-13;MINEROS;3,998.00;4,035.00;4,008.79;3,989.00;-17;-0,42;45,640.00;182,961,355.00
2021-07-14;MINEROS;4,020.00;4,020.00;4,004.23;4,000.00;22;0,55;28,461.00;113,964,360.00
2021-07-15;MINEROS;4,025.00;4,025.00;3,964.73;3,930.00;5;0,12;217,563.00;862,579,150.00
2021-07-16;MINEROS;4,019.00;4,022.00;4,006.21;3,997.00;-6;-0,15;12,770.00;51,159,298.00
2021-07-19;MINEROS;3,900.00;3,990.00;3,952.59;3,900.00;-119;-2,96;76,019.00;300,472,015.00
2021-07-21;MINEROS;3,999.00;3,999.00;3,912.88;3,890.00;99;2,54;17,664.00;69,117,025.00
2021-07-22;MINEROS;3,872.00;3,872.00;3,872.62;3,872.00;-127;-3,18;7,762.00;30,059,247.00
2021-07-23;MINEROS;3,848.00;3,858.00;3,849.77;3,843.00;-24;-0,62;84,849.00;326,648,974.00
2021-07-26;MINEROS;3,848.00;3,848.00;3,830.18;3,813.00;0;0;56,574.00;216,688,742.00
2021-07-27;MINEROS;3,798.00;3,820.00;3,782.30;3,764.00;-50;-1,3;75,514.00;285,616,775.00
2021-07-28;MINEROS;3,730.00;3,772.00;3,724.53;3,700.00;-68;-1,79;159,726.00;594,903,924.00
2021-07-29;MINEROS;3,705.00;3,800.00;3,710.50;3,705.00;-25;-0,67;89,731.00;332,947,213.00
2021-07-30;MINEROS;3,695.00;3,715.00;3,703.65;3,695.00;-10;-0,27;53,615.00;198,570,946.00
2021-08-02;MINEROS;3,704.00;3,704.00;3,686.54;3,678.00;9;0,24;83,502.00;307,833,055.00
2021-08-03;MINEROS;3,709.00;3,709.00;3,714.27;3,705.00;5;0,13;10,963.00;40,719,515.00
2021-08-04;MINEROS;3,775.00;3,800.00;3,771.57;3,720.00;66;1,78;147,172.00;555,069,271.00
2021-08-05;MINEROS;3,755.00;3,800.00;3,780.01;3,755.00;-20;-0,53;49,196.00;185,961,190.00
2021-08-06;MINEROS;3,740.00;3,740.00;3,701.46;3,660.00;-15;-0,4;79,882.00;295,680,045.00
2021-08-09;MINEROS;3,740.00;3,740.00;3,692.16;3,685.00;0;0;22,301.00;82,338,866.00
2021-08-10;MINEROS;3,740.00;0.00;3,714.27;0.00;0;0;3,461.00;12,855,094.00
2021-08-11;MINEROS;3,730.00;3,730.00;3,713.58;3,715.00;-10;-0,27;23,234.00;86,281,340.00
2021-08-12;MINEROS;3,739.00;3,740.00;3,729.07;3,730.00;9;0,24;95,097.00;354,623,164.00
2021-08-13;MINEROS;3,739.00;3,739.00;3,736.86;3,739.00;0;0;5,590.00;20,889,059.00
2021-08-17;MINEROS;3,715.00;3,730.00;3,721.45;3,715.00;-24;-0,64;49,297.00;183,456,274.00
2021-08-18;MINEROS;3,760.00;3,760.00;3,718.04;3,705.00;45;1,21;229,453.00;853,114,578.00
2021-08-19;MINEROS;3,840.00;3,843.00;3,808.40;3,740.00;80;2,13;140,473.00;534,977,852.00
2021-08-20;MINEROS;3,845.00;3,845.00;3,843.40;3,845.00;5;0,13;22,169.00;85,204,430.00
2021-08-23;MINEROS;3,850.00;3,860.00;3,842.38;3,830.00;5;0,13;64,141.00;246,454,370.00
2021-08-24;MINEROS;3,765.00;3,840.00;3,786.81;3,765.00;-85;-2,21;91,715.00;347,307,261.00
2021-08-25;MINEROS;3,690.00;3,761.00;3,712.99;3,682.00;-75;-1,99;132,212.00;490,901,428.00
2021-08-26;MINEROS;3,696.00;3,720.00;3,680.75;3,615.00;6;0,16;302,602.00;1,113,803,378.00
2021-08-27;MINEROS;3,725.00;3,725.00;3,706.43;3,685.00;29;0,78;134,180.00;497,328,654.00
2021-08-30;MINEROS;3,739.00;3,739.00;3,725.98;3,718.00;14;0,38;115,391.00;429,944,450.00
2021-08-31;MINEROS;3,745.00;3,745.00;3,743.34;3,739.00;6;0,16;119,859.00;448,672,729.00
2021-09-01;MINEROS;3,730.00;3,750.00;3,732.50;3,722.00;-15;-0,4;133,074.00;496,698,278.00
2021-09-02;MINEROS;3,730.00;3,741.00;3,732.94;3,725.00;0;0;32,951.00;123,004,075.00
2021-09-03;MINEROS;3,765.00;3,765.00;3,754.69;3,745.00;35;0,94;46,602.00;174,976,078.00
2021-09-06;MINEROS;3,775.00;3,780.00;3,777.18;3,775.00;10;0,27;21,807.00;82,368,874.00
2021-09-07;MINEROS;3,755.00;3,780.00;3,773.60;3,755.00;-20;-0,53;16,718.00;63,086,985.00
2021-09-08;MINEROS;3,770.00;3,770.00;3,767.97;3,765.00;15;0,4;9,730.00;36,662,300.00
2021-09-09;MINEROS;3,765.00;3,765.00;3,764.77;3,765.00;-5;-0,13;11,425.00;43,012,527.00
2021-09-10;MINEROS;3,725.00;3,740.00;3,730.00;3,725.00;-40;-1,06;33,050.00;123,276,430.00
2021-09-13;MINEROS;3,670.00;3,735.00;3,703.17;3,670.00;-55;-1,48;88,424.00;327,449,358.00
2021-09-14;MINEROS;3,690.00;3,690.00;3,680.87;3,675.00;20;0,54;23,416.00;86,191,177.00
2021-09-15;MINEROS;3,680.00;3,690.00;3,683.36;3,680.00;-10;-0,27;47,808.00;176,093,904.00
2021-09-16;MINEROS;3,597.00;3,670.00;3,621.39;3,590.00;-83;-2,26;226,388.00;819,840,277.00
2021-09-17;MINEROS;3,630.00;3,630.00;3,617.75;3,600.00;33;0,92;124,131.00;449,075,042.00
2021-09-20;MINEROS;3,622.00;3,800.00;3,637.23;3,606.00;-8;-0,22;255,699.00;930,036,248.00
2021-09-21;MINEROS;3,580.00;3,635.00;3,596.86;3,580.00;-42;-1,16;153,693.00;552,812,314.00
2021-09-22;MINEROS;3,600.00;3,610.00;3,598.79;3,585.00;20;0,56;153,446.00;552,219,768.00
2021-09-23;MINEROS;3,625.00;3,700.00;3,649.00;3,600.00;25;0,69;79,980.00;291,847,278.00
2021-09-24;MINEROS;3,677.00;3,677.00;3,640.05;3,620.00;52;1,43;83,859.00;305,251,344.00
2021-09-27;MINEROS;3,700.00;3,700.00;3,675.41;3,665.00;23;0,63;33,182.00;121,957,437.00
2021-09-28;MINEROS;3,760.00;3,760.00;3,741.34;3,705.00;60;1,62;32,349.00;121,028,766.00
2021-09-29;MINEROS;3,800.00;3,800.00;3,775.65;3,758.00;40;1,06;73,544.00;277,676,690.00
2021-09-30;MINEROS;3,770.00;3,775.00;3,765.10;3,750.00;-30;-0,79;102,931.00;387,545,660.00
2021-10-01;MINEROS;3,839.00;3,840.00;3,826.64;3,805.00;69;1,83;56,712.00;217,016,602.00
2021-10-04;MINEROS;3,940.00;3,980.00;3,929.82;3,845.00;101;2,63;158,873.00;624,342,428.00
2021-10-05;MINEROS;3,910.00;3,960.00;3,928.93;3,899.00;-30;-0,76;131,648.00;517,235,878.00
2021-10-06;MINEROS;3,900.00;3,900.00;3,899.73;3,900.00;-10;-0,26;84,457.00;329,359,428.00
2021-10-07;MINEROS;3,850.00;3,885.00;3,866.24;3,850.00;-50;-1,28;88,130.00;340,731,397.00
2021-10-08;MINEROS;3,870.00;3,870.00;3,847.92;3,840.00;20;0,52;22,147.00;85,219,880.00
2021-10-11;MINEROS;3,830.00;3,890.00;3,852.86;3,830.00;-40;-1,03;61,928.00;238,599,746.00
2021-10-12;MINEROS;3,816.00;3,845.00;3,827.14;3,816.00;-14;-0,37;53,552.00;204,950,929.00
2021-10-13;MINEROS;3,805.00;3,830.00;3,819.02;3,805.00;-11;-0,29;101,418.00;387,317,861.00
2021-10-14;MINEROS;3,811.00;3,845.00;3,821.58;3,805.00;6;0,16;126,338.00;482,811,215.00
2021-10-15;MINEROS;3,820.00;3,820.00;3,809.67;3,805.00;9;0,24;29,102.00;110,869,140.00
2021-10-19;MINEROS;3,850.00;3,855.00;3,846.20;3,835.00;30;0,79;38,420.00;147,770,986.00
2021-10-20;MINEROS;3,885.00;3,885.00;3,879.10;3,875.00;35;0,91;21,997.00;85,328,620.00
2021-10-21;MINEROS;3,885.00;0.00;3,884.76;0.00;0;0;1,887.00;7,330,535.00
2021-10-22;MINEROS;3,954.00;4,000.00;3,961.79;3,900.00;69;1,78;152,587.00;604,518,285.00
2021-10-25;MINEROS;3,964.00;3,965.00;3,958.79;3,950.00;10;0,25;61,877.00;244,958,290.00
2021-10-26;MINEROS;4,010.00;4,010.00;3,989.72;3,966.00;46;1,16;294,280.00;1,174,094,823.00
2021-10-27;MINEROS;3,995.00;4,071.00;4,028.44;3,995.00;-15;-0,37;57,690.00;232,400,745.00
2021-10-28;MINEROS;4,030.00;4,054.00;4,022.72;3,995.00;35;0,88;114,001.00;458,593,923.00
2021-10-29;MINEROS;4,025.00;4,030.00;4,023.11;4,011.00;-5;-0,12;14,804.00;59,558,145.00
2021-11-02;MINEROS;4,001.00;4,021.00;4,018.37;4,001.00;-24;-0,6;37,564.00;150,946,174.00
2021-11-03;MINEROS;4,000.00;4,001.00;4,000.52;4,000.00;-1;-0,02;64,036.00;256,177,160.00
2021-11-04;MINEROS;4,000.00;4,025.00;4,007.95;4,000.00;0;0;53,477.00;214,332,929.00
2021-11-05;MINEROS;3,995.00;3,995.00;3,999.89;3,995.00;-5;-0,13;5,546.00;22,183,390.00
2021-11-08;MINEROS;4,060.00;4,085.00;4,031.83;3,995.00;65;1,63;82,683.00;333,363,745.00
2021-11-09;MINEROS;3,942.00;4,060.00;3,989.89;3,942.00;-118;-2,91;246,891.00;985,066,713.00
2021-11-10;MINEROS;3,928.00;4,000.00;3,936.98;3,920.00;-14;-0,36;101,812.00;400,831,667.00
2021-11-11;MINEROS;3,920.00;4,000.00;3,956.82;3,920.00;-8;-0,2;64,802.00;256,410,153.00
2021-11-12;MINEROS;3,741.00;3,900.00;3,713.91;3,555.00;-179;-4,57;478,239.00;1,776,137,866.00
2021-11-16;MINEROS;3,820.00;3,890.00;3,843.07;3,760.00;79;2,11;236,565.00;909,135,760.00
2021-11-17;MINEROS;3,780.00;3,890.00;3,828.80;3,780.00;-40;-1,05;120,038.00;459,601,259.00
2021-11-18;MINEROS;3,780.00;3,789.00;3,712.01;3,650.00;0;0;376,030.00;1,395,826,901.00
2021-11-19;MINEROS;3,580.00;3,771.00;3,688.97;3,500.00;-200;-5,29;1,410,892.00;5,204,738,131.00
2021-11-22;MINEROS;3,570.00;3,590.00;3,554.78;3,525.00;-10;-0,28;325,227.00;1,156,110,159.00
2021-11-23;MINEROS;3,661.00;3,664.00;3,614.50;3,545.00;91;2,55;144,564.00;522,527,003.00
2021-11-24;MINEROS;3,720.00;3,750.00;3,727.62;3,685.00;59;1,61;316,556.00;1,179,999,011.00
2021-11-25;MINEROS;3,799.00;3,799.00;3,779.54;3,729.00;79;2,12;141,700.00;535,560,150.00
2021-11-26;MINEROS;3,699.00;3,800.00;3,727.54;3,545.00;-100;-2,63;507,949.00;1,893,398,569.00
2021-11-29;MINEROS;3,780.00;3,780.00;3,719.85;3,655.00;81;2,19;313,814.00;1,167,340,526.00
2021-11-30;MINEROS;3,690.00;3,780.00;3,701.91;3,690.00;-90;-2,38;131,492.00;486,770,893.00
2021-12-01;MINEROS;3,670.00;3,700.00;3,675.40;3,610.00;-20;-0,54;386,228.00;1,419,543,154.00
2021-12-02;MINEROS;3,651.00;3,670.00;3,649.62;3,640.00;-19;-0,52;69,622.00;254,093,713.00
2021-12-03;MINEROS;3,654.00;3,699.00;3,672.98;3,654.00;3;0,08;143,967.00;528,788,129.00
2021-12-06;MINEROS;3,650.00;3,675.00;3,649.80;3,640.00;-4;-0,11;82,675.00;301,747,070.00
2021-12-07;MINEROS;3,665.00;3,665.00;3,657.26;3,635.00;15;0,41;90,065.00;329,391,416.00
2021-12-09;MINEROS;3,656.00;3,670.00;3,657.46;3,650.00;-9;-0,25;109,652.00;401,048,029.00
2021-12-10;MINEROS;3,660.00;3,665.00;3,663.47;3,660.00;4;0,11;36,909.00;135,214,942.00
2021-12-13;MINEROS;3,660.00;3,670.00;3,663.29;3,655.00;0;0;44,443.00;162,807,815.00
2021-12-14;MINEROS;3,650.00;3,685.00;3,660.35;3,650.00;-10;-0,27;61,618.00;225,543,623.00
2021-12-15;MINEROS;3,650.00;3,670.00;3,653.87;3,650.00;0;0;17,658.00;64,520,040.00
2021-12-16;MINEROS;3,679.00;3,680.00;3,668.50;3,650.00;29;0,79;26,750.00;98,132,485.00
2021-12-17;MINEROS;3,640.00;3,679.00;3,642.66;3,600.00;-39;-1,06;88,753.00;323,297,106.00
2021-12-20;MINEROS;3,600.00;3,635.00;3,607.16;3,600.00;-40;-1,1;164,012.00;591,617,869.00
2021-12-21;MINEROS;3,550.00;3,600.00;3,575.65;3,550.00;-50;-1,39;80,753.00;288,744,758.00
2021-12-22;MINEROS;3,575.00;3,575.00;3,549.75;3,525.00;25;0,7;60,510.00;214,795,204.00
2021-12-23;MINEROS;3,600.00;3,600.00;3,585.85;3,580.00;25;0,7;20,568.00;73,753,816.00
2021-12-24;MINEROS;3,600.00;0.00;3,614.75;0.00;0;0;1,668.00;6,029,400.00
2021-12-27;MINEROS;3,620.00;3,620.00;3,606.73;3,600.00;20;0,56;15,696.00;56,611,260.00
2021-12-28;MINEROS;3,620.00;3,620.00;3,617.41;3,620.00;0;0;16,329.00;59,068,617.00
2021-12-29;MINEROS;3,630.00;3,630.00;3,626.45;3,630.00;10;0,28;9,775.00;35,448,530.00
2021-12-30;MINEROS;3,635.00;3,650.00;3,639.15;3,630.00;5;0,14;39,188.00;142,611,100.00
2021-01-04;MINEROS;4,240.00;4,270.00;4,238.06;4,190.00;73;1,75;109,398.00;463,635,145.00
2021-01-05;MINEROS;4,338.00;4,338.00;4,282.20;4,235.00;98;2,31;113,248.00;484,950,569.00
2021-01-06;MINEROS;4,255.00;4,315.00;4,272.38;4,240.00;-83;-1,91;103,280.00;441,251,355.00
2021-01-07;MINEROS;4,200.00;4,275.00;4,217.33;4,195.00;-55;-1,29;116,861.00;492,841,135.00
2021-01-08;MINEROS;4,125.00;4,200.00;4,121.73;4,085.00;-75;-1,79;149,731.00;617,151,148.00
2021-01-12;MINEROS;4,300.00;4,300.00;4,155.01;4,090.00;175;4,24;150,805.00;626,595,614.00
2021-01-13;MINEROS;4,293.00;4,333.00;4,300.21;4,260.00;-7;-0,16;182,383.00;784,284,934.00
2021-01-14;MINEROS;4,295.00;4,342.00;4,290.18;4,241.00;2;0,05;331,058.00;1,420,297,680.00
2021-01-15;MINEROS;4,290.00;4,290.00;4,256.80;4,225.00;-5;-0,12;171,626.00;730,576,810.00
2021-01-18;MINEROS;4,200.00;4,265.00;4,218.43;4,200.00;-90;-2,1;163,787.00;690,923,880.00
2021-01-19;MINEROS;4,389.00;4,389.00;4,294.58;4,200.00;189;4,5;409,571.00;1,758,937,431.00
2021-01-20;MINEROS;4,400.00;4,430.00;4,382.07;4,330.00;11;0,25;230,040.00;1,008,050,538.00
2021-01-21;MINEROS;4,352.00;4,425.00;4,376.26;4,352.00;-48;-1,09;170,487.00;746,095,658.00
2021-01-22;MINEROS;4,370.00;4,370.00;4,338.40;4,300.00;18;0,41;148,607.00;644,716,980.00
2021-01-25;MINEROS;4,450.00;4,485.00;4,448.85;4,390.00;80;1,83;172,166.00;765,941,153.00
2021-01-26;MINEROS;4,399.00;4,460.00;4,336.05;4,290.00;-51;-1,15;347,363.00;1,506,181,828.00
2021-01-27;MINEROS;4,290.00;4,320.00;4,304.73;4,265.00;-109;-2,48;180,699.00;777,860,767.00
2021-01-28;MINEROS;4,255.00;4,314.00;4,266.36;4,235.00;-35;-0,82;194,991.00;831,902,678.00
2021-01-29;MINEROS;4,299.00;4,340.00;4,293.20;4,241.00;44;1,03;303,560.00;1,303,245,084.00
2021-02-01;MINEROS;4,200.00;4,310.00;4,243.33;4,200.00;-99;-2,3;114,540.00;486,031,127.00
2021-02-02;MINEROS;4,140.00;4,200.00;4,134.40;4,100.00;-60;-1,43;268,609.00;1,110,536,896.00
2021-02-03;MINEROS;4,110.00;4,140.00;4,124.91;4,110.00;-30;-0,72;32,979.00;136,035,430.00
2021-02-04;MINEROS;4,040.00;4,062.00;4,020.45;4,000.00;-70;-1,7;171,129.00;688,014,773.00
2021-02-05;MINEROS;4,085.00;4,115.00;4,082.57;4,051.00;45;1,11;145,219.00;592,867,160.00
2021-02-08;MINEROS;4,170.00;4,200.00;4,159.87;4,120.00;85;2,08;139,971.00;582,260,823.00
2021-02-09;MINEROS;4,130.00;4,180.00;4,138.25;4,110.00;-40;-0,96;93,999.00;388,991,000.00
2021-02-10;MINEROS;4,090.00;4,115.00;4,099.23;4,090.00;-40;-0,97;64,833.00;265,765,610.00
2021-02-11;MINEROS;4,150.00;4,150.00;4,093.23;4,075.00;60;1,47;142,489.00;583,240,942.00
2021-02-12;MINEROS;4,103.00;4,130.00;4,107.14;4,094.00;-47;-1,13;135,344.00;555,876,274.00
2021-02-15;MINEROS;4,090.00;4,125.00;4,088.39;4,075.00;-13;-0,32;95,041.00;388,564,325.00
2021-02-16;MINEROS;4,100.00;4,100.00;4,075.71;4,055.00;10;0,24;163,338.00;665,717,622.00
2021-02-17;MINEROS;4,050.00;4,080.00;4,059.05;4,050.00;-50;-1,22;92,715.00;376,334,846.00
2021-02-18;MINEROS;4,080.00;4,105.00;4,078.62;4,050.00;30;0,74;97,074.00;395,927,745.00
2021-02-19;MINEROS;4,105.00;4,105.00;4,103.80;4,100.00;25;0,61;22,865.00;93,833,397.00
2021-02-22;MINEROS;4,055.00;4,150.00;4,079.17;4,055.00;-50;-1,22;175,093.00;714,233,537.00
2021-02-23;MINEROS;4,090.00;4,095.00;4,065.75;4,050.00;35;0,86;59,028.00;239,993,119.00
2021-02-24;MINEROS;4,090.00;4,090.00;4,075.43;4,070.00;0;0;46,132.00;188,007,860.00
2021-02-25;MINEROS;4,095.00;4,100.00;4,090.21;4,071.00;5;0,12;55,048.00;225,157,734.00
2021-02-26;MINEROS;4,070.00;4,075.00;4,051.90;4,030.00;-25;-0,61;236,511.00;958,318,330.00
2021-03-01;MINEROS;4,115.00;4,115.00;4,096.67;4,090.00;45;1,11;62,327.00;255,333,434.00
2021-03-02;MINEROS;4,115.00;4,120.00;4,114.83;4,100.00;0;0;330,441.00;1,359,707,735.00
2021-03-03;MINEROS;4,120.00;4,125.00;4,120.31;4,110.00;5;0,12;105,484.00;434,626,960.00
2021-03-04;MINEROS;4,070.00;4,119.00;4,097.67;4,070.00;-50;-1,21;503,210.00;2,061,990,928.00
2021-03-05;MINEROS;4,120.00;4,120.00;4,083.00;4,075.00;50;1,23;35,794.00;146,146,930.00
2021-03-08;MINEROS;4,139.00;4,140.00;4,129.41;4,100.00;19;0,46;109,169.00;450,803,959.00
2021-03-09;MINEROS;4,170.00;4,170.00;4,154.53;4,139.00;31;0,75;47,793.00;198,557,350.00
2021-03-10;MINEROS;4,160.00;4,169.00;4,161.60;4,160.00;-10;-0,24;14,565.00;60,613,704.00
2021-03-11;MINEROS;4,150.00;4,169.00;4,148.63;4,140.00;-10;-0,24;33,940.00;140,804,350.00
2021-03-12;MINEROS;4,160.00;4,168.00;4,157.96;4,150.00;10;0,24;12,156.00;50,544,182.00
2021-03-15;MINEROS;4,162.00;4,168.00;4,160.20;4,150.00;2;0,05;40,707.00;169,349,396.00
2021-03-16;MINEROS;4,135.00;4,155.00;4,129.49;4,115.00;-27;-0,65;152,173.00;628,396,615.00
2021-03-17;MINEROS;4,200.00;4,200.00;4,190.73;4,154.00;65;1,57;76,603.00;321,022,493.00
2021-03-18;MINEROS;4,170.00;4,285.00;4,191.42;4,170.00;-30;-0,71;56,502.00;236,823,575.00
2021-03-19;MINEROS;4,185.00;4,205.00;4,194.31;4,185.00;15;0,36;79,483.00;333,375,954.00
2021-03-23;MINEROS;4,155.00;4,170.00;4,152.26;4,150.00;-30;-0,72;142,913.00;593,411,588.00
2021-03-24;MINEROS;4,200.00;4,200.00;4,187.90;4,175.00;45;1,08;67,091.00;280,970,695.00
2021-03-25;MINEROS;4,220.00;4,225.00;4,209.04;4,190.00;20;0,48;180,604.00;760,170,277.00
2021-03-26;MINEROS;4,280.00;4,300.00;4,286.22;4,278.00;60;1,42;71,854.00;307,982,173.00
2021-03-29;MINEROS;4,275.00;4,280.00;4,276.10;4,265.00;-5;-0,12;23,813.00;101,826,825.00
2021-03-30;MINEROS;4,304.00;4,304.00;4,283.99;4,275.00;29;0,68;32,173.00;137,828,916.00
2021-03-31;MINEROS;4,430.00;4,430.00;4,358.67;4,305.00;126;2,93;93,410.00;407,143,435.00
2021-04-05;MINEROS;4,430.00;4,434.00;4,426.60;4,380.00;0;0;656,745.00;2,907,145,584.00
2021-04-06;MINEROS;4,348.00;4,370.00;4,260.71;4,250.00;-82;-1,85;806,323.00;3,435,505,543.00
2021-04-07;MINEROS;4,275.00;4,329.00;4,291.10;4,275.00;-73;-1,68;67,712.00;290,559,205.00
2021-04-08;MINEROS;4,230.00;4,290.00;4,256.05;4,230.00;-45;-1,05;55,598.00;236,627,764.00
2021-04-09;MINEROS;4,298.00;4,298.00;4,203.29;4,160.00;68;1,61;64,854.00;272,599,985.00
2021-04-12;MINEROS;4,180.00;4,277.00;4,219.01;4,180.00;-118;-2,75;95,222.00;401,742,479.00
2021-04-13;MINEROS;4,150.00;4,180.00;4,168.30;4,150.00;-30;-0,72;29,935.00;124,778,030.00
2021-04-14;MINEROS;4,185.00;4,185.00;4,160.40;4,150.00;35;0,84;434,486.00;1,807,637,114.00
2021-04-15;MINEROS;4,201.00;4,325.00;4,244.37;4,185.00;16;0,38;221,719.00;941,056,606.00
2021-04-16;MINEROS;4,240.00;4,337.00;4,251.18;4,175.00;39;0,93;389,581.00;1,656,178,918.00
2021-04-19;MINEROS;4,310.00;4,330.00;4,274.25;4,250.00;70;1,65;308,174.00;1,317,211,373.00
2021-04-20;MINEROS;4,339.00;4,340.00;4,306.41;4,280.00;29;0,67;309,863.00;1,334,398,452.00
2021-04-21;MINEROS;4,330.00;4,341.00;4,338.81;4,330.00;-9;-0,21;40,355.00;175,092,493.00
2021-04-22;MINEROS;4,235.00;4,320.00;4,276.14;4,235.00;-95;-2,19;102,181.00;436,939,929.00
2021-04-23;MINEROS;4,236.00;4,236.00;4,235.87;4,235.00;1;0,02;27,127.00;114,906,330.00
2021-04-26;MINEROS;4,239.00;4,239.00;4,214.04;4,170.00;3;0,07;202,658.00;854,009,819.00
2021-04-27;MINEROS;4,280.00;4,280.00;4,254.19;4,240.00;41;0,97;53,262.00;226,586,604.00
2021-04-28;MINEROS;4,260.00;4,295.00;4,284.86;4,260.00;-20;-0,47;101,269.00;433,923,136.00
2021-04-29;MINEROS;4,200.00;4,245.00;4,217.58;4,200.00;-60;-1,41;260,093.00;1,096,964,164.00
2021-04-30;MINEROS;4,130.00;4,200.00;4,153.85;4,120.00;-70;-1,67;105,066.00;436,427,960.00
2021-05-03;MINEROS;4,150.00;4,198.00;4,124.08;4,050.00;20;0,48;206,107.00;850,001,119.00
2021-05-04;MINEROS;4,144.00;4,145.00;4,133.66;4,120.00;-6;-0,14;57,644.00;238,280,647.00
2021-05-05;MINEROS;4,140.00;4,150.00;4,149.24;4,140.00;-4;-0,1;116,171.00;482,020,815.00
2021-05-06;MINEROS;4,249.00;4,249.00;4,187.47;4,135.00;109;2,63;62,438.00;261,457,203.00
2021-05-07;MINEROS;4,269.00;4,269.00;4,218.64;4,180.00;20;0,47;56,194.00;237,062,098.00
2021-05-10;MINEROS;4,324.00;4,324.00;4,277.82;4,245.00;55;1,29;10,413.00;44,544,893.00
2021-05-11;MINEROS;4,249.00;4,294.00;4,263.01;4,244.00;-75;-1,73;34,081.00;145,287,582.00
2021-05-12;MINEROS;4,300.00;4,300.00;4,280.53;4,250.00;51;1,2;91,885.00;393,316,574.00
2021-05-13;MINEROS;4,275.00;4,314.00;4,287.10;4,155.00;-25;-0,58;165,825.00;710,908,441.00
2021-05-14;MINEROS;4,315.00;4,315.00;4,306.86;4,275.00;40;0,94;86,307.00;371,711,849.00
2021-05-18;MINEROS;4,280.00;4,290.00;4,284.42;4,280.00;-35;-0,81;13,207.00;56,584,363.00
2021-05-19;MINEROS;4,280.00;4,280.00;4,280.00;4,280.00;0;0;6,699.00;28,671,740.00
2021-05-20;MINEROS;4,280.00;4,280.00;4,233.72;4,204.00;0;0;51,582.00;218,383,548.00
2021-05-21;MINEROS;4,200.00;4,201.00;4,171.46;4,125.00;-80;-1,87;67,061.00;279,741,996.00
2021-05-24;MINEROS;4,200.00;4,200.00;4,143.15;4,090.00;0;0;104,357.00;432,366,800.00
2021-05-25;MINEROS;4,200.00;4,200.00;4,070.70;4,050.00;0;0;68,845.00;280,247,096.00
2021-05-26;MINEROS;4,146.00;4,154.00;4,086.14;4,050.00;-54;-1,29;86,253.00;352,442,250.00
2021-05-27;MINEROS;3,836.00;4,140.00;3,872.20;3,836.00;-310;-7,48;1,027,570.00;3,978,953,104.00
2021-05-28;MINEROS;3,966.00;4,000.00;3,886.16;3,840.00;130;3,39;1,129,382.00;4,388,963,396.00
2021-05-31;MINEROS;4,086.00;4,086.00;3,967.90;3,941.00;120;3,03;38,223.00;151,664,854.00
2021-06-01;MINEROS;4,084.00;4,084.00;4,042.63;4,025.00;-2;-0,05;88,835.00;359,127,134.00
2021-06-02;MINEROS;4,000.00;4,085.00;4,061.58;4,000.00;-84;-2,06;205,474.00;834,549,411.00
2021-06-03;MINEROS;4,000.00;4,001.00;4,000.77;4,000.00;0;0;53,957.00;215,869,816.00
2021-06-04;MINEROS;4,020.00;4,025.00;4,014.25;4,010.00;20;0,5;22,920.00;92,006,500.00
2021-06-08;MINEROS;4,025.00;4,025.00;4,016.55;4,000.00;5;0,12;29,975.00;120,396,006.00
2021-06-09;MINEROS;4,139.00;4,139.00;4,122.17;4,055.00;114;2,83;104,077.00;429,022,801.00
2021-06-10;MINEROS;4,154.00;4,154.00;4,141.69;4,140.00;15;0,36;26,653.00;110,388,369.00
2021-06-11;MINEROS;4,100.00;4,150.00;4,114.32;4,091.00;-54;-1,3;99,614.00;409,843,419.00
2021-06-15;MINEROS;4,110.00;4,130.00;4,109.91;4,094.00;10;0,24;21,822.00;89,686,517.00
2021-06-16;MINEROS;4,085.00;4,110.00;4,078.46;4,055.00;-25;-0,61;277,492.00;1,131,739,405.00
2021-06-17;MINEROS;3,972.00;4,085.00;3,974.42;3,900.00;-113;-2,77;1,052,070.00;4,181,371,404.00
2021-06-18;MINEROS;3,980.00;3,995.00;3,972.77;3,911.00;8;0,2;52,549.00;208,765,292.00
2021-06-21;MINEROS;3,980.00;3,980.00;3,970.95;3,970.00;0;0;34,853.00;138,399,414.00
2021-06-22;MINEROS;3,990.00;3,990.00;3,981.04;3,970.00;10;0,25;24,127.00;96,050,670.00
2021-06-23;MINEROS;4,013.00;4,015.00;4,003.43;3,990.00;23;0,58;57,255.00;229,216,361.00
2021-06-24;MINEROS;4,050.00;4,055.00;4,043.84;4,030.00;37;0,92;62,143.00;251,296,370.00
2021-06-25;MINEROS;4,080.00;4,080.00;4,060.19;4,050.00;30;0,74;85,682.00;347,884,840.00
2021-06-28;MINEROS;4,054.00;4,055.00;4,051.34;4,040.00;-26;-0,64;10,138.00;41,072,496.00
2021-06-29;MINEROS;4,029.00;4,029.00;4,017.22;3,997.00;-25;-0,62;36,411.00;146,270,886.00
2021-06-30;MINEROS;4,029.00;4,029.00;4,028.43;4,029.00;0;0;32,014.00;128,966,239.00
