Fecha;Nemotecnico;Precio cierre;Precio maximo;Precio promedio ponderado;Precio minimo ;Variacion absoluta;Variacion porcentual;Cantidad;Volumen
2025-01-02;TERPEL;11,640.00;11,640.00;11,536.22;11,640.00;140.00;1,22;4,629.00;53,401,140.00
2025-01-03;TERPEL;11,720.00;11,820.00;11,688.31;11,500.00;80.00;0,69;11,855.00;138,564,960.00
2025-01-07;TERPEL;11,580.00;11,580.00;11,616.91;11,560.00;-140.00;-1,19;12,202.00;141,749,480.00
2025-01-08;TERPEL;11,580.00;11,580.00;11,589.48;11,580.00;0.00;;6,305.00;73,071,640.00
2025-01-09;TERPEL;11,580.00;11,660.00;11,661.81;11,580.00;0.00;0;7,775.00;90,670,580.00
2025-01-10;TERPEL;11,780.00;11,800.00;11,753.43;11,780.00;200.00;1,73;5,656.00;66,477,380.00
2025-01-13;TERPEL;11,800.00;11,800.00;11,803.44;11,700.00;20.00;0,17;12,217.00;144,202,600.00
2025-01-14;TERPEL;11,620.00;11,620.00;11,719.50;11,620.00;-180.00;-1,53;4,800.00;56,253,620.00
2025-01-15;TERPEL;11,860.00;11,860.00;11,812.19;11,860.00;240.00;2,07;4,568.00;53,958,080.00
2025-01-16;TERPEL;12,200.00;12,200.00;12,070.32;11,860.00;340.00;2,87;62,470.00;754,032,820.00
2025-01-17;TERPEL;12,200.00;12,200.00;12,142.80;12,200.00;0.00;;5,544.00;67,319,680.00
2025-01-20;TERPEL;12,120.00;12,120.00;12,123.67;12,040.00;-80.00;-0,66;6,469.00;78,428,020.00
2025-01-21;TERPEL;12,620.00;12,620.00;12,356.03;12,420.00;500.00;4,13;8,864.00;109,523,840.00
2025-01-22;TERPEL;12,400.00;12,500.00;12,415.35;12,300.00;-220.00;-1,74;23,730.00;294,616,140.00
2025-01-23;TERPEL;12,100.00;12,260.00;12,150.15;12,040.00;-300.00;-2,42;53,708.00;652,560,320.00
2025-01-24;TERPEL;12,000.00;12,180.00;12,097.95;12,000.00;-100.00;-0,83;35,801.00;433,118,880.00
2025-01-27;TERPEL;12,000.00;12,000.00;12,014.98;12,000.00;0.00;;25,739.00;309,253,640.00
2025-01-28;TERPEL;12,000.00;12,200.00;11,997.03;11,900.00;0.00;0;122,512.00;1,469,780,360.00
2025-01-29;TERPEL;11,980.00;12,120.00;12,050.76;11,920.00;-20.00;-0,17;41,371.00;498,552,080.00
2025-01-30;TERPEL;12,100.00;12,100.00;12,068.39;12,000.00;120.00;1;61,049.00;736,763,080.00
2025-01-31;TERPEL;12,000.00;12,100.00;12,047.34;12,000.00;-100.00;-0,83;40,500.00;487,917,380.00
2025-02-03;TERPEL;12,020.00;12,220.00;12,210.42;12,020.00;20.00;0,17;11,732.00;143,252,680.00
2025-02-04;TERPEL;12,020.00;;12,108.59;;;;4,866.00;58,920,380.00
2025-02-05;TERPEL;12,280.00;12,340.00;12,284.85;12,120.00;260.00;2,16;34,770.00;427,144,280.00
2025-02-06;TERPEL;12,120.00;12,120.00;12,143.25;12,120.00;-160.00;-1,3;6,156.00;74,753,860.00
2025-02-07;TERPEL;12,080.00;12,300.00;12,195.79;12,080.00;-40.00;-0,33;22,648.00;276,210,220.00
2025-02-10;TERPEL;12,300.00;12,300.00;12,288.91;12,260.00;220.00;1,82;18,496.00;227,295,700.00
2025-02-11;TERPEL;12,200.00;12,400.00;12,320.20;12,200.00;-100.00;-0,81;14,490.00;178,519,660.00
2025-02-12;TERPEL;12,000.00;12,220.00;12,154.06;12,000.00;-200.00;-1,64;9,963.00;121,090,900.00
2025-02-13;TERPEL;12,000.00;;12,143.38;;;;3,241.00;39,356,700.00
2025-02-14;TERPEL;;12,380.00;12,300.17;12,300.00;300.00;2,5;6,710.00;82,534,120.00
2025-02-17;TERPEL;12,300.00;12,300.00;12,245.42;12,120.00;0.00;0;33,353.00;408,421,520.00
2025-02-18;TERPEL;12,140.00;12,300.00;12,288.67;12,140.00;-160.00;-1,3;91,996.00;1,130,508,620.00
2025-02-19;TERPEL;12,300.00;12,300.00;12,248.98;12,200.00;160.00;1,32;37,331.00;457,266,760.00
2025-02-20;TERPEL;12,780.00;13,500.00;12,844.33;12,380.00;480.00;3,9;124,849.00;1,603,601,280.00
2025-02-21;TERPEL;12,600.00;12,800.00;12,725.05;12,600.00;-180.00;-1,41;45,778.00;582,527,200.00
2025-02-24;TERPEL;12,500.00;12,600.00;12,576.46;12,500.00;-100.00;-0,79;32,856.00;413,212,320.00
2025-02-25;TERPEL;12,480.00;12,600.00;12,500.56;12,400.00;-20.00;-0,16;28,247.00;353,103,420.00
2025-02-26;TERPEL;12,480.00;12,480.00;12,459.36;12,440.00;0.00;0;29,305.00;365,121,680.00
2025-02-27;TERPEL;12,500.00;12,580.00;12,529.94;12,500.00;20.00;0,16;23,747.00;297,548,460.00
2025-02-28;TERPEL;12,100.00;12,640.00;12,233.10;12,100.00;-400.00;-3,2;38,395.00;469,689,720.00
2025-03-03;TERPEL;12,300.00;12,340.00;12,333.77;12,300.00;200.00;1,65;24,043.00;296,540,780.00
2025-03-04;TERPEL;12,280.00;12,280.00;12,190.70;12,040.00;-20.00;-0,16;19,676.00;239,864,240.00
2025-03-05;TERPEL;12,700.00;12,800.00;12,652.94;12,500.00;420.00;3,42;57,685.00;729,885,120.00
2025-03-06;TERPEL;12,600.00;12,800.00;12,686.44;12,520.00;-100.00;-0,79;41,967.00;532,412,020.00
2025-03-07;TERPEL;12,620.00;12,800.00;12,712.31;12,600.00;20.00;0,16;31,920.00;405,777,000.00
2025-03-10;TERPEL;12,600.00;12,780.00;12,625.50;12,580.00;-20.00;-0,16;32,291.00;407,690,040.00
2025-03-11;TERPEL;12,560.00;12,600.00;12,551.09;12,520.00;-40.00;-0,32;29,990.00;376,407,180.00
2025-03-12;TERPEL;12,540.00;12,600.00;12,577.02;12,500.00;-20.00;-0,16;45,604.00;573,562,300.00
2025-03-13;TERPEL;12,500.00;12,560.00;12,529.08;12,500.00;-40.00;-0,32;40,788.00;511,036,140.00
2025-03-14;TERPEL;12,640.00;12,640.00;12,429.94;12,380.00;140.00;1,12;54,664.00;679,470,500.00
2025-03-17;TERPEL;12,600.00;12,600.00;12,533.49;12,500.00;-40.00;-0,32;56,640.00;709,897,020.00
2025-03-18;TERPEL;12,500.00;12,580.00;12,539.56;12,500.00;-100.00;-0,79;25,051.00;314,128,480.00
2025-03-19;TERPEL;12,500.00;12,600.00;12,573.63;12,500.00;0.00;0;16,366.00;205,780,060.00
2025-03-20;TERPEL;12,500.00;12,600.00;12,543.95;12,500.00;0.00;0;33,078.00;414,928,940.00
2025-03-21;TERPEL;12,500.00;12,700.00;12,537.79;12,480.00;0.00;0;81,465.00;1,021,391,240.00
2025-03-25;TERPEL;12,660.00;12,660.00;12,640.94;12,560.00;160.00;1,28;96,603.00;1,221,152,500.00
2025-03-26;TERPEL;12,420.00;12,740.00;12,594.87;12,420.00;-240.00;-1,9;97,486.00;1,227,823,920.00
2025-03-27;TERPEL;12,480.00;12,600.00;12,501.15;12,420.00;60.00;0,48;362,626.00;4,533,242,820.00
2025-03-28;TERPEL;11,100.00;12,460.00;11,292.68;11,040.00;-1,380.00;-11,06;263,252.00;2,972,821,640.00
2025-03-31;TERPEL;11,180.00;11,400.00;11,272.10;11,180.00;80.00;0,72;72,051.00;812,165,920.00
2025-04-01;TERPEL;11,100.00;11,260.00;11,215.16;11,100.00;-80.00;-0,72;39,685.00;445,073,540.00
2025-04-02;TERPEL;11,240.00;11,300.00;11,281.93;11,200.00;140.00;1,26;92,492.00;1,043,488,600.00
2025-04-03;TERPEL;11,300.00;11,500.00;11,316.49;11,200.00;60.00;0,53;134,923.00;1,526,854,560.00
2025-04-04;TERPEL;11,260.00;11,480.00;11,302.98;11,200.00;-40.00;-0,35;41,096.00;464,507,080.00
2025-04-07;TERPEL;11,300.00;11,400.00;11,295.58;11,240.00;40.00;0,36;45,189.00;510,436,020.00
2025-04-08;TERPEL;11,000.00;11,400.00;11,191.75;11,000.00;-300.00;-2,65;62,355.00;697,861,760.00
2025-04-09;TERPEL;11,280.00;11,280.00;11,001.50;10,520.00;280.00;2,55;95,753.00;1,053,426,820.00
2025-04-10;TERPEL;10,800.00;11,260.00;10,978.20;10,800.00;-480.00;-4,26;27,037.00;296,817,640.00
2025-04-11;TERPEL;11,000.00;11,140.00;11,048.63;11,000.00;200.00;1,85;16,021.00;177,010,100.00
2025-04-14;TERPEL;11,000.00;;11,169.86;;;;4,586.00;51,225,000.00
2025-04-15;TERPEL;11,180.00;11,180.00;11,150.82;11,100.00;180.00;1,64;18,414.00;205,331,180.00
2025-04-16;TERPEL;11,100.00;11,220.00;11,169.76;11,100.00;-80.00;-0,72;8,392.00;93,736,640.00
2025-04-21;TERPEL;11,060.00;11,300.00;11,168.78;11,060.00;-40.00;-0,36;15,986.00;178,544,120.00
2025-04-22;TERPEL;11,180.00;11,180.00;11,066.46;11,000.00;120.00;1,08;26,458.00;292,796,320.00
2025-04-23;TERPEL;11,200.00;11,200.00;11,131.82;11,040.00;20.00;0,18;14,768.00;164,394,680.00
2025-04-24;TERPEL;11,160.00;11,180.00;11,124.45;11,100.00;-40.00;-0,36;13,934.00;155,008,080.00
2025-04-25;TERPEL;11,080.00;11,200.00;11,104.32;11,080.00;-80.00;-0,72;55,855.00;620,232,020.00
2025-04-28;TERPEL;11,020.00;11,040.00;11,033.55;11,020.00;-60.00;-0,54;9,114.00;100,559,740.00
2025-04-29;TERPEL;11,000.00;11,040.00;11,082.37;10,980.00;-20.00;-0,18;60,603.00;671,624,720.00
2025-04-30;TERPEL;11,100.00;11,100.00;11,094.87;11,100.00;100.00;0,91;7,820.00;86,761,860.00
2025-05-02;TERPEL;11,300.00;11,300.00;11,188.30;11,120.00;200.00;1,8;53,950.00;603,609,020.00
2025-05-05;TERPEL;11,320.00;11,320.00;11,288.31;11,220.00;20.00;0,18;46,621.00;526,272,500.00
2025-05-06;TERPEL;11,100.00;11,300.00;11,189.65;11,100.00;-220.00;-1,94;20,520.00;229,611,520.00
2025-05-07;TERPEL;11,280.00;11,280.00;11,216.69;11,140.00;180.00;1,62;11,116.00;124,684,720.00
2025-05-08;TERPEL;11,120.00;11,260.00;11,165.79;11,100.00;-160.00;-1,42;33,067.00;369,219,180.00
2025-05-09;TERPEL;11,100.00;11,100.00;11,113.01;11,100.00;-20.00;-0,18;13,658.00;151,781,480.00
2025-05-12;TERPEL;11,280.00;11,280.00;11,254.88;11,280.00;180.00;1,62;8,300.00;93,415,500.00
2025-05-13;TERPEL;11,300.00;11,300.00;11,277.06;11,240.00;20.00;0,18;20,132.00;227,029,760.00
2025-05-14;TERPEL;11,500.00;11,500.00;11,376.37;11,300.00;200.00;1,77;64,841.00;737,655,020.00
2025-05-15;TERPEL;11,900.00;11,980.00;11,770.70;11,540.00;400.00;3,48;54,473.00;641,185,600.00
2025-05-16;TERPEL;12,000.00;12,100.00;12,008.31;11,900.00;100.00;0,84;63,269.00;759,753,620.00
2025-05-19;TERPEL;12,200.00;12,240.00;12,168.90;12,060.00;200.00;1,67;33,385.00;406,258,780.00
2025-05-20;TERPEL;12,080.00;12,100.00;12,131.60;12,080.00;-120.00;-0,98;19,219.00;233,157,140.00
2025-05-21;TERPEL;12,220.00;12,220.00;12,167.13;12,200.00;140.00;1,16;11,888.00;144,642,820.00
2025-05-22;TERPEL;12,220.00;12,260.00;12,196.93;12,100.00;0.00;0;40,575.00;494,890,500.00
2025-05-23;TERPEL;12,380.00;12,380.00;12,337.67;12,300.00;160.00;1,31;17,249.00;212,812,520.00
2025-05-26;TERPEL;12,220.00;12,400.00;12,338.95;12,220.00;-160.00;-1,29;16,860.00;208,034,700.00
2025-05-27;TERPEL;12,280.00;12,360.00;12,313.80;12,280.00;60.00;0,49;22,903.00;282,022,860.00
2025-05-28;TERPEL;12,180.00;12,200.00;12,213.53;12,180.00;-100.00;-0,81;9,423.00;115,088,140.00
2025-05-29;TERPEL;12,300.00;12,300.00;12,267.43;12,160.00;120.00;0,99;12,917.00;158,458,400.00
2025-05-30;TERPEL;12,280.00;12,280.00;12,277.19;12,280.00;-20.00;-0,16;10,956.00;134,508,940.00
2025-06-03;TERPEL;12,200.00;12,300.00;12,249.15;12,200.00;-80.00;-0,65;15,045.00;184,288,400.00
2025-06-04;TERPEL;12,240.00;12,300.00;12,265.08;12,240.00;40.00;0,33;21,869.00;268,225,040.00
2025-06-05;TERPEL;12,260.00;12,260.00;12,286.86;12,260.00;20.00;0,16;5,435.00;66,779,060.00
2025-06-06;TERPEL;12,300.00;12,300.00;12,292.62;12,300.00;40.00;0,33;6,614.00;81,303,380.00
2025-06-09;TERPEL;12,300.00;12,300.00;12,270.26;12,240.00;0.00;0;10,246.00;125,721,120.00
2025-06-10;TERPEL;12,280.00;12,400.00;12,368.44;12,280.00;-20.00;-0,16;26,729.00;330,595,960.00
2025-06-11;TERPEL;12,260.00;12,300.00;12,271.39;12,240.00;-20.00;-0,16;13,862.00;170,105,980.00
2025-06-12;TERPEL;12,400.00;12,400.00;12,344.66;12,380.00;140.00;1,14;8,919.00;110,101,980.00
2025-06-13;TERPEL;12,360.00;12,360.00;12,338.06;12,280.00;-40.00;-0,32;13,972.00;172,387,420.00
2025-06-16;TERPEL;12,420.00;12,420.00;12,391.18;12,380.00;60.00;0,49;16,830.00;208,543,560.00
2025-06-17;TERPEL;12,400.00;12,400.00;12,385.18;12,360.00;-20.00;-0,16;13,602.00;168,463,280.00
2025-06-18;TERPEL;12,400.00;12,400.00;12,387.01;12,400.00;0.00;;8,130.00;100,706,400.00
2025-06-19;TERPEL;12,420.00;12,420.00;12,336.36;12,300.00;20.00;0,16;10,868.00;134,071,600.00
2025-06-20;TERPEL;12,400.00;12,420.00;12,392.47;12,380.00;-20.00;-0,16;18,405.00;228,083,320.00
2025-06-24;TERPEL;12,400.00;12,400.00;12,378.13;12,400.00;0.00;;15,440.00;191,118,360.00
2025-06-25;TERPEL;12,400.00;12,400.00;12,396.42;12,400.00;0.00;;19,674.00;243,887,240.00
2025-06-26;TERPEL;12,220.00;12,300.00;12,266.99;12,220.00;-180.00;-1,45;13,834.00;169,701,480.00
2025-06-27;TERPEL;12,300.00;12,400.00;12,333.86;12,300.00;80.00;0,65;11,261.00;138,891,580.00
2024-07-02;TERPEL;9,010.00;9,010.00;8,993.64;9,000.00;10;0,11;8,227.00;73,990,640.00
2024-07-03;TERPEL;9,010.00;;9,098.00;;;;1,423.00;12,946,450.00
2024-07-04;TERPEL;9,190.00;9,190.00;9,122.03;9,190.00;180;2;5,069.00;46,239,550.00
2024-07-05;TERPEL;9,300.00;9,300.00;9,268.18;9,280.00;110;1,2;7,440.00;68,955,240.00
2024-07-08;TERPEL;9,300.00;;9,201.97;;;;2,390.00;21,992,720.00
2024-07-09;TERPEL;9,100.00;9,180.00;9,083.52;9,020.00;-200;-2,15;14,512.00;131,820,020.00
2024-07-10;TERPEL;9,020.00;9,020.00;9,025.42;9,000.00;-80;-0,88;6,620.00;59,748,300.00
2024-07-11;TERPEL;9,020.00;;9,002.88;;;;1,700.00;15,304,900.00
2024-07-12;TERPEL;9,020.00;9,020.00;9,009.60;9,020.00;0;;3,156.00;28,434,300.00
2024-07-15;TERPEL;9,000.00;9,000.00;8,970.46;8,900.00;-20;-0,22;18,268.00;163,872,330.00
2024-07-16;TERPEL;9,000.00;;8,945.45;;;;2,852.00;25,512,410.00
2024-07-17;TERPEL;8,930.00;8,930.00;8,934.45;8,930.00;-70;-0,78;23,158.00;206,903,890.00
2024-07-18;TERPEL;8,930.00;8,930.00;8,929.89;8,930.00;0;;18,709.00;167,069,280.00
2024-07-19;TERPEL;8,820.00;8,930.00;8,903.04;8,820.00;-110;-1,23;16,224.00;144,442,920.00
2024-07-22;TERPEL;8,780.00;8,800.00;8,810.60;8,780.00;-40;-0,45;12,820.00;112,951,900.00
2024-07-23;TERPEL;8,780.00;;8,816.85;;;;1,561.00;13,763,100.00
2024-07-24;TERPEL;8,780.00;;8,812.81;;;;1,695.00;14,937,710.00
2024-07-25;TERPEL;8,780.00;;8,843.55;;;;2,361.00;20,879,610.00
2024-07-26;TERPEL;8,850.00;8,850.00;8,852.38;8,850.00;70;0,8;9,697.00;85,841,540.00
2024-07-29;TERPEL;8,900.00;8,900.00;8,900.15;8,900.00;50;0,56;3,953.00;35,182,280.00
2024-07-30;TERPEL;8,750.00;8,750.00;8,808.05;8,750.00;-150;-1,69;3,817.00;33,620,330.00
2024-07-31;TERPEL;8,750.00;;8,770.57;;;;3,021.00;26,495,890.00
2024-08-01;TERPEL;8,750.00;;8,771.36;;;;2,780.00;24,384,390.00
2024-08-02;TERPEL;8,600.00;8,600.00;8,620.64;8,600.00;-150;-1,71;5,273.00;45,456,640.00
2024-08-05;TERPEL;8,600.00;8,600.00;8,493.84;8,400.00;0;0;30,506.00;259,113,140.00
2024-08-06;TERPEL;8,650.00;8,650.00;8,625.34;8,650.00;50;0,58;5,537.00;47,758,500.00
2024-08-08;TERPEL;8,650.00;8,790.00;8,703.74;8,650.00;0;0;9,422.00;82,006,680.00
2024-08-09;TERPEL;8,650.00;;8,622.88;;;;2,949.00;25,428,880.00
2024-08-12;TERPEL;8,650.00;;8,681.71;;;;2,000.00;17,363,420.00
2024-08-13;TERPEL;8,650.00;;8,621.85;;;;2,592.00;22,347,830.00
2024-08-14;TERPEL;8,800.00;8,800.00;8,773.10;8,750.00;150;1,73;11,928.00;104,645,560.00
2024-08-15;TERPEL;9,010.00;9,010.00;8,979.46;8,950.00;210;2,39;24,657.00;221,406,520.00
2024-08-16;TERPEL;9,500.00;9,610.00;9,507.99;9,100.00;490;5,44;80,191.00;762,455,590.00
2024-08-20;TERPEL;9,200.00;9,250.00;9,234.46;9,160.00;-300;-3,16;11,458.00;105,808,460.00
2024-08-21;TERPEL;8,950.00;9,200.00;9,128.51;8,950.00;-250;-2,72;22,361.00;204,122,580.00
2024-08-22;TERPEL;9,000.00;9,000.00;8,971.55;8,960.00;50;0,56;61,852.00;554,908,170.00
2024-08-23;TERPEL;9,130.00;9,150.00;9,118.70;9,010.00;130;1,44;35,928.00;327,616,500.00
2024-08-26;TERPEL;9,250.00;9,250.00;9,179.05;9,150.00;120;1,31;62,379.00;572,579,890.00
2024-08-27;TERPEL;9,250.00;9,250.00;9,216.68;9,150.00;0;0;11,043.00;101,779,830.00
2024-08-28;TERPEL;9,260.00;9,260.00;9,247.39;9,110.00;10;0,11;13,741.00;127,068,370.00
2024-08-29;TERPEL;9,400.00;9,600.00;9,412.04;9,150.00;140;1,51;28,641.00;269,570,110.00
2024-08-30;TERPEL;9,490.00;9,490.00;9,446.34;9,360.00;90;0,96;13,454.00;127,091,040.00
2024-09-02;TERPEL;9,260.00;9,400.00;9,338.14;9,260.00;-230;-2,42;14,340.00;133,908,880.00
2024-09-03;TERPEL;9,230.00;9,250.00;9,238.27;9,230.00;-30;-0,32;8,779.00;81,102,770.00
2024-09-04;TERPEL;9,340.00;9,340.00;9,252.49;9,180.00;110;1,19;11,283.00;104,395,790.00
2024-09-05;TERPEL;9,500.00;9,500.00;9,481.23;9,490.00;160;1,71;41,098.00;389,659,790.00
2024-09-06;TERPEL;9,400.00;9,500.00;9,400.77;9,340.00;-100;-1,05;1,470,713.00;13,825,828,700.00
2024-09-09;TERPEL;9,640.00;9,640.00;9,556.00;9,500.00;240;2,55;26,147.00;249,860,710.00
2024-09-10;TERPEL;9,600.00;9,650.00;9,611.51;9,500.00;-40;-0,41;22,556.00;216,797,280.00
2024-09-11;TERPEL;9,400.00;9,500.00;9,455.91;9,400.00;-200;-2,08;38,380.00;362,917,900.00
2024-09-12;TERPEL;9,580.00;9,580.00;9,455.58;9,400.00;180;1,91;15,069.00;142,486,210.00
2024-09-13;TERPEL;9,850.00;9,850.00;9,760.91;9,590.00;270;2,82;30,415.00;296,878,030.00
2024-09-16;TERPEL;10,000.00;10,000.00;9,930.87;9,720.00;150;1,52;46,492.00;461,705,790.00
2024-09-17;TERPEL;10,000.00;10,000.00;9,997.11;9,980.00;0;0;15,478.00;154,735,210.00
2024-09-18;TERPEL;10,100.00;10,100.00;10,046.32;10,000.00;100;1;33,379.00;335,336,120.00
2024-09-19;TERPEL;10,100.00;;10,058.60;;;;3,506.00;35,265,440.00
2024-09-20;TERPEL;10,060.00;10,060.00;10,051.50;10,060.00;-40;-0,4;5,480.00;55,082,220.00
2024-09-23;TERPEL;10,300.00;10,300.00;10,239.23;10,100.00;240;2,39;30,700.00;314,344,400.00
2024-09-24;TERPEL;10,240.00;10,300.00;10,288.19;10,240.00;-60;-0,58;40,579.00;417,484,420.00
2024-09-25;TERPEL;10,200.00;10,200.00;10,197.58;10,200.00;-40;-0,39;16,430.00;167,546,320.00
2024-09-26;TERPEL;10,200.00;;;;;;;
2024-09-27;TERPEL;10,000.00;10,000.00;10,017.66;10,000.00;-200;-1,96;6,676.00;66,877,920.00
2024-09-30;TERPEL;10,000.00;10,000.00;10,030.26;10,000.00;0;;6,703.00;67,232,840.00
2024-10-01;TERPEL;10,120.00;10,120.00;10,107.60;10,120.00;120;1,2;2,828.00;28,584,280.00
2024-10-02;TERPEL;10,140.00;10,200.00;10,170.04;10,140.00;20;0,2;19,810.00;201,468,500.00
2024-10-03;TERPEL;10,000.00;10,000.00;10,022.04;10,000.00;-140;-1,38;6,674.00;66,887,070.00
2024-10-04;TERPEL;9,960.00;9,970.00;9,978.03;9,960.00;-40;-0,4;7,663.00;76,461,680.00
2024-10-07;TERPEL;9,960.00;;9,999.07;;;;2,254.00;22,537,910.00
2024-10-08;TERPEL;9,960.00;;10,095.74;;;;2,159.00;21,796,700.00
2024-10-09;TERPEL;10,060.00;10,060.00;10,037.05;10,060.00;100;1;6,206.00;62,289,920.00
2024-10-10;TERPEL;10,200.00;10,200.00;10,144.72;10,000.00;140;1,39;38,159.00;387,112,260.00
2024-10-11;TERPEL;10,120.00;10,200.00;10,127.10;10,020.00;-80;-0,78;12,024.00;121,768,260.00
2024-10-15;TERPEL;10,100.00;10,100.00;10,069.26;10,000.00;-20;-0,2;14,748.00;148,501,470.00
2024-10-16;TERPEL;10,180.00;10,180.00;10,196.94;10,180.00;80;0,79;8,213.00;83,747,480.00
2024-10-17;TERPEL;10,200.00;10,340.00;10,223.77;10,200.00;20;0,2;12,221.00;124,944,700.00
2024-10-18;TERPEL;10,200.00;10,200.00;10,202.59;10,200.00;0;;70,916.00;723,526,760.00
2024-10-21;TERPEL;10,380.00;10,380.00;10,308.44;10,200.00;180;1,76;14,696.00;151,492,860.00
2024-10-22;TERPEL;10,380.00;;10,395.68;;;;2,357.00;24,502,620.00
2024-10-23;TERPEL;10,300.00;10,300.00;10,268.01;10,300.00;-80;-0,77;3,580.00;36,759,480.00
2024-10-24;TERPEL;10,400.00;10,400.00;10,400.62;10,380.00;100;0,97;7,924.00;82,414,520.00
2024-10-25;TERPEL;10,400.00;;10,423.62;;;;3,721.00;38,786,280.00
2024-10-28;TERPEL;10,500.00;10,500.00;10,402.78;10,500.00;100;0,96;5,600.00;58,255,560.00
2024-10-29;TERPEL;10,300.00;10,300.00;10,278.18;10,200.00;-200;-1,9;9,465.00;97,282,960.00
2024-10-30;TERPEL;10,420.00;10,420.00;10,325.85;10,200.00;120;1,17;21,535.00;222,367,160.00
2024-10-31;TERPEL;10,420.00;;10,485.88;;;;3,799.00;39,835,860.00
2024-11-01;TERPEL;10,300.00;10,400.00;10,378.24;10,300.00;-120;-1,15;8,844.00;91,785,160.00
2024-11-05;TERPEL;10,340.00;10,340.00;10,339.56;10,340.00;40;0,39;35,274.00;364,717,660.00
2024-11-06;TERPEL;10,300.00;10,480.00;10,412.92;10,300.00;-40;-0,39;8,364.00;87,093,700.00
2024-11-07;TERPEL;10,400.00;10,400.00;10,353.58;10,300.00;100;0,97;8,475.00;87,746,600.00
2024-11-08;TERPEL;10,280.00;10,280.00;10,290.96;10,280.00;-120;-1,15;4,523.00;46,546,020.00
2024-11-12;TERPEL;10,220.00;10,300.00;10,251.90;10,220.00;-60;-0,58;11,840.00;121,382,480.00
2024-11-13;TERPEL;10,220.00;10,360.00;10,269.44;10,220.00;0;0;4,300.00;44,158,580.00
2024-11-14;TERPEL;10,220.00;10,220.00;10,203.26;10,200.00;0;0;10,785.00;110,042,160.00
2024-11-15;TERPEL;10,600.00;10,600.00;10,503.01;10,400.00;380;3,72;270,371.00;2,839,708,760.00
2024-11-18;TERPEL;10,500.00;10,560.00;10,552.38;10,500.00;-100;-0,94;12,114.00;127,831,540.00
2024-11-19;TERPEL;10,500.00;10,580.00;10,527.19;10,500.00;0;0;17,589.00;185,162,660.00
2024-11-20;TERPEL;10,800.00;10,800.00;10,689.32;10,660.00;300;2,86;8,781.00;93,862,880.00
2024-11-21;TERPEL;10,700.00;10,700.00;10,681.47;10,580.00;-100;-0,93;11,391.00;121,672,580.00
2024-11-22;TERPEL;11,100.00;11,100.00;11,074.82;10,940.00;400;3,74;48,628.00;538,546,360.00
2024-11-25;TERPEL;11,160.00;11,160.00;11,101.88;11,000.00;60;0,54;1,076,218.00;11,948,043,560.00
2024-11-26;TERPEL;11,300.00;11,300.00;11,196.37;11,100.00;140;1,25;39,052.00;437,240,620.00
2024-11-27;TERPEL;11,300.00;11,300.00;11,102.53;11,000.00;0;0;25,607.00;284,302,520.00
2024-11-28;TERPEL;11,200.00;11,300.00;11,269.33;11,200.00;-100;-0,88;11,937.00;134,521,980.00
2024-11-29;TERPEL;11,200.00;11,200.00;11,171.67;11,140.00;0;0;8,051.00;89,943,120.00
2024-12-02;TERPEL;11,120.00;11,200.00;11,168.74;11,120.00;-80;-0,71;29,394.00;328,293,940.00
2024-12-03;TERPEL;11,200.00;11,220.00;11,202.40;11,200.00;80;0,72;83,597.00;936,487,340.00
2024-12-04;TERPEL;11,200.00;11,200.00;11,195.56;11,200.00;0;;6,069.00;67,945,880.00
2024-12-05;TERPEL;11,040.00;11,200.00;11,094.92;11,000.00;-160;-1,43;23,063.00;255,882,080.00
2024-12-06;TERPEL;11,040.00;;11,039.55;;;;2,720.00;30,027,580.00
2024-12-09;TERPEL;10,880.00;10,880.00;10,863.25;10,820.00;-160;-1,45;15,788.00;171,509,000.00
2024-12-10;TERPEL;10,980.00;11,000.00;10,979.57;10,980.00;100;0,92;6,882.00;75,561,380.00
2024-12-11;TERPEL;10,900.00;10,940.00;10,924.56;10,900.00;-80;-0,73;5,794.00;63,296,880.00
2024-12-12;TERPEL;10,900.00;;10,932.34;;;;2,015.00;22,028,660.00
2024-12-13;TERPEL;10,920.00;11,500.00;11,245.69;10,920.00;20;0,18;12,097.00;136,039,080.00
2024-12-16;TERPEL;11,100.00;11,100.00;11,070.89;11,020.00;180;1,65;6,449.00;71,396,160.00
2024-12-17;TERPEL;11,280.00;11,280.00;11,246.68;11,280.00;180;1,62;4,659.00;52,398,300.00
2024-12-18;TERPEL;11,360.00;11,480.00;11,349.22;11,360.00;80;0,71;5,946.00;67,482,440.00
2024-12-19;TERPEL;11,100.00;11,160.00;11,161.44;11,100.00;-260;-2,29;7,852.00;87,639,640.00
2024-12-20;TERPEL;11,040.00;11,200.00;11,123.48;11,040.00;-60;-0,54;18,132.00;201,690,920.00
2024-12-23;TERPEL;11,360.00;11,360.00;11,246.01;11,200.00;320;2,9;46,734.00;525,571,120.00
2024-12-24;TERPEL;11,360.00;;11,200.00;;;;1,581.00;17,707,200.00
2024-12-26;TERPEL;11,360.00;;11,298.71;;;;3,003.00;33,930,020.00
2024-12-27;TERPEL;11,500.00;11,500.00;11,484.35;11,500.00;140;1,23;1,766.00;20,281,360.00
2024-12-30;TERPEL;11,500.00;11,500.00;11,464.43;11,300.00;0;0;6,926.00;79,402,620.00
2024-01-02;TERPEL;7,750.00;;7,699.37;;;;5,539.00;42,646,810.00
2024-01-03;TERPEL;7,610.00;7,740.00;7,682.83;7,610.00;-140;-1,81;10,030.00;77,058,760.00
2024-01-04;TERPEL;7,810.00;7,850.00;7,795.09;7,800.00;200;2,63;16,968.00;132,267,040.00
2024-01-05;TERPEL;8,010.00;8,200.00;8,099.80;7,970.00;200;2,56;31,454.00;254,771,150.00
2024-01-09;TERPEL;8,040.00;8,070.00;8,081.41;8,000.00;30;0,37;26,124.00;211,118,820.00
2024-01-10;TERPEL;8,180.00;8,180.00;8,166.02;8,180.00;140;1,74;10,892.00;88,944,250.00
2024-01-11;TERPEL;8,370.00;8,370.00;8,337.62;8,300.00;190;2,32;9,163.00;76,397,600.00
2024-01-12;TERPEL;8,380.00;8,380.00;8,333.16;8,380.00;10;0,12;5,366.00;44,715,760.00
2024-01-15;TERPEL;8,380.00;;8,239.00;;;;5,719.00;47,118,860.00
2024-01-16;TERPEL;8,230.00;8,350.00;8,270.72;8,170.00;-150;-1,79;16,078.00;132,976,590.00
2024-01-17;TERPEL;8,200.00;8,330.00;8,270.60;8,200.00;-30;-0,36;8,038.00;66,479,090.00
2024-01-18;TERPEL;8,200.00;8,290.00;8,239.96;8,200.00;0;0;12,458.00;102,653,400.00
2024-01-19;TERPEL;8,200.00;;8,013.72;;;;8,121.00;65,079,460.00
2024-01-22;TERPEL;7,990.00;7,990.00;7,987.01;7,990.00;-210;-2,56;16,248.00;129,772,970.00
2024-01-23;TERPEL;8,000.00;8,050.00;7,995.13;7,980.00;10;0,13;41,715.00;333,516,710.00
2024-01-24;TERPEL;7,990.00;7,990.00;7,949.12;7,990.00;-10;-0,12;6,750.00;53,656,570.00
2024-01-25;TERPEL;8,000.00;8,020.00;7,984.27;7,990.00;10;0,13;22,780.00;181,881,600.00
2024-01-26;TERPEL;7,980.00;7,990.00;7,983.91;7,980.00;-20;-0,25;41,852.00;334,142,500.00
2024-01-29;TERPEL;7,940.00;7,950.00;7,941.60;7,940.00;-40;-0,5;9,583.00;76,104,370.00
2024-01-30;TERPEL;7,940.00;7,940.00;7,944.64;7,940.00;0;;11,385.00;90,449,710.00
2024-01-31;TERPEL;7,940.00;;7,948.47;;;;2,862.00;22,748,530.00
2024-02-01;TERPEL;7,890.00;7,910.00;7,920.77;7,890.00;-50;-0,63;9,239.00;73,180,040.00
2024-02-02;TERPEL;7,890.00;;7,930.90;;;;3,778.00;29,962,930.00
2024-02-05;TERPEL;7,820.00;7,860.00;7,834.12;7,820.00;-70;-0,89;15,996.00;125,314,600.00
2024-02-06;TERPEL;7,820.00;;7,825.25;;;;3,134.00;24,524,340.00
2024-02-07;TERPEL;7,840.00;7,840.00;7,838.46;7,840.00;20;0,26;4,870.00;38,173,320.00
2024-02-08;TERPEL;7,800.00;7,800.00;7,837.37;7,800.00;-40;-0,51;6,489.00;50,856,700.00
2024-02-09;TERPEL;7,800.00;7,800.00;7,830.88;7,800.00;0;;4,842.00;37,917,110.00
2024-02-12;TERPEL;7,800.00;;7,932.62;;;;1,857.00;14,730,870.00
2024-02-13;TERPEL;7,800.00;7,800.00;7,874.83;7,800.00;0;;4,972.00;39,153,670.00
2024-02-14;TERPEL;7,900.00;7,900.00;7,878.38;7,900.00;100;1,28;2,569.00;20,239,550.00
2024-02-15;TERPEL;7,850.00;7,850.00;7,879.77;7,800.00;-50;-0,63;9,567.00;75,385,770.00
2024-02-16;TERPEL;7,850.00;;7,884.63;;;;1,478.00;11,653,480.00
2024-02-19;TERPEL;7,850.00;;7,865.34;;;;4,292.00;33,758,050.00
2024-02-20;TERPEL;7,670.00;7,670.00;7,736.10;7,670.00;-180;-2,29;6,342.00;49,062,370.00
2024-02-21;TERPEL;7,750.00;7,890.00;7,825.38;7,750.00;80;1,04;8,789.00;68,777,300.00
2024-02-22;TERPEL;7,750.00;;7,782.53;;;;1,614.00;12,561,000.00
2024-02-23;TERPEL;8,000.00;8,100.00;8,063.53;8,000.00;250;3,23;26,297.00;212,046,750.00
2024-02-26;TERPEL;8,150.00;8,180.00;8,152.51;8,150.00;150;1,88;24,653.00;200,983,820.00
2024-02-27;TERPEL;8,180.00;8,180.00;8,153.04;8,130.00;30;0,37;9,551.00;77,869,670.00
2024-02-28;TERPEL;8,100.00;8,120.00;8,094.67;8,100.00;-80;-0,98;12,611.00;102,081,870.00
2024-02-29;TERPEL;8,020.00;8,020.00;8,052.21;8,020.00;-80;-0,99;6,711.00;54,038,360.00
2024-03-01;TERPEL;8,120.00;8,120.00;8,106.17;8,040.00;100;1,25;19,708.00;159,756,310.00
2024-03-04;TERPEL;8,190.00;8,190.00;8,076.56;7,900.00;70;0,86;20,946.00;169,171,560.00
2024-03-05;TERPEL;8,200.00;8,200.00;8,196.76;8,200.00;10;0,12;31,702.00;259,853,650.00
2024-03-06;TERPEL;8,100.00;8,250.00;8,146.00;8,100.00;-100;-1,22;11,936.00;97,230,680.00
2024-03-07;TERPEL;8,160.00;8,160.00;8,183.38;8,160.00;60;0,74;2,636.00;21,571,380.00
2024-03-08;TERPEL;8,200.00;8,200.00;8,200.54;8,180.00;40;0,49;8,143.00;66,777,020.00
2024-03-11;TERPEL;8,200.00;;8,274.43;;;;3,557.00;29,432,150.00
2024-03-12;TERPEL;8,440.00;8,450.00;8,377.47;8,220.00;240;2,93;20,276.00;169,861,670.00
2024-03-13;TERPEL;8,460.00;8,460.00;8,442.36;8,460.00;20;0,24;7,978.00;67,353,110.00
2024-03-14;TERPEL;8,400.00;8,490.00;8,445.13;8,400.00;-60;-0,71;14,668.00;123,873,200.00
2024-03-15;TERPEL;8,230.00;8,450.00;8,251.02;8,200.00;-170;-2,02;31,541.00;260,245,400.00
2024-03-18;TERPEL;8,260.00;8,290.00;8,270.91;8,260.00;30;0,36;15,187.00;125,610,320.00
2024-03-19;TERPEL;8,350.00;8,350.00;8,361.87;8,350.00;90;1,09;3,479.00;29,090,960.00
2024-03-20;TERPEL;8,450.00;8,450.00;8,331.03;8,260.00;100;1,2;10,200.00;84,976,510.00
2024-03-21;TERPEL;8,340.00;8,480.00;8,410.71;8,340.00;-110;-1,3;47,538.00;399,828,130.00
2024-03-22;TERPEL;8,000.00;8,280.00;8,126.29;8,000.00;-340;-4,08;34,745.00;282,347,790.00
2024-03-26;TERPEL;7,850.00;8,000.00;7,833.17;7,770.00;-150;-1,87;47,912.00;375,302,900.00
2024-03-27;TERPEL;7,900.00;7,900.00;7,851.09;7,840.00;50;0,64;21,677.00;170,188,150.00
2024-04-01;TERPEL;7,900.00;7,900.00;7,906.63;7,900.00;0;;12,665.00;100,137,530.00
2024-04-02;TERPEL;7,920.00;7,920.00;7,877.33;7,800.00;20;0,25;24,456.00;192,648,010.00
2024-04-03;TERPEL;8,240.00;8,240.00;8,002.93;7,930.00;320;4,04;50,368.00;403,091,330.00
2024-04-04;TERPEL;8,050.00;8,150.00;8,056.41;8,000.00;-190;-2,31;30,116.00;242,626,700.00
2024-04-05;TERPEL;8,000.00;8,100.00;8,002.54;7,950.00;-50;-0,62;71,530.00;572,421,370.00
2024-04-08;TERPEL;7,900.00;7,990.00;7,958.09;7,900.00;-100;-1,25;11,501.00;91,525,950.00
2024-04-09;TERPEL;8,150.00;8,150.00;8,023.39;7,980.00;250;3,16;77,895.00;624,981,980.00
2024-04-10;TERPEL;8,010.00;8,150.00;8,061.37;8,010.00;-140;-1,72;43,084.00;347,315,850.00
2024-04-11;TERPEL;8,190.00;8,190.00;8,117.70;8,010.00;180;2,25;31,258.00;253,743,200.00
2024-04-12;TERPEL;8,100.00;8,200.00;8,146.88;8,020.00;-90;-1,1;28,572.00;232,772,760.00
2024-04-15;TERPEL;8,100.00;8,100.00;8,050.27;8,030.00;0;0;10,342.00;83,255,940.00
2024-04-16;TERPEL;8,120.00;8,120.00;8,087.95;8,090.00;20;0,25;9,077.00;73,414,290.00
2024-04-17;TERPEL;8,100.00;8,100.00;8,011.19;7,910.00;-20;-0,25;73,142.00;585,954,360.00
2024-04-18;TERPEL;8,090.00;8,100.00;8,077.64;8,060.00;-10;-0,12;17,841.00;144,113,160.00
2024-04-19;TERPEL;8,180.00;8,180.00;8,141.74;8,100.00;90;1,11;33,624.00;273,758,030.00
2024-04-22;TERPEL;8,180.00;;8,101.14;;;;2,600.00;21,062,960.00
2024-04-23;TERPEL;8,100.00;8,100.00;8,108.36;8,100.00;-80;-0,98;15,833.00;128,379,700.00
2024-04-24;TERPEL;8,100.00;8,100.00;8,027.93;8,000.00;0;0;13,768.00;110,528,550.00
2024-04-25;TERPEL;8,100.00;;8,124.24;;;;792.00;6,434,400.00
2024-04-26;TERPEL;8,100.00;8,180.00;8,122.70;8,090.00;0;0;20,678.00;167,961,240.00
2024-04-29;TERPEL;8,150.00;8,150.00;8,152.17;8,150.00;50;0,62;19,932.00;162,489,050.00
2024-04-30;TERPEL;8,100.00;8,100.00;8,106.10;8,100.00;-50;-0,61;6,759.00;54,789,160.00
2024-05-02;TERPEL;8,240.00;8,240.00;8,194.81;8,120.00;140;1,73;18,507.00;151,661,420.00
2024-05-03;TERPEL;8,210.00;8,280.00;8,254.86;8,200.00;-30;-0,36;23,458.00;193,642,420.00
2024-05-06;TERPEL;8,340.00;8,340.00;8,319.50;8,300.00;130;1,58;15,769.00;131,190,260.00
2024-05-07;TERPEL;8,200.00;8,300.00;8,283.06;8,200.00;-140;-1,68;16,215.00;134,309,770.00
2024-05-08;TERPEL;8,220.00;8,240.00;8,230.18;8,220.00;20;0,24;20,084.00;165,294,950.00
2024-05-09;TERPEL;8,310.00;8,460.00;8,363.06;8,280.00;90;1,09;20,272.00;169,536,020.00
2024-05-10;TERPEL;8,350.00;8,450.00;8,305.07;8,200.00;40;0,48;25,857.00;214,744,200.00
2024-05-14;TERPEL;8,500.00;8,500.00;8,466.99;8,400.00;150;1,8;37,202.00;314,989,070.00
2024-05-15;TERPEL;8,750.00;9,150.00;8,865.38;8,450.00;250;2,94;53,886.00;477,719,640.00
2024-05-16;TERPEL;9,380.00;9,380.00;9,263.34;9,150.00;630;7,2;50,246.00;465,445,580.00
2024-05-17;TERPEL;10,180.00;10,280.00;9,928.78;9,380.00;800;8,53;129,621.00;1,286,978,120.00
2024-05-20;TERPEL;9,960.00;10,100.00;10,008.79;9,820.00;-220;-2,16;53,585.00;536,321,070.00
2024-05-21;TERPEL;9,750.00;10,000.00;9,901.86;9,750.00;-210;-2,11;49,638.00;491,508,440.00
2024-05-22;TERPEL;9,470.00;9,780.00;9,342.10;8,900.00;-280;-2,87;43,751.00;408,726,260.00
2024-05-23;TERPEL;9,780.00;9,780.00;9,532.85;9,380.00;310;3,27;10,759.00;102,563,970.00
2024-05-24;TERPEL;9,600.00;9,600.00;9,678.20;9,510.00;-180;-1,84;24,709.00;239,138,710.00
2024-05-27;TERPEL;9,800.00;10,500.00;10,022.40;9,720.00;200;2,08;44,313.00;444,122,650.00
2024-05-28;TERPEL;9,600.00;9,800.00;9,552.67;9,160.00;-200;-2,04;31,690.00;302,724,030.00
2024-05-29;TERPEL;9,500.00;9,640.00;9,540.59;9,500.00;-100;-1,04;17,678.00;168,658,580.00
2024-05-30;TERPEL;9,500.00;9,500.00;9,493.51;9,500.00;0;;9,173.00;87,083,940.00
2024-05-31;TERPEL;9,300.00;9,500.00;9,313.61;9,300.00;-200;-2,11;87,862.00;818,312,330.00
2024-06-04;TERPEL;9,480.00;9,480.00;9,443.54;9,300.00;180;1,94;6,202.00;58,568,830.00
2024-06-05;TERPEL;9,590.00;9,590.00;9,587.10;9,590.00;110;1,16;5,430.00;52,057,960.00
2024-06-06;TERPEL;9,590.00;;9,487.03;;;;3,476.00;32,976,900.00
2024-06-07;TERPEL;9,380.00;9,600.00;9,411.34;9,380.00;-210;-2,19;42,661.00;401,497,080.00
2024-06-11;TERPEL;9,300.00;9,340.00;9,311.49;9,300.00;-80;-0,85;20,514.00;191,015,950.00
2024-06-12;TERPEL;9,150.00;9,230.00;9,185.77;9,150.00;-150;-1,61;13,269.00;121,885,960.00
2024-06-13;TERPEL;9,130.00;9,150.00;9,140.05;9,130.00;-20;-0,22;24,724.00;225,978,550.00
2024-06-14;TERPEL;9,000.00;9,150.00;9,038.42;9,000.00;-130;-1,42;18,409.00;166,388,280.00
2024-06-17;TERPEL;8,900.00;8,900.00;8,905.13;8,900.00;-100;-1,11;42,406.00;377,630,890.00
2024-06-18;TERPEL;8,900.00;9,000.00;8,921.43;8,880.00;0;0;56,950.00;508,075,400.00
2024-06-19;TERPEL;9,000.00;9,000.00;8,987.99;8,900.00;100;1,12;15,080.00;135,538,860.00
2024-06-20;TERPEL;9,000.00;9,000.00;8,993.21;8,910.00;0;0;23,418.00;210,603,080.00
2024-06-21;TERPEL;9,040.00;9,200.00;9,156.62;9,040.00;40;0,44;27,823.00;254,764,500.00
2024-06-24;TERPEL;9,040.00;;9,000.21;;;;5,481.00;49,330,130.00
2024-06-25;TERPEL;8,960.00;9,000.00;8,977.52;8,960.00;-80;-0,88;11,197.00;100,521,340.00
2024-06-26;TERPEL;8,960.00;;8,955.96;;;;2,331.00;20,876,340.00
2024-06-27;TERPEL;8,960.00;;9,044.38;;;;2,144.00;19,391,160.00
2024-06-28;TERPEL;9,000.00;9,000.00;9,063.58;9,000.00;40;0,45;3,130.00;28,369,010.00
2023-07-04;TERPEL;7,000.00;;7,217.32;;;;1,505.00;10,862,070.00
2023-07-05;TERPEL;7,000.00;;7,162.06;;;;5,346.00;38,288,380.00
2023-07-06;TERPEL;7,010.00;7,010.00;7,028.19;7,010.00;10;0,14;3,705.00;26,039,430.00
2023-07-07;TERPEL;7,265.00;7,265.00;7,246.41;7,265.00;255;3,64;3,957.00;28,674,055.00
2023-07-10;TERPEL;7,120.00;7,120.00;7,162.62;7,120.00;-145;-2;2,667.00;19,102,710.00
2023-07-11;TERPEL;7,120.00;;7,217.72;;;;824.00;5,947,400.00
2023-07-12;TERPEL;7,300.00;7,300.00;7,256.20;7,300.00;180;2,53;4,061.00;29,467,415.00
2023-07-13;TERPEL;7,300.00;7,300.00;7,258.12;7,300.00;0;;3,666.00;26,608,265.00
2023-07-14;TERPEL;7,300.00;;7,211.31;;;;3,316.00;23,912,705.00
2023-07-17;TERPEL;7,300.00;;7,172.40;;;;847.00;6,075,020.00
2023-07-18;TERPEL;7,200.00;7,200.00;7,212.66;7,200.00;-100;-1,37;14,983.00;108,067,330.00
2023-07-19;TERPEL;7,365.00;7,365.00;7,334.85;7,365.00;165;2,29;3,312.00;24,293,020.00
2023-07-21;TERPEL;7,300.00;7,300.00;7,299.76;7,200.00;-65;-0,88;6,416.00;46,835,250.00
2023-07-24;TERPEL;7,225.00;7,225.00;7,225.18;7,225.00;-75;-1,03;3,388.00;24,478,915.00
2023-07-25;TERPEL;7,375.00;7,375.00;7,343.97;7,375.00;150;2,08;4,986.00;36,617,020.00
2023-07-26;TERPEL;7,130.00;7,130.00;7,182.59;7,130.00;-245;-3,32;7,574.00;54,400,910.00
2023-07-27;TERPEL;7,135.00;7,135.00;7,136.48;7,135.00;5;0,07;4,148.00;29,602,115.00
2023-07-28;TERPEL;7,315.00;7,315.00;7,298.49;7,315.00;180;2,52;4,259.00;31,084,260.00
2023-07-31;TERPEL;;;7,211.46;;;;7,685.00;55,420,090.00
2023-08-01;TERPEL;7,315.00;;7,279.76;;;;4,343.00;31,615,995.00
2023-08-02;TERPEL;7,250.00;7,250.00;7,255.12;7,250.00;-65;-0,89;3,785.00;27,460,645.00
2023-08-03;TERPEL;7,210.00;7,210.00;7,224.34;7,200.00;-40;-0,55;5,381.00;38,874,180.00
2023-08-04;TERPEL;;;7,224.39;;;;781.00;5,642,250.00
2023-08-08;TERPEL;7,260.00;;7,190.98;;;;1,000.00;7,190,980.00
2023-08-09;TERPEL;7,100.00;7,110.00;7,091.60;7,000.00;-160;-2,2;33,908.00;240,461,920.00
2023-08-10;TERPEL;7,100.00;;7,123.23;;;;4,291.00;30,565,790.00
2023-08-11;TERPEL;7,225.00;7,225.00;7,215.47;7,225.00;125;1,76;2,956.00;21,328,930.00
2023-08-14;TERPEL;7,225.00;;7,209.83;;;;2,562.00;18,471,580.00
2023-08-15;TERPEL;7,100.00;7,100.00;7,125.87;7,100.00;-125;-1,73;6,062.00;43,197,020.00
2023-08-16;TERPEL;7,100.00;7,110.00;7,109.63;7,090.00;0;0;10,841.00;77,075,460.00
2023-08-17;TERPEL;7,005.00;7,005.00;7,068.45;7,005.00;-95;-1,34;3,058.00;21,615,315.00
2023-08-18;TERPEL;7,005.00;;7,097.48;;;;2,221.00;15,763,495.00
2023-08-22;TERPEL;7,050.00;7,050.00;7,033.43;7,050.00;45;0,64;4,887.00;34,372,385.00
2023-08-23;TERPEL;7,050.00;7,050.00;7,048.49;6,450.00;0;0;893,649.00;6,298,872,220.00
2023-08-24;TERPEL;7,050.00;;7,084.33;;;;2,573.00;18,227,985.00
2023-08-25;TERPEL;7,100.00;7,100.00;7,054.09;7,000.00;50;0,71;20,502.00;144,622,885.00
2023-08-28;TERPEL;7,100.00;;6,983.56;;;;2,930.00;20,461,840.00
2023-08-29;TERPEL;7,100.00;;7,069.51;;;;4,641.00;32,809,595.00
2023-08-30;TERPEL;6,950.00;7,100.00;6,998.41;6,950.00;-150;-2,11;6,141.00;42,977,230.00
2023-08-31;TERPEL;7,000.00;7,000.00;6,976.13;6,905.00;50;0,72;5,968.00;41,633,555.00
2023-09-01;TERPEL;6,900.00;6,900.00;6,905.93;6,900.00;-100;-1,43;4,754.00;32,830,770.00
2023-09-04;TERPEL;6,900.00;;6,910.30;;;;1,603.00;11,077,215.00
2023-09-05;TERPEL;6,900.00;6,900.00;6,925.95;6,900.00;0;;2,307.00;15,978,170.00
2023-09-06;TERPEL;6,795.00;6,800.00;6,801.74;6,795.00;-105;-1,52;12,203.00;83,001,590.00
2023-09-07;TERPEL;7,000.00;7,000.00;6,900.24;6,900.00;205;3,02;9,070.00;62,585,185.00
2023-09-08;TERPEL;7,000.00;;6,922.36;;;;1,593.00;11,027,315.00
2023-09-11;TERPEL;7,000.00;;6,958.88;;;;437.00;3,041,030.00
2023-09-12;TERPEL;7,000.00;;6,970.86;;;;374.00;2,607,100.00
2023-09-13;TERPEL;7,000.00;;6,728.46;;;;662.00;4,454,240.00
2023-09-14;TERPEL;7,000.00;;6,888.78;;;;144.00;991,985.00
2023-09-15;TERPEL;6,370.00;6,370.00;6,624.38;6,370.00;-630;-9;10,361.00;68,635,220.00
2023-09-18;TERPEL;6,720.00;6,720.00;6,747.85;6,715.00;350;5,49;5,693.00;38,415,535.00
2023-09-19;TERPEL;6,605.00;6,895.00;6,695.22;6,605.00;-115;-1,71;11,912.00;79,753,460.00
2023-09-20;TERPEL;6,660.00;6,660.00;6,656.31;6,660.00;55;0,83;4,217.00;28,069,650.00
2023-09-21;TERPEL;6,660.00;6,660.00;6,668.42;6,660.00;0;;7,705.00;51,380,200.00
2023-09-22;TERPEL;6,660.00;;6,642.63;;;;7,200.00;47,826,955.00
2023-09-25;TERPEL;6,700.00;6,700.00;6,523.28;6,390.00;40;0,6;12,388.00;80,810,360.00
2023-09-26;TERPEL;6,700.00;7,000.00;6,913.33;6,700.00;0;0;10,169.00;70,301,680.00
2023-09-27;TERPEL;6,700.00;;6,738.84;;;;2,994.00;20,176,085.00
2023-09-28;TERPEL;7,000.00;7,000.00;6,944.34;6,800.00;300;4,48;12,642.00;87,790,355.00
2023-09-29;TERPEL;6,820.00;7,000.00;6,897.53;6,820.00;-180;-2,57;11,754.00;81,073,605.00
2023-10-02;TERPEL;7,000.00;7,000.00;6,929.93;6,820.00;180;2,64;7,582.00;52,542,700.00
2023-10-03;TERPEL;6,900.00;6,900.00;6,900.36;6,900.00;-100;-1,43;11,771.00;81,224,080.00
2023-10-04;TERPEL;6,920.00;6,920.00;6,919.71;6,920.00;20;0,29;4,948.00;34,238,710.00
2023-10-05;TERPEL;6,920.00;;6,935.79;;;;1,475.00;10,230,290.00
2023-10-06;TERPEL;6,710.00;6,900.00;6,870.18;6,710.00;-210;-3,03;45,697.00;313,946,425.00
2023-10-09;TERPEL;6,700.00;6,720.00;6,716.61;6,700.00;-10;-0,15;11,347.00;76,213,350.00
2023-10-10;TERPEL;6,700.00;;6,726.28;;;;3,071.00;20,656,420.00
2023-10-11;TERPEL;6,700.00;;6,749.00;;;;1,557.00;10,508,200.00
2023-10-12;TERPEL;6,700.00;;6,767.34;;;;739.00;5,001,065.00
2023-10-13;TERPEL;6,700.00;;6,761.45;;;;3,240.00;21,907,090.00
2023-10-17;TERPEL;6,950.00;6,950.00;6,921.29;6,950.00;250;3,73;14,788.00;102,352,070.00
2023-10-18;TERPEL;6,900.00;6,900.00;6,871.18;6,900.00;-50;-0,72;2,888.00;19,843,970.00
2023-10-19;TERPEL;6,800.00;6,800.00;6,799.19;6,800.00;-100;-1,45;15,275.00;103,857,610.00
2023-10-20;TERPEL;6,700.00;6,750.00;6,728.55;6,700.00;-100;-1,47;10,810.00;72,735,620.00
2023-10-23;TERPEL;6,725.00;6,725.00;6,746.56;6,725.00;25;0,37;4,157.00;28,045,465.00
2023-10-24;TERPEL;6,710.00;6,750.00;6,713.59;6,710.00;-15;-0,22;7,677.00;51,540,255.00
2023-10-25;TERPEL;6,600.00;6,600.00;6,637.75;6,600.00;-110;-1,64;3,452.00;22,913,500.00
2023-10-26;TERPEL;6,610.00;6,610.00;6,622.16;6,610.00;10;0,15;2,179.00;14,429,685.00
2023-10-27;TERPEL;6,600.00;6,645.00;6,625.62;6,600.00;-10;-0,15;9,600.00;63,605,940.00
2023-10-30;TERPEL;6,600.00;;6,671.33;;;;2,683.00;17,899,175.00
2023-10-31;TERPEL;6,850.00;6,850.00;6,812.92;6,850.00;250;3,79;9,095.00;61,963,485.00
2023-11-01;TERPEL;6,850.00;;6,703.26;;;;1,143.00;7,661,825.00
2023-11-02;TERPEL;6,600.00;6,600.00;6,657.03;6,600.00;-250;-3,65;5,061.00;33,691,245.00
2023-11-03;TERPEL;6,620.00;6,620.00;6,615.30;6,620.00;20;0,3;5,128.00;33,923,245.00
2023-11-07;TERPEL;6,600.00;6,625.00;6,609.20;6,600.00;-20;-0,3;4,234.00;27,983,360.00
2023-11-08;TERPEL;6,600.00;;6,634.11;;;;4,627.00;30,696,030.00
2023-11-09;TERPEL;6,570.00;6,630.00;6,614.93;6,570.00;-30;-0,45;6,818.00;45,100,620.00
2023-11-10;TERPEL;6,570.00;;6,645.96;;;;3,560.00;23,659,630.00
2023-11-14;TERPEL;6,750.00;6,800.00;6,745.46;6,690.00;180;2,74;38,550.00;260,037,590.00
2023-11-15;TERPEL;6,830.00;7,000.00;6,927.76;6,830.00;80;1,19;12,364.00;85,654,780.00
2023-11-16;TERPEL;6,950.00;6,950.00;6,901.69;6,890.00;120;1,76;25,637.00;176,938,750.00
2023-11-17;TERPEL;6,870.00;6,950.00;6,903.49;6,860.00;-80;-1,15;11,649.00;80,418,800.00
2023-11-20;TERPEL;6,870.00;;7,025.95;;;;3,576.00;25,124,780.00
2023-11-21;TERPEL;6,940.00;7,180.00;7,137.82;6,940.00;70;1,02;15,829.00;112,984,600.00
2023-11-22;TERPEL;7,000.00;7,000.00;6,992.72;7,000.00;60;0,86;3,663.00;25,614,340.00
2023-11-23;TERPEL;7,000.00;;7,093.60;;;;1,251.00;8,874,090.00
2023-11-24;TERPEL;7,000.00;;6,993.45;;;;325.00;2,272,870.00
2023-11-27;TERPEL;7,000.00;7,000.00;7,010.74;7,000.00;0;;8,119.00;56,920,190.00
2023-11-28;TERPEL;7,140.00;7,140.00;7,132.59;7,140.00;140;2;11,258.00;80,298,680.00
2023-11-29;TERPEL;7,140.00;;7,041.29;;;;2,828.00;19,912,780.00
2023-11-30;TERPEL;7,140.00;7,140.00;7,096.98;7,000.00;0;0;16,661.00;118,242,800.00
2023-12-01;TERPEL;7,140.00;;7,020.47;;;;2,422.00;17,003,580.00
2023-12-04;TERPEL;7,030.00;7,170.00;7,090.30;7,030.00;-110;-1,54;8,447.00;59,891,760.00
2023-12-05;TERPEL;7,030.00;;7,097.83;;;;3,182.00;22,585,280.00
2023-12-06;TERPEL;7,030.00;;7,055.10;;;;2,715.00;19,154,590.00
2023-12-07;TERPEL;6,920.00;7,070.00;7,012.74;6,920.00;-110;-1,56;8,580.00;60,169,270.00
2023-12-11;TERPEL;7,160.00;7,160.00;7,083.97;7,160.00;240;3,47;2,977.00;21,088,970.00
2023-12-12;TERPEL;7,160.00;;7,118.54;;;;2,845.00;20,252,260.00
2023-12-13;TERPEL;6,990.00;7,000.00;6,990.52;6,980.00;-170;-2,37;7,103.00;49,653,660.00
2023-12-14;TERPEL;6,990.00;;7,028.79;;;;4,381.00;30,793,120.00
2023-12-15;TERPEL;7,010.00;7,010.00;7,013.92;7,010.00;20;0,29;7,661.00;53,733,610.00
2023-12-18;TERPEL;7,190.00;7,190.00;7,146.62;7,130.00;180;2,57;11,991.00;85,695,090.00
2023-12-19;TERPEL;7,210.00;7,270.00;7,198.26;7,080.00;20;0,28;11,793.00;84,889,040.00
2023-12-20;TERPEL;7,480.00;7,480.00;7,277.68;7,120.00;270;3,74;23,303.00;169,591,870.00
2023-12-21;TERPEL;7,500.00;7,500.00;7,501.29;7,480.00;20;0,27;6,083.00;45,630,320.00
2023-12-22;TERPEL;7,500.00;7,500.00;7,564.19;7,500.00;0;;6,366.00;48,153,630.00
2023-12-26;TERPEL;7,750.00;7,770.00;7,731.00;7,750.00;250;3,33;21,888.00;169,216,090.00
2023-12-27;TERPEL;7,750.00;;7,723.56;;;;3,856.00;29,782,030.00
2023-12-28;TERPEL;7,750.00;;7,688.99;;;;4,871.00;37,453,090.00
2023-01-02;TERPEL;8,000.00;8,000.00;8,040.31;8,000.00;-30;-0,37;3,618.00;29,089,830.00
2023-01-03;TERPEL;8,000.00;;7,970.26;;;;2,127.00;16,952,745.00
2023-01-04;TERPEL;8,050.00;8,050.00;8,068.77;8,050.00;50;0,63;3,960.00;31,952,340.00
2023-01-05;TERPEL;8,050.00;;8,086.49;;;;2,352.00;19,019,430.00
2023-01-06;TERPEL;8,100.00;8,100.00;8,096.89;8,055.00;50;0,62;12,126.00;98,182,835.00
2023-01-10;TERPEL;8,100.00;8,100.00;8,100.74;8,100.00;0;;24,350.00;197,252,915.00
2023-01-11;TERPEL;8,100.00;8,100.00;8,089.68;8,100.00;0;;6,155.00;49,791,975.00
2023-01-12;TERPEL;8,150.00;8,150.00;8,110.72;8,060.00;50;0,62;22,621.00;183,472,540.00
2023-01-13;TERPEL;8,175.00;8,175.00;8,172.89;8,175.00;25;0,31;9,619.00;78,615,050.00
2023-01-16;TERPEL;8,135.00;8,135.00;8,141.85;8,115.00;-40;-0,49;5,810.00;47,304,155.00
2023-01-17;TERPEL;8,200.00;8,200.00;8,180.54;8,190.00;65;0,8;7,109.00;58,155,460.00
2023-01-18;TERPEL;8,250.00;8,250.00;8,209.06;8,200.00;50;0,61;53,325.00;437,748,060.00
2023-01-19;TERPEL;8,150.00;8,300.00;8,215.59;8,150.00;-100;-1,21;14,387.00;118,197,760.00
2023-01-20;TERPEL;8,150.00;;8,213.68;;;;1,296.00;10,644,925.00
2023-01-23;TERPEL;8,155.00;8,350.00;8,241.77;8,155.00;5;0,06;7,938.00;65,423,140.00
2023-01-24;TERPEL;8,150.00;8,160.00;8,158.01;8,150.00;-5;-0,06;9,689.00;79,042,920.00
2023-01-25;TERPEL;8,200.00;8,200.00;8,128.67;8,100.00;50;0,61;13,346.00;108,485,210.00
2023-01-26;TERPEL;8,200.00;;8,210.70;;;;3,931.00;32,276,270.00
2023-01-27;TERPEL;8,200.00;8,200.00;8,199.38;8,200.00;0;;11,696.00;95,899,900.00
2023-01-30;TERPEL;8,010.00;8,010.00;8,109.69;8,010.00;-190;-2,32;6,027.00;48,877,075.00
2023-01-31;TERPEL;8,180.00;8,180.00;8,116.80;8,025.00;170;2,12;13,288.00;107,856,040.00
2023-02-01;TERPEL;8,060.00;8,060.00;8,065.42;8,060.00;-120;-1,47;3,153.00;25,430,255.00
2023-02-02;TERPEL;8,200.00;8,200.00;8,192.76;8,200.00;140;1,74;9,361.00;76,692,435.00
2023-02-03;TERPEL;8,100.00;8,100.00;8,100.08;8,100.00;-100;-1,22;3,581.00;29,006,400.00
2023-02-06;TERPEL;8,100.00;8,150.00;8,106.94;8,100.00;0;0;5,935.00;48,114,680.00
2023-02-07;TERPEL;8,100.00;;8,156.59;;;;1,584.00;12,920,040.00
2023-02-08;TERPEL;8,100.00;;8,108.05;;;;1,729.00;14,018,820.00
2023-02-09;TERPEL;8,395.00;8,395.00;8,295.18;8,130.00;295;3,64;13,585.00;112,690,055.00
2023-02-10;TERPEL;8,010.00;8,010.00;8,037.12;8,000.00;-385;-4,59;14,223.00;114,311,995.00
2023-02-13;TERPEL;7,950.00;8,020.00;8,004.50;7,950.00;-60;-0,75;16,416.00;131,401,815.00
2023-02-14;TERPEL;7,940.00;7,940.00;7,956.32;7,940.00;-10;-0,13;5,592.00;44,491,750.00
2023-02-15;TERPEL;7,900.00;7,915.00;7,904.77;7,900.00;-40;-0,5;22,945.00;181,374,995.00
2023-02-16;TERPEL;7,900.00;;7,983.15;;;;2,951.00;23,558,270.00
2023-02-17;TERPEL;7,920.00;7,920.00;7,932.08;7,920.00;20;0,25;6,447.00;51,138,145.00
2023-02-20;TERPEL;7,920.00;;7,892.83;;;;1,440.00;11,365,670.00
2023-02-21;TERPEL;7,920.00;;7,912.61;;;;1,443.00;11,417,900.00
2023-02-22;TERPEL;7,920.00;;7,883.80;;;;5,149.00;40,593,685.00
2023-02-23;TERPEL;7,800.00;8,000.00;7,913.10;7,800.00;-120;-1,52;16,120.00;127,559,120.00
2023-02-24;TERPEL;7,805.00;7,805.00;7,895.75;7,800.00;5;0,06;8,316.00;65,661,080.00
2023-02-27;TERPEL;8,075.00;8,075.00;7,937.56;7,850.00;270;3,46;7,703.00;61,143,045.00
2023-02-28;TERPEL;7,830.00;8,065.00;7,960.27;7,830.00;-245;-3,03;7,969.00;63,435,420.00
2023-03-01;TERPEL;7,980.00;8,045.00;8,003.21;7,900.00;150;1,92;12,534.00;100,312,215.00
2023-03-02;TERPEL;7,980.00;;8,014.38;;;;4,639.00;37,178,700.00
2023-03-03;TERPEL;8,085.00;8,085.00;8,161.38;8,085.00;105;1,32;6,115.00;49,906,830.00
2023-03-06;TERPEL;8,220.00;8,220.00;8,215.39;8,100.00;135;1,67;21,462.00;176,318,685.00
2023-03-07;TERPEL;8,490.00;8,490.00;8,498.98;8,490.00;270;3,28;11,005.00;93,531,230.00
2023-03-08;TERPEL;8,490.00;;8,563.76;;;;3,392.00;29,048,285.00
2023-03-09;TERPEL;8,305.00;8,600.00;8,531.79;8,305.00;-185;-2,18;13,015.00;111,041,260.00
2023-03-10;TERPEL;8,305.00;;8,399.59;;;;157.00;1,318,735.00
2023-03-13;TERPEL;8,305.00;;8,314.24;;;;1,649.00;13,710,175.00
2023-03-14;TERPEL;7,800.00;8,305.00;8,004.92;7,800.00;-505;-6,08;51,844.00;415,007,210.00
2023-03-15;TERPEL;8,395.00;8,485.00;8,368.59;8,395.00;595;7,63;5,702.00;47,717,685.00
2023-03-16;TERPEL;8,295.00;8,295.00;8,291.84;8,295.00;-100;-1,19;4,655.00;38,598,500.00
2023-03-17;TERPEL;8,300.00;8,350.00;8,307.80;8,295.00;5;0,06;10,485.00;87,107,330.00
2023-03-21;TERPEL;8,300.00;8,300.00;8,327.23;8,300.00;0;;7,250.00;60,372,410.00
2023-03-22;TERPEL;8,295.00;8,350.00;8,323.64;8,295.00;-5;-0,06;35,624.00;296,521,365.00
2023-03-23;TERPEL;8,270.00;8,290.00;8,241.10;8,110.00;-25;-0,3;60,596.00;499,377,670.00
2023-03-24;TERPEL;8,465.00;8,465.00;8,362.28;8,150.00;195;2,36;20,483.00;171,284,530.00
2023-03-27;TERPEL;7,700.00;7,860.00;7,696.51;7,625.00;-765;-9,04;72,692.00;559,474,365.00
2023-03-28;TERPEL;7,650.00;7,750.00;7,686.79;7,650.00;-50;-0,65;16,543.00;127,162,590.00
2023-03-29;TERPEL;7,645.00;7,645.00;7,600.33;7,645.00;-5;-0,07;7,731.00;58,758,140.00
2023-03-30;TERPEL;7,680.00;7,680.00;7,650.42;7,640.00;35;0,46;13,634.00;104,305,765.00
2023-03-31;TERPEL;7,650.00;7,650.00;7,669.42;7,650.00;-30;-0,39;10,078.00;77,292,375.00
2023-04-03;TERPEL;7,600.00;7,650.00;7,626.04;7,570.00;-50;-0,65;18,900.00;144,132,125.00
2023-04-04;TERPEL;7,650.00;7,650.00;7,656.65;7,650.00;50;0,66;9,814.00;75,142,315.00
2023-04-05;TERPEL;7,700.00;7,700.00;7,680.77;7,655.00;50;0,65;25,817.00;198,294,520.00
2023-04-10;TERPEL;7,685.00;7,690.00;7,676.64;7,685.00;-15;-0,19;19,570.00;150,231,880.00
2023-04-11;TERPEL;7,685.00;;7,643.66;;;;3,319.00;25,369,295.00
2023-04-12;TERPEL;7,440.00;7,550.00;7,427.36;7,310.00;-245;-3,19;21,925.00;162,844,810.00
2023-04-13;TERPEL;7,630.00;7,630.00;7,538.99;7,500.00;190;2,55;19,636.00;148,035,590.00
2023-04-14;TERPEL;7,505.00;7,610.00;7,565.65;7,505.00;-125;-1,64;6,811.00;51,529,645.00
2023-04-17;TERPEL;7,450.00;7,500.00;7,459.67;7,450.00;-55;-0,73;19,164.00;142,957,065.00
2023-04-18;TERPEL;7,450.00;7,450.00;7,473.81;7,450.00;0;;6,846.00;51,165,695.00
2023-04-19;TERPEL;7,450.00;7,450.00;7,439.85;7,400.00;0;0;13,670.00;101,702,765.00
2023-04-20;TERPEL;7,410.00;7,410.00;7,386.54;7,400.00;-40;-0,54;9,621.00;71,065,875.00
2023-04-21;TERPEL;7,600.00;7,600.00;7,508.39;7,440.00;190;2,56;17,741.00;133,206,415.00
2023-04-24;TERPEL;7,450.00;7,600.00;7,516.08;7,450.00;-150;-1,97;5,382.00;40,451,520.00
2023-04-25;TERPEL;7,410.00;7,450.00;7,430.50;7,410.00;-40;-0,54;6,955.00;51,679,150.00
2023-04-26;TERPEL;7,410.00;;7,348.16;;;;3,311.00;24,329,770.00
2023-04-27;TERPEL;7,310.00;7,310.00;7,292.52;7,310.00;-100;-1,35;12,271.00;89,486,455.00
2023-04-28;TERPEL;7,610.00;7,610.00;7,477.15;7,330.00;300;4,1;20,282.00;151,651,570.00
2023-05-02;TERPEL;7,210.00;7,210.00;7,383.11;7,210.00;-400;-5,26;7,889.00;58,245,390.00
2023-05-03;TERPEL;7,310.00;7,310.00;7,375.41;7,310.00;100;1,39;5,754.00;42,438,095.00
2023-05-04;TERPEL;7,310.00;;7,336.05;;;;2,093.00;15,354,355.00
2023-05-05;TERPEL;7,310.00;7,310.00;7,310.64;7,310.00;0;;5,114.00;37,386,600.00
2023-05-08;TERPEL;7,020.00;7,020.00;7,201.51;7,020.00;-290;-3,97;8,059.00;58,036,980.00
2023-05-09;TERPEL;7,020.00;;7,177.37;;;;5,020.00;36,030,400.00
2023-05-10;TERPEL;7,020.00;;7,109.71;;;;780.00;5,545,570.00
2023-05-11;TERPEL;7,020.00;;7,239.61;;;;2,838.00;20,546,000.00
2023-05-12;TERPEL;7,020.00;;7,291.58;;;;2,637.00;19,227,890.00
2023-05-15;TERPEL;7,095.00;7,095.00;7,119.86;7,095.00;75;1,07;10,068.00;71,682,750.00
2023-05-16;TERPEL;7,200.00;7,200.00;7,183.84;7,200.00;105;1,48;5,908.00;42,442,135.00
2023-05-17;TERPEL;7,200.00;;7,137.76;;;;3,697.00;26,388,295.00
2023-05-18;TERPEL;7,200.00;;7,166.40;;;;1,000.00;7,166,400.00
2023-05-19;TERPEL;7,200.00;;7,153.80;;;;1,776.00;12,705,140.00
2023-05-23;TERPEL;7,200.00;;7,148.11;;;;1,432.00;10,236,090.00
2023-05-24;TERPEL;7,200.00;7,200.00;7,179.42;7,150.00;0;0;7,826.00;56,186,160.00
2023-05-25;TERPEL;7,100.00;7,120.00;7,122.85;7,100.00;-100;-1,39;7,543.00;53,727,665.00
2023-05-26;TERPEL;7,100.00;;7,153.30;;;;4,002.00;28,627,500.00
2023-05-29;TERPEL;7,000.00;7,000.00;7,028.54;7,000.00;-100;-1,41;5,839.00;41,039,665.00
2023-05-30;TERPEL;7,275.00;7,275.00;7,145.71;7,000.00;275;3,93;4,387.00;31,348,240.00
2023-05-31;TERPEL;7,400.00;7,400.00;7,282.94;7,010.00;125;1,72;17,502.00;127,466,035.00
2023-06-01;TERPEL;7,045.00;7,390.00;7,189.57;7,045.00;-355;-4,8;5,749.00;41,332,835.00
2023-06-02;TERPEL;7,045.00;;7,202.91;;;;3,408.00;24,547,520.00
2023-06-05;TERPEL;7,200.00;7,200.00;7,151.21;7,095.00;155;2,2;11,248.00;80,436,845.00
2023-06-06;TERPEL;7,200.00;7,200.00;7,259.44;7,200.00;0;;10,788.00;78,314,860.00
2023-06-07;TERPEL;7,360.00;7,360.00;7,328.53;7,360.00;160;2,22;7,190.00;52,692,130.00
2023-06-08;TERPEL;7,360.00;7,360.00;7,340.73;7,360.00;0;;3,453.00;25,347,550.00
2023-06-09;TERPEL;7,360.00;;7,311.46;;;;6,469.00;47,297,845.00
2023-06-13;TERPEL;7,300.00;7,300.00;7,299.78;7,300.00;-60;-0,82;18,789.00;137,155,570.00
2023-06-14;TERPEL;7,300.00;;7,295.16;;;;3,692.00;26,933,740.00
2023-06-15;TERPEL;7,350.00;7,350.00;7,338.25;7,300.00;50;0,68;11,156.00;81,865,480.00
2023-06-16;TERPEL;7,125.00;7,125.00;7,235.51;7,125.00;-225;-3,06;6,389.00;46,227,675.00
2023-06-20;TERPEL;7,200.00;7,200.00;7,210.70;7,200.00;75;1,05;3,874.00;27,934,250.00
2023-06-21;TERPEL;7,200.00;;7,330.63;;;;2,012.00;14,749,225.00
2023-06-22;TERPEL;7,200.00;;7,311.09;;;;2,814.00;20,573,400.00
2023-06-23;TERPEL;7,200.00;;7,274.22;;;;2,191.00;15,937,820.00
2023-06-26;TERPEL;7,000.00;7,250.00;7,121.67;7,000.00;-200;-2,78;7,109.00;50,627,960.00
2023-06-27;TERPEL;7,000.00;;7,214.78;;;;4,109.00;29,645,535.00
2023-06-28;TERPEL;7,000.00;7,030.00;7,025.65;7,000.00;0;0;10,103.00;70,980,140.00
2023-06-29;TERPEL;7,000.00;;7,177.93;;;;1,261.00;9,051,365.00
2023-06-30;TERPEL;7,000.00;;7,287.02;;;;2,402.00;17,503,415.00
2022-07-01;TERPEL;7,900.00;8,000.00;7,948.19;7,900.00;-100;-1,25;9,637.00;76,596,750.00
2022-07-05;TERPEL;7,900.00;8,010.00;7,988.75;7,900.00;0;0;21,204.00;169,393,440.00
2022-07-06;TERPEL;8,200.00;8,210.00;8,199.60;8,185.00;300;3,8;14,098.00;115,598,020.00
2022-07-07;TERPEL;8,500.00;8,500.00;8,340.57;8,250.00;300;3,66;9,891.00;82,496,530.00
2022-07-08;TERPEL;8,600.00;8,640.00;8,505.37;8,400.00;100;1,18;21,519.00;183,027,110.00
2022-07-11;TERPEL;8,520.00;8,620.00;8,554.10;8,500.00;-80;-0,93;12,899.00;110,339,310.00
2022-07-12;TERPEL;8,455.00;8,500.00;8,430.08;8,010.00;-65;-0,76;15,125.00;127,504,890.00
2022-07-13;TERPEL;8,250.00;8,250.00;8,511.31;8,250.00;-205;-2,42;3,826.00;32,564,285.00
2022-07-14;TERPEL;8,200.00;8,250.00;8,222.87;8,150.00;-50;-0,61;28,163.00;231,580,715.00
2022-07-15;TERPEL;8,185.00;8,200.00;8,190.28;8,185.00;-15;-0,18;6,640.00;54,383,465.00
2022-07-18;TERPEL;8,200.00;8,250.00;8,228.53;8,200.00;15;0,18;4,955.00;40,772,370.00
2022-07-19;TERPEL;7,990.00;8,075.00;8,019.70;7,990.00;-210;-2,56;24,974.00;200,284,095.00
2022-07-21;TERPEL;7,910.00;7,990.00;7,999.19;7,910.00;-80;-1;8,628.00;69,016,995.00
2022-07-22;TERPEL;7,810.00;8,000.00;7,947.64;7,810.00;-100;-1,26;23,838.00;189,455,900.00
2022-07-25;TERPEL;8,095.00;8,095.00;8,022.96;8,000.00;285;3,65;5,764.00;46,244,315.00
2022-07-26;TERPEL;8,000.00;8,095.00;7,995.45;8,000.00;-95;-1,17;9,896.00;79,123,015.00
2022-07-27;TERPEL;8,000.00;8,000.00;7,965.93;7,900.00;0;0;8,881.00;70,745,460.00
2022-07-28;TERPEL;7,995.00;8,000.00;7,995.58;7,995.00;-5;-0,06;7,921.00;63,332,995.00
2022-07-29;TERPEL;7,900.00;7,900.00;7,948.36;7,900.00;-95;-1,19;3,596.00;28,582,320.00
2022-08-01;TERPEL;7,860.00;7,910.00;7,895.85;7,860.00;-40;-0,51;15,211.00;120,103,755.00
2022-08-02;TERPEL;7,900.00;7,900.00;7,868.52;7,800.00;40;0,51;22,771.00;179,174,010.00
2022-08-03;TERPEL;7,930.00;7,930.00;7,928.65;7,925.00;30;0,38;8,475.00;67,195,290.00
2022-08-04;TERPEL;7,900.00;7,935.00;7,921.45;7,900.00;-30;-0,38;9,951.00;78,826,330.00
2022-08-05;TERPEL;7,800.00;7,895.00;7,858.53;7,800.00;-100;-1,27;26,876.00;211,205,800.00
2022-08-08;TERPEL;7,950.00;7,950.00;7,837.11;7,800.00;150;1,92;16,300.00;127,744,830.00
2022-08-09;TERPEL;7,705.00;8,000.00;7,851.29;7,705.00;-245;-3,08;60,448.00;474,594,755.00
2022-08-10;TERPEL;7,620.00;7,710.00;7,675.04;7,620.00;-85;-1,1;17,108.00;131,304,625.00
2022-08-11;TERPEL;7,800.00;7,800.00;7,801.73;7,795.00;180;2,36;30,576.00;238,545,550.00
2022-08-12;TERPEL;7,800.00;7,800.00;7,787.31;7,800.00;0;;17,476.00;136,091,110.00
2022-08-16;TERPEL;7,690.00;7,990.00;7,737.53;7,645.00;-110;-1,41;30,348.00;234,818,580.00
2022-08-17;TERPEL;7,600.00;7,690.00;7,673.86;7,600.00;-90;-1,17;32,003.00;245,586,485.00
2022-08-18;TERPEL;7,580.00;7,695.00;7,614.34;7,580.00;-20;-0,26;56,627.00;431,177,500.00
2022-08-19;TERPEL;7,675.00;7,700.00;7,667.33;7,625.00;95;1,25;20,524.00;157,364,180.00
2022-08-22;TERPEL;7,600.00;7,650.00;7,602.58;7,510.00;-75;-0,98;39,464.00;300,028,400.00
2022-08-23;TERPEL;7,650.00;7,655.00;7,619.50;7,510.00;50;0,66;21,565.00;164,314,495.00
2022-08-24;TERPEL;7,850.00;7,850.00;7,668.67;7,650.00;200;2,61;61,025.00;467,980,615.00
2022-08-25;TERPEL;7,650.00;7,845.00;7,763.71;7,650.00;-200;-2,55;9,646.00;74,888,730.00
2022-08-26;TERPEL;7,880.00;7,880.00;7,685.24;7,650.00;230;3,01;82,153.00;631,365,370.00
2022-08-29;TERPEL;7,850.00;7,880.00;7,810.79;7,775.00;-30;-0,38;14,055.00;109,780,620.00
2022-08-30;TERPEL;7,860.00;7,860.00;7,833.70;7,840.00;10;0,13;8,576.00;67,181,780.00
2022-08-31;TERPEL;7,840.00;7,850.00;7,787.44;7,760.00;-20;-0,25;37,316.00;290,596,275.00
2022-09-01;TERPEL;7,835.00;7,835.00;7,822.05;7,825.00;-5;-0,06;8,984.00;70,273,305.00
2022-09-02;TERPEL;8,290.00;8,290.00;7,891.51;7,835.00;455;5,81;75,563.00;596,306,475.00
2022-09-05;TERPEL;8,260.00;8,300.00;8,249.23;8,260.00;-30;-0,36;6,484.00;53,487,980.00
2022-09-06;TERPEL;8,260.00;;8,281.43;;;;2,699.00;22,351,585.00
2022-09-07;TERPEL;8,260.00;8,260.00;8,194.09;8,260.00;0;;3,223.00;26,409,560.00
2022-09-08;TERPEL;8,245.00;8,245.00;8,126.96;7,785.00;-15;-0,18;47,056.00;382,422,090.00
2022-09-09;TERPEL;8,245.00;;8,080.54;;;;1,017.00;8,217,910.00
2022-09-12;TERPEL;8,295.00;8,295.00;7,910.43;7,710.00;50;0,61;10,119.00;80,045,685.00
2022-09-13;TERPEL;8,165.00;8,165.00;7,943.55;7,900.00;-130;-1,57;15,726.00;124,920,250.00
2022-09-14;TERPEL;7,990.00;8,000.00;7,903.21;7,800.00;-175;-2,14;21,878.00;172,906,455.00
2022-09-15;TERPEL;7,950.00;7,950.00;7,863.01;7,710.00;-40;-0,5;6,332.00;49,788,590.00
2022-09-16;TERPEL;7,950.00;;7,840.28;;;;2,030.00;15,915,775.00
2022-09-19;TERPEL;7,850.00;7,850.00;7,856.14;7,850.00;-100;-1,26;6,966.00;54,725,845.00
2022-09-20;TERPEL;8,000.00;8,000.00;7,940.98;7,900.00;150;1,91;8,488.00;67,403,070.00
2022-09-21;TERPEL;7,900.00;8,000.00;7,974.32;7,900.00;-100;-1,25;7,945.00;63,355,980.00
2022-09-22;TERPEL;8,100.00;8,100.00;8,061.08;7,920.00;200;2,53;20,854.00;168,105,765.00
2022-09-23;TERPEL;7,900.00;7,910.00;7,917.69;7,900.00;-200;-2,47;6,939.00;54,940,860.00
2022-09-26;TERPEL;7,990.00;7,990.00;7,866.54;7,805.00;90;1,14;7,279.00;57,260,575.00
2022-09-27;TERPEL;7,740.00;7,740.00;7,763.99;7,740.00;-250;-3,13;5,312.00;41,242,325.00
2022-09-28;TERPEL;7,750.00;7,750.00;7,763.65;7,750.00;10;0,13;5,492.00;42,637,975.00
2022-09-29;TERPEL;7,990.00;7,990.00;7,916.23;7,990.00;240;3,1;4,370.00;34,593,930.00
2022-09-30;TERPEL;8,095.00;8,095.00;7,994.41;7,985.00;105;1,31;13,379.00;106,957,160.00
2022-10-03;TERPEL;8,010.00;8,070.00;7,927.33;7,760.00;-85;-1,05;23,398.00;185,483,675.00
2022-10-04;TERPEL;8,180.00;8,180.00;8,067.53;8,010.00;170;2,12;24,249.00;195,629,475.00
2022-10-05;TERPEL;8,200.00;8,200.00;8,166.13;8,100.00;20;0,24;15,144.00;123,667,865.00
2022-10-06;TERPEL;8,190.00;8,190.00;8,180.38;8,190.00;-10;-0,12;11,829.00;96,765,720.00
2022-10-07;TERPEL;8,100.00;8,200.00;8,163.39;7,820.00;-90;-1,1;21,176.00;172,868,030.00
2022-10-10;TERPEL;8,185.00;8,185.00;8,020.95;7,830.00;85;1,05;8,535.00;68,458,800.00
2022-10-11;TERPEL;8,150.00;8,185.00;8,090.69;8,000.00;-35;-0,43;9,510.00;76,942,500.00
2022-10-12;TERPEL;8,150.00;;7,974.02;;;;2,281.00;18,188,735.00
2022-10-13;TERPEL;8,185.00;8,185.00;8,057.16;7,970.00;35;0,43;38,429.00;309,628,745.00
2022-10-14;TERPEL;7,780.00;8,000.00;7,950.09;7,780.00;-405;-4,95;14,028.00;111,523,900.00
2022-10-18;TERPEL;8,140.00;8,140.00;7,972.35;8,140.00;360;4,63;8,573.00;68,346,995.00
2022-10-19;TERPEL;8,180.00;8,180.00;8,107.94;8,060.00;40;0,49;7,826.00;63,452,720.00
2022-10-20;TERPEL;8,180.00;8,180.00;8,005.73;7,910.00;0;0;8,538.00;68,352,960.00
2022-10-21;TERPEL;8,180.00;;8,051.68;;;;1,794.00;14,444,705.00
2022-10-24;TERPEL;8,080.00;8,080.00;7,952.45;7,815.00;-100;-1,22;14,389.00;114,427,865.00
2022-10-25;TERPEL;8,080.00;;7,917.08;;;;2,523.00;19,974,800.00
2022-10-26;TERPEL;7,805.00;8,030.00;7,810.93;7,720.00;-275;-3,4;23,587.00;184,236,400.00
2022-10-27;TERPEL;7,860.00;7,860.00;7,870.53;7,860.00;55;0,7;4,374.00;34,425,685.00
2022-10-28;TERPEL;8,010.00;8,010.00;7,922.49;7,865.00;150;1,91;7,926.00;62,793,665.00
2022-10-31;TERPEL;8,030.00;8,030.00;7,963.91;7,900.00;20;0,25;12,628.00;100,568,195.00
2022-11-01;TERPEL;8,150.00;8,170.00;8,147.62;8,100.00;120;1,49;25,448.00;207,340,735.00
2022-11-02;TERPEL;8,170.00;8,170.00;8,137.26;8,170.00;20;0,25;8,379.00;68,182,135.00
2022-11-03;TERPEL;8,170.00;8,170.00;8,107.78;8,040.00;0;0;9,641.00;78,167,070.00
2022-11-04;TERPEL;8,160.00;8,170.00;8,125.71;8,100.00;-10;-0,12;18,749.00;152,348,850.00
2022-11-08;TERPEL;8,155.00;8,155.00;8,000.83;7,915.00;-5;-0,06;29,289.00;234,336,310.00
2022-11-09;TERPEL;8,000.00;8,160.00;8,078.24;8,000.00;-155;-1,9;23,211.00;187,503,965.00
2022-11-10;TERPEL;8,185.00;8,185.00;8,116.74;8,050.00;185;2,31;18,512.00;150,257,150.00
2022-11-11;TERPEL;8,185.00;8,185.00;8,150.11;8,100.00;0;0;28,769.00;234,470,635.00
2022-11-15;TERPEL;8,185.00;8,185.00;8,117.47;8,075.00;0;0;33,230.00;269,743,685.00
2022-11-16;TERPEL;8,100.00;8,180.00;8,071.55;8,000.00;-85;-1,04;10,362.00;83,637,400.00
2022-11-17;TERPEL;8,095.00;8,095.00;7,968.20;7,940.00;-5;-0,06;46,000.00;366,537,345.00
2022-11-18;TERPEL;7,960.00;7,960.00;7,963.65;7,960.00;-135;-1,67;2,665.00;21,223,120.00
2022-11-21;TERPEL;8,000.00;8,000.00;7,950.16;7,940.00;40;0,5;21,106.00;167,796,155.00
2022-11-22;TERPEL;8,000.00;8,050.00;8,000.77;8,000.00;0;0;23,016.00;184,145,680.00
2022-11-23;TERPEL;8,000.00;;7,964.82;;;;1,415.00;11,270,220.00
2022-11-24;TERPEL;8,000.00;8,000.00;7,991.33;8,000.00;0;;2,416.00;19,307,055.00
2022-11-25;TERPEL;7,900.00;7,925.00;7,917.41;7,900.00;-100;-1,25;11,813.00;93,528,340.00
2022-11-28;TERPEL;7,910.00;7,910.00;7,911.06;7,910.00;10;0,13;10,205.00;80,732,355.00
2022-11-29;TERPEL;7,960.00;7,960.00;7,954.10;7,910.00;50;0,63;7,620.00;60,610,230.00
2022-11-30;TERPEL;8,140.00;8,140.00;8,100.82;7,910.00;180;2,26;33,832.00;274,067,100.00
2022-12-01;TERPEL;8,140.00;8,140.00;8,137.91;8,140.00;0;;46,067.00;374,889,120.00
2022-12-02;TERPEL;8,140.00;;8,123.71;;;;1,500.00;12,185,560.00
2022-12-05;TERPEL;7,900.00;7,925.00;7,904.44;7,900.00;-240;-2,95;23,084.00;182,466,025.00
2022-12-06;TERPEL;7,780.00;7,780.00;7,803.09;7,705.00;-120;-1,52;4,542.00;35,441,650.00
2022-12-07;TERPEL;7,750.00;7,750.00;7,815.56;7,750.00;-30;-0,39;7,124.00;55,678,080.00
2022-12-09;TERPEL;7,750.00;7,750.00;7,758.27;7,750.00;0;;8,098.00;62,826,485.00
2022-12-12;TERPEL;7,750.00;;7,883.68;;;;971.00;7,655,055.00
2022-12-13;TERPEL;7,600.00;7,730.00;7,643.63;7,600.00;-150;-1,94;19,900.00;152,108,160.00
2022-12-14;TERPEL;7,905.00;7,905.00;7,893.13;7,900.00;305;4,01;5,003.00;39,489,310.00
2022-12-15;TERPEL;7,905.00;;7,882.54;;;;3,761.00;29,646,235.00
2022-12-16;TERPEL;7,700.00;7,700.00;7,731.23;7,700.00;-205;-2,59;3,673.00;28,396,795.00
2022-12-19;TERPEL;7,900.00;7,900.00;7,860.85;7,800.00;200;2,6;3,863.00;30,366,475.00
2022-12-20;TERPEL;7,850.00;7,850.00;7,883.38;7,850.00;-50;-0,63;1,811.00;14,276,805.00
2022-12-21;TERPEL;8,000.00;8,000.00;7,991.70;8,000.00;150;1,91;5,581.00;44,601,700.00
2022-12-22;TERPEL;8,000.00;8,000.00;7,971.35;7,900.00;0;0;22,526.00;179,562,620.00
2022-12-23;TERPEL;8,000.00;;8,038.87;;;;796.00;6,398,940.00
2022-12-26;TERPEL;8,040.00;8,040.00;8,043.61;8,040.00;40;0,5;3,600.00;28,956,985.00
2022-12-27;TERPEL;7,900.00;7,900.00;7,927.19;7,900.00;-140;-1,74;6,879.00;54,531,125.00
2022-12-28;TERPEL;7,900.00;;7,835.31;;;;2,905.00;22,761,585.00
2022-12-29;TERPEL;8,030.00;8,030.00;8,020.54;8,030.00;130;1,65;6,352.00;50,946,485.00
2022-01-03;TERPEL;10,310.00;10,380.00;10,309.18;9,950.00;-30;-0,29;21,177.00;218,317,460.00
2022-01-04;TERPEL;10,330.00;10,330.00;10,325.05;10,300.00;20;0,19;18,755.00;193,646,370.00
2022-01-05;TERPEL;10,330.00;10,430.00;10,371.97;10,330.00;0;0;29,196.00;302,819,940.00
2022-01-06;TERPEL;10,400.00;10,400.00;10,201.61;9,660.00;70;0,68;42,964.00;438,301,780.00
2022-01-07;TERPEL;10,400.00;10,400.00;10,375.98;10,380.00;0;0;3,606.00;37,415,790.00
2022-01-11;TERPEL;10,400.00;10,410.00;10,398.72;10,390.00;0;0;30,954.00;321,881,990.00
2022-01-12;TERPEL;10,140.00;10,300.00;10,194.53;10,100.00;-260;-2,5;48,765.00;497,136,180.00
2022-01-13;TERPEL;10,100.00;10,290.00;10,167.63;10,100.00;-40;-0,39;41,048.00;417,360,860.00
2022-01-14;TERPEL;10,100.00;10,120.00;10,100.01;10,050.00;0;0;27,831.00;281,093,310.00
2022-01-17;TERPEL;10,290.00;10,300.00;10,205.95;10,100.00;190;1,88;220,122.00;2,246,553,730.00
2022-01-18;TERPEL;10,970.00;11,000.00;10,657.29;10,300.00;680;6,61;280,895.00;2,993,579,660.00
2022-01-19;TERPEL;11,290.00;11,300.00;11,062.20;10,960.00;320;2,92;145,187.00;1,606,087,370.00
2022-01-20;TERPEL;11,000.00;11,300.00;11,153.56;11,000.00;-290;-2,57;88,623.00;988,462,380.00
2022-01-21;TERPEL;11,120.00;11,200.00;11,081.65;11,010.00;120;1,09;32,126.00;356,009,160.00
2022-01-24;TERPEL;10,900.00;11,000.00;10,935.49;10,900.00;-220;-1,98;24,067.00;263,184,490.00
2022-01-25;TERPEL;11,000.00;11,000.00;10,863.29;10,700.00;100;0,92;79,335.00;861,839,020.00
2022-01-26;TERPEL;11,100.00;11,290.00;11,135.04;11,000.00;100;0,91;40,287.00;448,597,240.00
2022-01-27;TERPEL;11,200.00;11,200.00;11,125.65;11,000.00;100;0,9;26,434.00;294,095,490.00
2022-01-28;TERPEL;11,170.00;11,200.00;11,193.53;11,170.00;-30;-0,27;16,894.00;189,103,490.00
2022-01-31;TERPEL;11,180.00;11,200.00;11,171.41;11,010.00;10;0,09;18,956.00;211,765,160.00
2022-02-01;TERPEL;11,110.00;11,180.00;11,114.55;11,060.00;-70;-0,63;31,226.00;347,063,050.00
2022-02-02;TERPEL;11,090.00;11,190.00;11,102.79;11,090.00;-20;-0,18;14,583.00;161,912,020.00
2022-02-03;TERPEL;11,050.00;11,300.00;11,125.55;11,050.00;-40;-0,36;26,685.00;296,885,280.00
2022-02-04;TERPEL;11,060.00;11,100.00;11,090.32;11,060.00;10;0,09;12,186.00;135,146,600.00
2022-02-07;TERPEL;11,190.00;11,190.00;11,076.35;11,000.00;130;1,18;24,612.00;272,611,110.00
2022-02-08;TERPEL;11,030.00;11,030.00;11,073.05;11,030.00;-160;-1,43;2,917.00;32,300,090.00
2022-02-09;TERPEL;11,040.00;11,100.00;11,045.09;11,040.00;10;0,09;15,253.00;168,470,800.00
2022-02-10;TERPEL;10,700.00;11,000.00;10,842.31;10,640.00;-340;-3,08;18,318.00;198,609,440.00
2022-02-11;TERPEL;10,830.00;10,980.00;10,860.06;10,800.00;130;1,21;26,727.00;290,256,730.00
2022-02-14;TERPEL;10,860.00;11,080.00;10,927.37;10,850.00;30;0,28;3,786.00;41,371,040.00
2022-02-15;TERPEL;10,910.00;11,000.00;10,995.06;10,910.00;50;0,46;15,142.00;166,487,260.00
2022-02-16;TERPEL;10,920.00;11,090.00;11,034.25;10,920.00;10;0,09;25,188.00;277,930,780.00
2022-02-17;TERPEL;10,910.00;11,100.00;11,061.34;10,910.00;-10;-0,09;47,653.00;527,106,140.00
2022-02-18;TERPEL;11,400.00;11,900.00;11,634.31;11,290.00;490;4,49;69,846.00;812,610,110.00
2022-02-21;TERPEL;11,570.00;11,570.00;11,514.20;11,450.00;170;1,49;8,303.00;95,602,420.00
2022-02-22;TERPEL;11,700.00;11,700.00;11,610.59;11,550.00;130;1,12;42,501.00;493,461,680.00
2022-02-23;TERPEL;11,300.00;11,510.00;11,355.89;11,300.00;-400;-3,42;129,300.00;1,468,316,260.00
2022-02-24;TERPEL;11,300.00;11,400.00;11,292.95;11,200.00;0;0;11,542.00;130,343,180.00
2022-02-25;TERPEL;11,390.00;11,400.00;11,357.02;11,200.00;90;0,8;7,763.00;88,164,580.00
2022-02-28;TERPEL;11,390.00;11,650.00;11,526.61;11,390.00;0;0;36,442.00;420,052,610.00
2022-03-01;TERPEL;11,320.00;11,350.00;11,351.28;11,320.00;-70;-0,61;31,537.00;357,985,340.00
2022-03-02;TERPEL;11,400.00;11,440.00;11,415.97;11,400.00;80;0,71;11,831.00;135,062,320.00
2022-03-03;TERPEL;11,140.00;11,670.00;11,426.80;11,140.00;-260;-2,28;116,131.00;1,327,006,120.00
2022-03-04;TERPEL;11,260.00;11,300.00;11,296.93;11,240.00;120;1,08;20,409.00;230,559,010.00
2022-03-07;TERPEL;11,400.00;11,540.00;11,420.89;11,350.00;140;1,24;41,868.00;478,169,970.00
2022-03-08;TERPEL;11,360.00;11,640.00;11,473.34;11,330.00;-40;-0,35;79,178.00;908,436,210.00
2022-03-09;TERPEL;11,360.00;11,470.00;11,411.66;11,360.00;0;0;18,814.00;214,698,920.00
2022-03-10;TERPEL;11,360.00;11,430.00;11,373.20;11,310.00;0;0;29,677.00;337,522,370.00
2022-03-11;TERPEL;11,340.00;11,580.00;11,375.83;11,310.00;-20;-0,18;50,983.00;579,973,730.00
2022-03-14;TERPEL;11,350.00;11,400.00;11,372.58;11,340.00;10;0,09;53,253.00;605,623,810.00
2022-03-15;TERPEL;11,400.00;11,610.00;11,481.55;11,400.00;50;0,44;88,582.00;1,017,058,880.00
2022-03-16;TERPEL;11,640.00;11,640.00;11,524.04;11,400.00;240;2,11;76,214.00;878,293,270.00
2022-03-17;TERPEL;11,650.00;11,890.00;11,647.08;11,600.00;10;0,09;162,337.00;1,890,751,940.00
2022-03-18;TERPEL;11,020.00;11,630.00;11,128.98;10,960.00;-630;-5,41;128,682.00;1,432,099,090.00
2022-03-22;TERPEL;10,850.00;11,200.00;11,049.00;10,850.00;-170;-1,54;34,224.00;378,140,900.00
2022-03-23;TERPEL;10,900.00;10,900.00;10,803.70;10,760.00;50;0,46;6,117.00;66,086,260.00
2022-03-24;TERPEL;10,870.00;10,870.00;10,771.36;10,710.00;-30;-0,28;17,613.00;189,715,900.00
2022-03-25;TERPEL;10,670.00;10,850.00;10,747.62;10,670.00;-200;-1,84;23,038.00;247,603,650.00
2022-03-28;TERPEL;10,640.00;10,670.00;10,649.37;10,520.00;-30;-0,28;16,194.00;172,455,960.00
2022-03-29;TERPEL;10,600.00;10,600.00;10,538.39;10,500.00;-40;-0,38;33,400.00;351,982,240.00
2022-03-30;TERPEL;10,200.00;10,310.00;10,389.25;10,200.00;-400;-3,77;6,531.00;67,852,190.00
2022-03-31;TERPEL;10,450.00;10,500.00;10,429.15;10,450.00;250;2,45;10,398.00;108,442,290.00
2022-04-01;TERPEL;10,400.00;10,400.00;10,400.16;10,380.00;-50;-0,48;10,795.00;112,269,710.00
2022-04-04;TERPEL;10,010.00;10,440.00;10,199.19;10,010.00;-390;-3,75;21,181.00;216,029,120.00
2022-04-05;TERPEL;10,340.00;10,340.00;10,064.57;9,990.00;330;3,3;39,546.00;398,013,300.00
2022-04-06;TERPEL;10,100.00;10,380.00;10,220.89;10,100.00;-240;-2,32;22,433.00;229,285,210.00
2022-04-07;TERPEL;10,000.00;10,090.00;10,028.96;10,000.00;-100;-0,99;41,612.00;417,324,930.00
2022-04-08;TERPEL;9,960.00;10,110.00;10,048.08;9,960.00;-40;-0,4;9,398.00;94,431,880.00
2022-04-11;TERPEL;9,880.00;10,000.00;9,936.10;9,880.00;-80;-0,8;14,193.00;141,023,065.00
2022-04-12;TERPEL;9,600.00;10,000.00;9,878.58;9,600.00;-280;-2,83;6,615.00;65,346,810.00
2022-04-13;TERPEL;9,650.00;10,190.00;9,903.65;9,650.00;50;0,52;5,598.00;55,440,605.00
2022-04-18;TERPEL;9,760.00;9,800.00;9,824.86;9,760.00;110;1,14;7,060.00;69,363,480.00
2022-04-19;TERPEL;9,750.00;9,780.00;9,783.01;9,750.00;-10;-0,1;9,120.00;89,221,060.00
2022-04-20;TERPEL;9,750.00;;9,764.44;;;;4,750.00;46,381,110.00
2022-04-21;TERPEL;9,700.00;9,780.00;9,680.71;9,450.00;-50;-0,51;10,181.00;98,559,340.00
2022-04-22;TERPEL;9,715.00;9,715.00;9,709.73;9,715.00;15;0,15;45,529.00;442,074,400.00
2022-04-25;TERPEL;9,695.00;9,695.00;9,689.86;9,695.00;-20;-0,21;5,211.00;50,493,840.00
2022-04-26;TERPEL;9,210.00;9,550.00;9,333.10;9,180.00;-485;-5;24,510.00;228,754,230.00
2022-04-27;TERPEL;9,440.00;9,495.00;9,444.42;9,400.00;230;2,5;9,291.00;87,748,105.00
2022-04-28;TERPEL;9,350.00;9,400.00;9,392.26;9,350.00;-90;-0,95;4,608.00;43,279,550.00
2022-04-29;TERPEL;9,380.00;9,400.00;9,391.15;9,360.00;30;0,32;16,745.00;157,254,735.00
2022-05-02;TERPEL;9,300.00;9,405.00;9,328.63;9,300.00;-80;-0,85;31,195.00;291,006,685.00
2022-05-03;TERPEL;9,010.00;9,200.00;9,050.74;9,010.00;-290;-3,12;56,596.00;512,235,850.00
2022-05-04;TERPEL;9,045.00;9,045.00;9,004.60;8,990.00;35;0,39;44,903.00;404,333,585.00
2022-05-05;TERPEL;8,920.00;9,175.00;8,999.24;8,900.00;-125;-1,38;12,718.00;114,452,320.00
2022-05-06;TERPEL;8,850.00;9,095.00;8,924.43;8,850.00;-70;-0,78;10,691.00;95,411,065.00
2022-05-09;TERPEL;8,795.00;8,800.00;8,650.30;8,500.00;-55;-0,62;33,544.00;290,165,580.00
2022-05-10;TERPEL;8,570.00;8,580.00;8,576.34;8,530.00;-225;-2,56;20,603.00;176,698,405.00
2022-05-11;TERPEL;8,650.00;8,700.00;8,654.28;8,530.00;80;0,93;14,813.00;128,195,785.00
2022-05-12;TERPEL;8,700.00;8,700.00;8,681.95;8,650.00;50;0,58;12,793.00;111,068,160.00
2022-05-13;TERPEL;8,850.00;8,850.00;8,789.68;8,710.00;150;1,72;5,248.00;46,128,220.00
2022-05-16;TERPEL;9,300.00;9,500.00;9,216.29;8,890.00;450;5,08;195,931.00;1,805,755,980.00
2022-05-17;TERPEL;9,160.00;9,325.00;9,278.06;9,160.00;-140;-1,51;16,358.00;151,770,510.00
2022-05-18;TERPEL;9,000.00;9,175.00;9,128.46;9,000.00;-160;-1,75;10,097.00;92,170,110.00
2022-05-19;TERPEL;8,870.00;9,000.00;8,944.12;8,870.00;-130;-1,44;8,062.00;72,107,490.00
2022-05-20;TERPEL;8,840.00;8,850.00;8,837.73;8,840.00;-30;-0,34;12,854.00;113,600,150.00
2022-05-23;TERPEL;8,750.00;8,940.00;8,727.84;8,700.00;-90;-1,02;129,183.00;1,127,488,315.00
2022-05-24;TERPEL;8,765.00;8,765.00;8,774.04;8,765.00;15;0,17;4,507.00;39,544,615.00
2022-05-25;TERPEL;8,765.00;;8,790.23;;;;3,765.00;33,095,210.00
2022-05-26;TERPEL;8,800.00;8,900.00;8,851.00;8,800.00;35;0,4;6,238.00;55,212,530.00
2022-05-27;TERPEL;8,750.00;8,750.00;8,777.28;8,750.00;-50;-0,57;5,519.00;48,441,835.00
2022-05-31;TERPEL;9,380.00;9,400.00;9,227.44;9,100.00;630;7,2;57,071.00;526,619,185.00
2022-06-01;TERPEL;9,000.00;9,200.00;9,015.24;9,000.00;-380;-4,05;109,729.00;989,233,390.00
2022-06-02;TERPEL;9,000.00;9,100.00;9,003.30;8,955.00;0;0;40,734.00;366,740,620.00
2022-06-03;TERPEL;9,000.00;9,000.00;8,995.27;8,970.00;0;0;17,398.00;156,499,635.00
2022-06-06;TERPEL;9,000.00;9,000.00;8,998.80;9,000.00;0;;5,700.00;51,293,165.00
2022-06-07;TERPEL;8,910.00;9,000.00;8,942.84;8,910.00;-90;-1;16,223.00;145,079,710.00
2022-06-08;TERPEL;8,900.00;9,000.00;8,950.55;8,900.00;-10;-0,11;15,389.00;137,740,030.00
2022-06-09;TERPEL;8,800.00;8,990.00;8,873.74;8,800.00;-100;-1,12;27,457.00;243,646,205.00
2022-06-10;TERPEL;8,850.00;9,000.00;8,866.00;8,850.00;50;0,57;41,474.00;367,708,280.00
2022-06-13;TERPEL;8,600.00;8,750.00;8,696.89;8,600.00;-250;-2,82;12,483.00;108,563,240.00
2022-06-14;TERPEL;8,650.00;8,650.00;8,540.75;8,500.00;50;0,58;51,125.00;436,645,880.00
2022-06-15;TERPEL;8,600.00;8,650.00;8,632.73;8,600.00;-50;-0,58;18,992.00;163,952,720.00
2022-06-16;TERPEL;8,600.00;;8,761.02;;;;2,338.00;20,483,265.00
2022-06-17;TERPEL;8,690.00;8,690.00;8,636.54;8,600.00;90;1,05;16,806.00;145,145,680.00
2022-06-21;TERPEL;8,360.00;8,600.00;8,445.33;8,100.00;-330;-3,8;67,648.00;571,309,745.00
2022-06-22;TERPEL;8,300.00;8,400.00;8,306.22;8,200.00;-60;-0,72;41,339.00;343,370,970.00
2022-06-23;TERPEL;8,000.00;8,480.00;8,071.18;7,980.00;-300;-3,61;57,723.00;465,892,780.00
2022-06-24;TERPEL;7,890.00;8,200.00;8,003.10;7,890.00;-110;-1,37;99,482.00;796,164,710.00
2022-06-28;TERPEL;7,800.00;8,200.00;7,980.22;7,800.00;-90;-1,14;27,875.00;222,448,725.00
2022-06-29;TERPEL;7,800.00;8,000.00;7,825.05;7,800.00;0;0;21,350.00;167,064,780.00
2022-06-30;TERPEL;8,000.00;8,000.00;7,853.49;7,800.00;200;2,56;17,277.00;135,684,680.00
2021-07-01;TERPEL;7,300.00;7,300.00;7,267.24;7,200.00;100;1,39;5,152.00;37,440,825.00
2021-07-02;TERPEL;7,300.00;0.00;7,258.86;0.00;0;0;603.00;4,377,090.00
2021-07-06;TERPEL;7,395.00;7,395.00;7,395.15;7,395.00;95;1,3;3,649.00;26,984,890.00
2021-07-07;TERPEL;7,395.00;7,395.00;7,394.31;7,395.00;0;0;4,360.00;32,239,170.00
2021-07-08;TERPEL;7,065.00;7,395.00;7,281.39;7,065.00;-330;-4,46;17,473.00;127,227,795.00
2021-07-09;TERPEL;7,210.00;7,210.00;7,245.64;7,210.00;145;2,05;3,645.00;26,410,340.00
2021-07-12;TERPEL;7,200.00;7,200.00;7,190.96;7,100.00;-10;-0,14;32,891.00;236,517,980.00
2021-07-13;TERPEL;7,200.00;7,200.00;7,200.01;7,200.00;0;0;39,901.00;287,287,750.00
2021-07-14;TERPEL;7,200.00;0.00;7,200.00;0.00;0;0;87.00;626,400.00
2021-07-15;TERPEL;7,160.00;7,300.00;7,210.16;7,160.00;-40;-0,56;12,073.00;87,048,260.00
2021-07-16;TERPEL;7,100.00;7,200.00;7,152.97;7,100.00;-60;-0,84;26,950.00;192,772,450.00
2021-07-19;TERPEL;7,050.00;7,100.00;7,079.76;7,005.00;-50;-0,7;16,772.00;118,741,800.00
2021-07-21;TERPEL;7,100.00;7,100.00;7,080.11;6,900.00;50;0,71;19,583.00;138,649,795.00
2021-07-22;TERPEL;7,095.00;7,200.00;7,141.59;7,050.00;-5;-0,07;13,504.00;96,440,045.00
2021-07-23;TERPEL;7,095.00;7,100.00;7,095.47;7,095.00;0;0;10,564.00;74,956,560.00
2021-07-26;TERPEL;7,035.00;7,035.00;7,009.65;7,000.00;-60;-0,85;3,872.00;27,141,380.00
2021-07-27;TERPEL;7,035.00;0.00;7,075.70;0.00;0;0;258.00;1,825,530.00
2021-07-28;TERPEL;7,000.00;7,020.00;7,014.10;7,000.00;-35;-0,5;6,623.00;46,454,375.00
2021-07-29;TERPEL;6,995.00;6,995.00;6,995.79;6,995.00;-5;-0,07;9,890.00;69,188,320.00
2021-07-30;TERPEL;6,940.00;6,940.00;6,950.82;6,940.00;-55;-0,79;5,783.00;40,196,585.00
2021-08-02;TERPEL;6,900.00;6,900.00;6,900.44;6,900.00;-40;-0,58;56,652.00;390,923,480.00
2021-08-03;TERPEL;6,800.00;6,800.00;6,811.28;6,800.00;-100;-1,45;5,842.00;39,791,520.00
2021-08-04;TERPEL;6,800.00;6,825.00;6,800.52;6,800.00;0;0;40,177.00;273,224,400.00
2021-08-05;TERPEL;6,700.00;6,700.00;6,700.87;6,700.00;-100;-1,47;5,092.00;34,120,820.00
2021-08-06;TERPEL;6,895.00;6,895.00;6,817.58;6,700.00;195;2,91;20,532.00;139,978,600.00
2021-08-09;TERPEL;6,990.00;6,990.00;6,980.47;6,990.00;95;1,38;14,069.00;98,208,255.00
2021-08-10;TERPEL;6,600.00;6,760.00;6,630.75;6,600.00;-390;-5,58;33,374.00;221,294,500.00
2021-08-11;TERPEL;6,610.00;6,610.00;6,623.33;6,600.00;10;0,15;5,338.00;35,355,350.00
2021-08-12;TERPEL;6,610.00;0.00;6,687.73;0.00;0;0;322.00;2,153,450.00
2021-08-13;TERPEL;6,890.00;6,890.00;6,861.98;6,890.00;280;4,24;2,979.00;20,441,830.00
2021-08-17;TERPEL;7,350.00;7,435.00;7,269.08;6,980.00;460;6,68;19,520.00;141,892,435.00
2021-08-18;TERPEL;7,500.00;7,900.00;7,632.94;7,500.00;150;2,04;125,102.00;954,896,195.00
2021-08-19;TERPEL;7,500.00;7,500.00;7,524.41;7,500.00;0;0;9,685.00;72,873,950.00
2021-08-20;TERPEL;7,700.00;7,700.00;7,321.41;7,105.00;200;2,67;15,536.00;113,745,465.00
2021-08-23;TERPEL;7,600.00;7,695.00;7,376.31;6,990.00;-100;-1,3;48,059.00;354,497,890.00
2021-08-24;TERPEL;7,400.00;7,980.00;7,699.26;7,400.00;-200;-2,63;42,293.00;325,624,625.00
2021-08-25;TERPEL;7,730.00;7,730.00;7,760.84;7,730.00;330;4,46;2,724.00;21,140,520.00
2021-08-26;TERPEL;7,700.00;7,720.00;7,707.96;7,695.00;-30;-0,39;18,477.00;142,419,925.00
2021-08-27;TERPEL;7,660.00;7,700.00;7,685.89;7,650.00;-40;-0,52;7,547.00;58,005,405.00
2021-08-30;TERPEL;7,650.00;7,650.00;7,644.91;7,650.00;-10;-0,13;3,084.00;23,576,910.00
2021-08-31;TERPEL;7,650.00;7,700.00;7,693.04;7,650.00;0;0;14,668.00;112,841,550.00
2021-09-01;TERPEL;7,635.00;7,635.00;7,579.39;7,560.00;-15;-0,2;8,680.00;65,789,115.00
2021-09-02;TERPEL;7,700.00;7,800.00;7,711.65;7,700.00;65;0,85;70,285.00;542,013,570.00
2021-09-03;TERPEL;7,650.00;7,800.00;7,718.29;7,650.00;-50;-0,65;12,740.00;98,330,990.00
2021-09-06;TERPEL;7,650.00;0.00;7,677.60;0.00;0;0;125.00;959,700.00
2021-09-07;TERPEL;7,650.00;7,700.00;7,680.28;7,650.00;0;0;29,243.00;224,594,310.00
2021-09-08;TERPEL;7,650.00;0.00;7,788.30;0.00;0;0;1,611.00;12,546,950.00
2021-09-09;TERPEL;7,650.00;0.00;7,752.74;0.00;0;0;785.00;6,085,900.00
2021-09-10;TERPEL;7,700.00;7,700.00;7,694.66;7,700.00;50;0,65;4,439.00;34,156,580.00
2021-09-13;TERPEL;7,700.00;7,705.00;7,708.02;7,700.00;0;0;6,770.00;52,183,280.00
2021-09-14;TERPEL;7,700.00;0.00;7,735.71;0.00;0;0;35.00;270,750.00
2021-09-15;TERPEL;7,650.00;7,650.00;7,725.03;7,650.00;-50;-0,65;3,268.00;25,245,390.00
2021-09-16;TERPEL;7,650.00;0.00;7,854.12;0.00;0;0;340.00;2,670,400.00
2021-09-17;TERPEL;7,925.00;7,950.00;7,915.78;7,900.00;275;3,59;7,216.00;57,120,250.00
2021-09-20;TERPEL;7,925.00;0.00;7,817.04;0.00;0;0;3,392.00;26,515,400.00
2021-09-21;TERPEL;7,850.00;7,850.00;7,827.30;7,800.00;-75;-0,95;4,486.00;35,113,250.00
2021-09-22;TERPEL;7,850.00;7,850.00;7,846.16;7,850.00;0;0;3,553.00;27,877,420.00
2021-09-23;TERPEL;7,820.00;7,895.00;7,870.86;7,820.00;-30;-0,38;8,632.00;67,941,290.00
2021-09-24;TERPEL;7,895.00;7,900.00;7,894.37;7,890.00;75;0,96;14,627.00;115,470,915.00
2021-09-27;TERPEL;7,900.00;7,980.00;7,913.56;7,900.00;5;0,06;8,025.00;63,506,285.00
2021-09-28;TERPEL;7,860.00;7,950.00;7,927.44;7,860.00;-40;-0,51;25,111.00;199,065,965.00
2021-09-29;TERPEL;8,090.00;8,090.00;7,969.19;7,950.00;230;2,93;29,993.00;239,019,915.00
2021-09-30;TERPEL;8,000.00;8,100.00;8,042.87;7,980.00;-90;-1,11;16,228.00;130,519,700.00
2021-10-01;TERPEL;8,100.00;8,100.00;8,099.34;8,100.00;100;1,25;6,118.00;49,551,775.00
2021-10-04;TERPEL;8,110.00;8,150.00;8,136.70;8,110.00;10;0,12;10,669.00;86,810,440.00
2021-10-05;TERPEL;8,180.00;8,200.00;8,185.49;8,180.00;70;0,86;38,923.00;318,603,920.00
2021-10-06;TERPEL;8,190.00;8,290.00;8,190.16;8,180.00;10;0,12;639,998.00;5,241,684,530.00
2021-10-07;TERPEL;8,390.00;8,390.00;8,256.23;8,190.00;200;2,44;44,975.00;371,323,765.00
2021-10-08;TERPEL;8,345.00;8,390.00;8,370.23;8,345.00;-45;-0,54;18,060.00;151,166,305.00
2021-10-11;TERPEL;8,395.00;8,500.00;8,424.47;8,395.00;50;0,6;42,545.00;358,418,930.00
2021-10-12;TERPEL;8,350.00;8,390.00;8,370.24;8,350.00;-45;-0,54;17,554.00;146,931,215.00
2021-10-13;TERPEL;8,385.00;8,385.00;8,385.09;8,385.00;35;0,42;1,316.00;11,034,785.00
2021-10-14;TERPEL;8,690.00;8,750.00;8,621.58;8,390.00;305;3,64;17,032.00;146,842,805.00
2021-10-15;TERPEL;8,600.00;8,600.00;8,577.98;8,400.00;-90;-1,04;9,188.00;78,814,500.00
2021-10-19;TERPEL;8,700.00;8,745.00;8,688.63;8,650.00;100;1,16;17,248.00;149,861,470.00
2021-10-20;TERPEL;8,700.00;8,745.00;8,717.33;8,700.00;0;0;8,545.00;74,489,595.00
2021-10-21;TERPEL;8,650.00;8,700.00;8,664.28;8,650.00;-50;-0,57;9,923.00;85,975,650.00
2021-10-22;TERPEL;8,450.00;8,450.00;8,591.63;8,450.00;-200;-2,31;1,654.00;14,210,550.00
2021-10-25;TERPEL;8,640.00;8,640.00;8,634.94;8,640.00;190;2,25;3,607.00;31,146,240.00
2021-10-26;TERPEL;8,685.00;8,700.00;8,694.70;8,685.00;45;0,52;5,951.00;51,742,135.00
2021-10-27;TERPEL;8,650.00;8,700.00;8,668.10;8,650.00;-35;-0,4;7,742.00;67,108,450.00
2021-10-28;TERPEL;8,810.00;8,810.00;8,718.04;8,680.00;160;1,85;26,642.00;232,266,065.00
2021-10-29;TERPEL;8,790.00;8,805.00;8,750.06;8,790.00;-20;-0,23;5,393.00;47,189,070.00
2021-11-02;TERPEL;8,500.00;8,790.00;8,359.39;8,000.00;-290;-3,3;45,217.00;377,986,650.00
2021-11-03;TERPEL;8,700.00;8,700.00;8,566.31;8,490.00;200;2,35;10,027.00;85,894,360.00
2021-11-04;TERPEL;8,600.00;8,660.00;8,635.75;8,600.00;-100;-1,15;4,482.00;38,705,425.00
2021-11-05;TERPEL;8,515.00;8,620.00;8,579.81;8,515.00;-85;-0,99;9,665.00;82,923,855.00
2021-11-08;TERPEL;8,720.00;8,900.00;8,780.58;8,700.00;205;2,41;20,361.00;178,781,300.00
2021-11-09;TERPEL;8,750.00;8,790.00;8,732.75;8,700.00;30;0,34;27,655.00;241,504,240.00
2021-11-10;TERPEL;8,500.00;8,625.00;8,619.65;8,500.00;-250;-2,86;18,689.00;161,092,710.00
2021-11-11;TERPEL;8,670.00;8,760.00;8,687.62;8,600.00;170;2;23,619.00;205,192,995.00
2021-11-12;TERPEL;8,650.00;8,650.00;8,694.65;8,650.00;-20;-0,23;4,215.00;36,647,955.00
2021-11-16;TERPEL;8,610.00;8,780.00;8,637.47;8,600.00;-40;-0,46;12,487.00;107,856,070.00
2021-11-17;TERPEL;8,590.00;8,590.00;8,565.99;8,590.00;-20;-0,23;2,267.00;19,419,110.00
2021-11-18;TERPEL;8,590.00;8,590.00;8,590.22;8,590.00;0;0;1,737.00;14,921,210.00
2021-11-19;TERPEL;8,455.00;8,500.00;8,482.07;8,370.00;-135;-1,57;20,884.00;177,139,500.00
2021-11-22;TERPEL;8,750.00;8,750.00;8,650.96;8,680.00;295;3,49;6,923.00;59,890,565.00
2021-11-23;TERPEL;8,560.00;8,560.00;8,572.93;8,560.00;-190;-2,17;1,679.00;14,393,950.00
2021-11-24;TERPEL;8,500.00;8,500.00;8,498.42;8,500.00;-60;-0,7;7,141.00;60,687,190.00
2021-11-25;TERPEL;8,500.00;8,300.00;8,415.54;8,300.00;0;0;6,476.00;54,499,005.00
2021-11-26;TERPEL;8,400.00;8,400.00;8,376.42;8,330.00;-100;-1,18;12,319.00;103,189,115.00
2021-11-29;TERPEL;8,600.00;8,625.00;8,586.10;8,600.00;200;2,38;5,918.00;50,812,530.00
2021-11-30;TERPEL;8,370.00;8,590.00;8,460.03;8,370.00;-230;-2,67;31,262.00;264,477,350.00
2021-12-01;TERPEL;8,450.00;8,630.00;8,561.37;8,370.00;80;0,96;124,424.00;1,065,239,775.00
2021-12-02;TERPEL;8,500.00;8,500.00;8,597.46;8,500.00;50;0,59;10,211.00;87,788,700.00
2021-12-03;TERPEL;8,780.00;8,780.00;8,703.93;8,680.00;280;3,29;27,770.00;241,708,095.00
2021-12-06;TERPEL;8,790.00;8,790.00;8,732.09;8,650.00;10;0,11;18,315.00;159,928,165.00
2021-12-07;TERPEL;9,000.00;9,000.00;8,884.73;8,830.00;210;2,39;29,740.00;264,231,780.00
2021-12-09;TERPEL;9,000.00;9,000.00;8,987.95;8,900.00;0;0;42,973.00;386,239,080.00
2021-12-10;TERPEL;9,000.00;9,000.00;8,987.41;9,000.00;0;0;4,558.00;40,964,610.00
2021-12-13;TERPEL;8,900.00;9,000.00;8,907.82;8,900.00;-100;-1,11;28,412.00;253,088,900.00
2021-12-14;TERPEL;8,900.00;9,000.00;8,948.47;8,900.00;0;0;7,124.00;63,748,915.00
2021-12-15;TERPEL;8,900.00;8,900.00;8,867.86;8,800.00;0;0;9,403.00;83,384,490.00
2021-12-16;TERPEL;9,000.00;9,000.00;8,999.27;8,995.00;100;1,12;35,736.00;321,597,795.00
2021-12-17;TERPEL;8,900.00;8,905.00;8,905.00;8,900.00;-100;-1,11;5,915.00;52,673,080.00
2021-12-20;TERPEL;8,750.00;8,800.00;8,806.86;8,750.00;-150;-1,69;13,213.00;116,365,070.00
2021-12-21;TERPEL;8,990.00;8,990.00;8,814.27;8,750.00;240;2,74;32,546.00;286,869,315.00
2021-12-22;TERPEL;9,000.00;9,000.00;8,982.74;9,000.00;10;0,11;2,744.00;24,648,645.00
2021-12-23;TERPEL;9,700.00;9,790.00;9,467.61;9,100.00;700;7,78;106,650.00;1,009,720,180.00
2021-12-24;TERPEL;9,600.00;9,890.00;9,706.48;9,600.00;-100;-1,03;10,652.00;103,393,425.00
2021-12-27;TERPEL;9,875.00;9,875.00;9,786.15;9,600.00;275;2,86;23,151.00;226,559,085.00
2021-12-28;TERPEL;9,900.00;9,990.00;9,897.59;9,800.00;25;0,25;37,186.00;368,051,875.00
2021-12-29;TERPEL;10,100.00;10,100.00;9,999.68;9,970.00;200;2,02;34,307.00;343,059,150.00
2021-12-30;TERPEL;10,340.00;10,400.00;10,308.40;10,190.00;240;2,38;35,834.00;369,391,100.00
2021-01-04;TERPEL;8,400.00;8,500.00;8,456.81;8,345.00;-200;-2,33;10,281.00;86,944,440.00
2021-01-05;TERPEL;8,490.00;8,490.00;8,348.52;8,300.00;90;1,07;6,804.00;56,803,360.00
2021-01-06;TERPEL;8,490.00;0.00;8,534.90;0.00;0;0;1,122.00;9,576,160.00
2021-01-07;TERPEL;8,495.00;8,495.00;8,425.46;8,400.00;5;0,06;5,720.00;48,193,635.00
2021-01-08;TERPEL;8,280.00;8,290.00;8,265.49;8,220.00;-215;-2,53;12,391.00;102,417,740.00
2021-01-12;TERPEL;8,445.00;8,445.00;8,416.44;8,400.00;165;1,99;3,963.00;33,354,350.00
2021-01-13;TERPEL;8,310.00;8,310.00;8,311.50;8,275.00;-135;-1,6;6,349.00;52,769,720.00
2021-01-14;TERPEL;8,400.00;8,400.00;8,363.75;8,330.00;90;1,08;7,089.00;59,290,620.00
2021-01-15;TERPEL;8,480.00;8,480.00;8,385.14;8,300.00;80;0,95;39,076.00;327,657,785.00
2021-01-18;TERPEL;8,480.00;0.00;8,450.00;0.00;0;0;186.00;1,571,700.00
2021-01-19;TERPEL;8,480.00;0.00;8,324.30;0.00;0;0;2,554.00;21,260,250.00
2021-01-20;TERPEL;8,480.00;0.00;8,451.95;0.00;0;0;741.00;6,262,895.00
2021-01-21;TERPEL;8,330.00;8,330.00;8,363.39;8,320.00;-150;-1,77;4,761.00;39,818,085.00
2021-01-22;TERPEL;8,465.00;8,465.00;8,356.33;8,300.00;135;1,62;6,434.00;53,764,610.00
2021-01-25;TERPEL;8,295.00;8,295.00;8,312.91;8,295.00;-170;-2,01;3,364.00;27,964,615.00
2021-01-26;TERPEL;8,295.00;0.00;8,421.00;0.00;0;0;1,646.00;13,860,960.00
2021-01-27;TERPEL;8,250.00;8,250.00;8,279.19;8,250.00;-45;-0,54;4,553.00;37,695,145.00
2021-01-28;TERPEL;8,250.00;0.00;8,214.39;0.00;0;0;212.00;1,741,450.00
2021-01-29;TERPEL;7,800.00;8,215.00;7,871.95;7,800.00;-450;-5,45;167,333.00;1,317,237,410.00
2021-02-01;TERPEL;7,800.00;7,985.00;7,829.34;7,800.00;0;0;46,802.00;366,428,600.00
2021-02-02;TERPEL;7,800.00;7,800.00;7,800.15;7,800.00;0;0;51,027.00;398,018,130.00
2021-02-03;TERPEL;7,780.00;7,820.00;7,810.57;7,780.00;-20;-0,26;15,393.00;120,228,120.00
2021-02-04;TERPEL;7,800.00;7,800.00;7,836.98;7,800.00;20;0,26;1,700.00;13,322,870.00
2021-02-05;TERPEL;7,950.00;7,980.00;7,970.68;7,950.00;150;1,92;6,485.00;51,689,840.00
2021-02-08;TERPEL;7,915.00;7,970.00;7,945.39;7,915.00;-35;-0,44;7,698.00;61,163,630.00
2021-02-09;TERPEL;8,000.00;8,000.00;7,975.75;7,950.00;85;1,07;9,768.00;77,907,160.00
2021-02-10;TERPEL;8,000.00;8,000.00;8,014.70;8,000.00;0;0;1,990.00;15,949,250.00
2021-02-11;TERPEL;7,970.00;7,970.00;7,952.07;7,940.00;-30;-0,38;3,179.00;25,279,630.00
2021-02-12;TERPEL;8,000.00;8,000.00;7,948.36;7,900.00;30;0,38;9,170.00;72,886,500.00
2021-02-15;TERPEL;8,050.00;8,050.00;8,050.00;8,050.00;50;0,63;1,200.00;9,660,000.00
2021-02-16;TERPEL;7,920.00;8,000.00;7,960.30;7,920.00;-130;-1,61;3,531.00;28,107,805.00
2021-02-17;TERPEL;7,950.00;8,100.00;8,056.02;7,950.00;30;0,38;15,519.00;125,021,440.00
2021-02-18;TERPEL;7,950.00;0.00;0.00;0.00;0;0;0.00;0.00
2021-02-19;TERPEL;7,930.00;8,210.00;7,990.56;7,925.00;-20;-0,25;22,900.00;182,983,820.00
2021-02-22;TERPEL;8,050.00;8,050.00;8,003.10;8,050.00;120;1,51;3,685.00;29,491,410.00
2021-02-23;TERPEL;7,895.00;8,055.00;7,900.66;7,800.00;-155;-1,93;10,370.00;81,929,890.00
2021-02-24;TERPEL;8,000.00;8,000.00;7,913.62;7,850.00;105;1,33;6,263.00;49,563,000.00
2021-02-25;TERPEL;8,000.00;8,000.00;7,996.16;8,000.00;0;0;3,743.00;29,929,610.00
2021-02-26;TERPEL;7,820.00;7,900.00;7,856.95;7,820.00;-180;-2,25;4,473.00;35,144,120.00
2021-03-01;TERPEL;7,990.00;7,990.00;7,916.77;7,800.00;170;2,17;6,993.00;55,361,945.00
2021-03-02;TERPEL;7,990.00;0.00;7,993.33;0.00;0;0;3.00;23,980.00
2021-03-03;TERPEL;7,750.00;7,755.00;7,775.59;7,750.00;-240;-3;10,085.00;78,416,790.00
2021-03-04;TERPEL;7,800.00;7,800.00;7,818.80;7,800.00;50;0,65;7,200.00;56,295,375.00
2021-03-05;TERPEL;7,940.00;7,940.00;7,866.04;7,800.00;140;1,79;29,574.00;232,630,155.00
2021-03-08;TERPEL;7,940.00;7,940.00;7,937.75;7,935.00;0;0;7,459.00;59,207,685.00
2021-03-09;TERPEL;7,930.00;7,930.00;7,930.03;7,930.00;-10;-0,13;8,217.00;65,161,030.00
2021-03-10;TERPEL;7,800.00;7,820.00;7,812.31;7,800.00;-130;-1,64;22,801.00;178,128,430.00
2021-03-11;TERPEL;7,800.00;0.00;7,927.17;0.00;0;0;8,207.00;65,058,275.00
2021-03-12;TERPEL;8,100.00;8,100.00;7,971.02;7,940.00;300;3,85;62,574.00;498,778,480.00
2021-03-15;TERPEL;7,890.00;7,890.00;7,920.58;7,890.00;-210;-2,59;10,276.00;81,391,875.00
2021-03-16;TERPEL;7,890.00;0.00;7,912.28;0.00;0;0;3,870.00;30,620,535.00
2021-03-17;TERPEL;7,890.00;0.00;7,821.86;0.00;0;0;5,602.00;43,818,080.00
2021-03-18;TERPEL;7,800.00;7,800.00;7,793.08;7,800.00;-90;-1,14;7,413.00;57,770,085.00
2021-03-19;TERPEL;7,800.00;0.00;7,807.05;0.00;0;0;681.00;5,316,600.00
2021-03-23;TERPEL;7,800.00;7,800.00;7,816.49;7,800.00;0;0;7,351.00;57,459,020.00
2021-03-24;TERPEL;7,990.00;8,030.00;8,006.21;7,990.00;190;2,44;2,600.00;20,816,140.00
2021-03-25;TERPEL;7,800.00;7,805.00;7,805.35;7,800.00;-190;-2,38;22,404.00;174,871,030.00
2021-03-26;TERPEL;7,750.00;7,825.00;7,791.43;7,750.00;-50;-0,64;14,748.00;114,908,075.00
2021-03-29;TERPEL;7,750.00;0.00;7,774.19;0.00;0;0;6,278.00;48,806,345.00
2021-03-30;TERPEL;7,750.00;7,750.00;7,751.62;7,750.00;0;0;10,375.00;80,423,095.00
2021-03-31;TERPEL;7,750.00;7,750.00;7,767.90;7,750.00;0;0;1,630.00;12,661,680.00
2021-04-05;TERPEL;7,750.00;0.00;7,898.14;0.00;0;0;59.00;465,990.00
2021-04-06;TERPEL;7,750.00;0.00;7,851.78;0.00;0;0;286.00;2,245,610.00
2021-04-07;TERPEL;7,760.00;7,760.00;7,766.68;7,760.00;10;0,13;2,284.00;17,739,095.00
2021-04-08;TERPEL;7,895.00;7,895.00;7,861.64;7,800.00;135;1,74;6,229.00;48,970,155.00
2021-04-09;TERPEL;7,895.00;0.00;7,819.77;0.00;0;0;641.00;5,012,475.00
2021-04-12;TERPEL;7,785.00;7,785.00;7,815.59;7,785.00;-110;-1,39;2,073.00;16,201,725.00
2021-04-13;TERPEL;7,785.00;0.00;7,792.07;0.00;0;0;440.00;3,428,510.00
2021-04-14;TERPEL;7,900.00;7,900.00;7,861.65;7,800.00;115;1,48;9,613.00;75,574,080.00
2021-04-15;TERPEL;7,940.00;7,940.00;7,851.58;7,550.00;40;0,51;12,466.00;97,877,830.00
2021-04-16;TERPEL;7,915.00;7,915.00;7,904.99;7,915.00;-25;-0,31;11,789.00;93,191,900.00
2021-04-19;TERPEL;7,875.00;7,875.00;7,764.11;7,615.00;-40;-0,51;8,790.00;68,246,495.00
2021-04-20;TERPEL;7,875.00;0.00;7,717.33;0.00;0;0;75.00;578,800.00
2021-04-21;TERPEL;7,910.00;7,910.00;7,787.50;7,910.00;35;0,44;2,755.00;21,454,560.00
2021-04-22;TERPEL;7,685.00;7,685.00;7,702.29;7,685.00;-225;-2,84;2,849.00;21,943,810.00
2021-04-23;TERPEL;7,685.00;0.00;7,855.58;0.00;0;0;190.00;1,492,560.00
2021-04-26;TERPEL;7,700.00;7,700.00;7,651.58;7,700.00;15;0,2;3,242.00;24,806,410.00
2021-04-27;TERPEL;7,840.00;7,840.00;7,831.65;7,840.00;140;1,82;2,366.00;18,529,675.00
2021-04-28;TERPEL;7,560.00;7,720.00;7,713.36;7,535.00;-280;-3,57;105,903.00;816,867,875.00
2021-04-29;TERPEL;7,560.00;0.00;7,732.67;0.00;0;0;3,959.00;30,613,640.00
2021-04-30;TERPEL;7,565.00;7,565.00;7,568.79;7,565.00;5;0,07;3,231.00;24,454,755.00
2021-05-03;TERPEL;7,560.00;7,560.00;7,563.60;7,560.00;-5;-0,07;1,063.00;8,040,110.00
2021-05-04;TERPEL;7,320.00;7,325.00;7,361.16;7,320.00;-240;-3,17;2,597.00;19,116,930.00
2021-05-05;TERPEL;7,495.00;7,495.00;7,494.63;7,495.00;175;2,39;3,302.00;24,747,260.00
2021-05-06;TERPEL;7,400.00;7,460.00;7,445.42;7,400.00;-95;-1,27;8,276.00;61,618,260.00
2021-05-07;TERPEL;7,400.00;0.00;7,719.58;0.00;0;0;984.00;7,596,065.00
2021-05-10;TERPEL;7,725.00;7,725.00;7,713.06;7,725.00;325;4,39;3,384.00;26,101,005.00
2021-05-11;TERPEL;7,725.00;0.00;7,605.86;0.00;0;0;1,677.00;12,755,025.00
2021-05-12;TERPEL;7,940.00;7,940.00;7,776.49;7,715.00;215;2,78;27,164.00;211,240,555.00
2021-05-13;TERPEL;7,910.00;7,910.00;7,873.89;7,910.00;-30;-0,38;1,583.00;12,464,375.00
2021-05-14;TERPEL;7,900.00;7,900.00;7,896.76;7,890.00;-10;-0,13;17,209.00;135,895,370.00
2021-05-18;TERPEL;7,900.00;0.00;7,551.23;0.00;0;0;159.00;1,200,645.00
2021-05-19;TERPEL;7,900.00;0.00;7,826.30;0.00;0;0;1,161.00;9,086,330.00
2021-05-20;TERPEL;7,900.00;0.00;7,696.74;0.00;0;0;548.00;4,217,815.00
2021-05-21;TERPEL;7,900.00;0.00;7,760.26;0.00;0;0;39.00;302,650.00
2021-05-24;TERPEL;7,900.00;0.00;7,638.51;0.00;0;0;121.00;924,260.00
2021-05-25;TERPEL;7,900.00;0.00;7,521.36;0.00;0;0;253.00;1,902,905.00
2021-05-26;TERPEL;7,490.00;7,505.00;7,452.94;7,310.00;-410;-5,19;14,621.00;108,969,465.00
2021-05-27;TERPEL;6,745.00;7,510.00;6,767.10;6,745.00;-745;-9,95;122,650.00;829,985,170.00
2021-05-28;TERPEL;7,340.00;7,350.00;7,125.70;7,000.00;595;8,82;187,147.00;1,333,553,140.00
2021-05-31;TERPEL;7,350.00;7,350.00;7,320.42;7,100.00;10;0,14;25,689.00;188,054,300.00
2021-06-01;TERPEL;7,350.00;0.00;7,384.57;0.00;0;0;94.00;694,150.00
2021-06-02;TERPEL;7,480.00;7,480.00;7,432.64;7,480.00;130;1,77;2,760.00;20,514,085.00
2021-06-03;TERPEL;7,480.00;0.00;7,480.00;0.00;0;0;278.00;2,079,440.00
2021-06-04;TERPEL;7,450.00;7,450.00;7,415.26;7,450.00;-30;-0,4;1,630.00;12,086,870.00
2021-06-08;TERPEL;7,480.00;7,480.00;7,470.78;7,450.00;30;0,4;8,564.00;63,979,780.00
2021-06-09;TERPEL;7,480.00;7,480.00;7,512.99;7,400.00;0;0;16,205.00;121,747,940.00
2021-06-10;TERPEL;7,470.00;7,480.00;7,452.91;7,350.00;-10;-0,13;9,863.00;73,508,100.00
2021-06-11;TERPEL;7,500.00;7,500.00;7,501.77;7,500.00;30;0,4;3,326.00;24,950,895.00
2021-06-15;TERPEL;7,410.00;7,490.00;7,461.74;7,410.00;-90;-1,2;11,771.00;87,832,140.00
2021-06-16;TERPEL;7,400.00;7,410.00;7,431.24;7,400.00;-10;-0,13;4,960.00;36,858,935.00
2021-06-17;TERPEL;7,400.00;0.00;7,402.55;0.00;0;0;271.00;2,006,090.00
2021-06-18;TERPEL;7,400.00;0.00;7,402.71;0.00;0;0;70.00;518,190.00
2021-06-21;TERPEL;7,400.00;0.00;7,159.40;0.00;0;0;861.00;6,164,245.00
2021-06-22;TERPEL;7,635.00;7,635.00;7,631.86;7,635.00;235;3,18;2,095.00;15,988,755.00
2021-06-23;TERPEL;7,395.00;7,395.00;7,397.14;7,395.00;-240;-3,14;1,419.00;10,496,535.00
2021-06-24;TERPEL;7,400.00;7,400.00;7,379.91;7,395.00;5;0,07;5,508.00;40,648,560.00
2021-06-25;TERPEL;7,200.00;7,200.00;7,227.19;7,200.00;-200;-2,7;3,190.00;23,054,740.00
2021-06-28;TERPEL;7,215.00;7,215.00;7,225.02;7,215.00;15;0,21;3,039.00;21,956,850.00
2021-06-29;TERPEL;7,200.00;7,200.00;7,208.79;7,200.00;-15;-0,21;1,957.00;14,107,600.00
2021-06-30;TERPEL;7,200.00;0.00;7,215.19;0.00;0;0;616.00;4,444,560.00
